Datum von;Datum bis;Generation_DE Block 7 [MW] Berechnete Auflösungen;Generation_DE Block 8 [MW] Berechnete Auflösungen;Generation_DE Block 8 Wasserturbine [MW] Berechnete Auflösungen;Generation_DE Block 4S GT [MW] Berechnete Auflösungen;Generation_DE Block 4S DT [MW] Berechnete Auflösungen
26.08.2025 00:00;26.08.2025 00:15;-;201,500;-;-;-
26.08.2025 00:15;26.08.2025 00:30;-;201,500;-;-;-
26.08.2025 00:30;26.08.2025 00:45;-;201,500;-;-;-
26.08.2025 00:45;26.08.2025 01:00;-;201,500;-;-;-
26.08.2025 01:00;26.08.2025 01:15;-;201,500;-;-;-
26.08.2025 01:15;26.08.2025 01:30;-;201,500;-;-;-
26.08.2025 01:30;26.08.2025 01:45;-;201,500;-;-;-
26.08.2025 01:45;26.08.2025 02:00;-;201,500;-;-;-
26.08.2025 02:00;26.08.2025 02:15;-;201,500;-;-;-
26.08.2025 02:15;26.08.2025 02:30;-;201,500;-;-;-
26.08.2025 02:30;26.08.2025 02:45;-;201,500;-;-;-
26.08.2025 02:45;26.08.2025 03:00;-;201,500;-;-;-
26.08.2025 03:00;26.08.2025 03:15;-;201,500;-;-;-
26.08.2025 03:15;26.08.2025 03:30;-;201,500;-;-;-
26.08.2025 03:30;26.08.2025 03:45;-;201,500;-;-;-
26.08.2025 03:45;26.08.2025 04:00;-;201,500;-;-;-
26.08.2025 04:00;26.08.2025 04:15;-;201,500;-;-;-
26.08.2025 04:15;26.08.2025 04:30;-;201,500;-;-;-
26.08.2025 04:30;26.08.2025 04:45;-;201,500;-;-;-
26.08.2025 04:45;26.08.2025 05:00;-;201,500;-;-;-
26.08.2025 05:00;26.08.2025 05:15;-;201,750;-;-;-
26.08.2025 05:15;26.08.2025 05:30;-;201,750;-;-;-
26.08.2025 05:30;26.08.2025 05:45;-;201,750;-;-;-
26.08.2025 05:45;26.08.2025 06:00;-;201,750;-;-;-
26.08.2025 06:00;26.08.2025 06:15;-;201,500;-;-;-
26.08.2025 06:15;26.08.2025 06:30;-;201,500;-;-;-
26.08.2025 06:30;26.08.2025 06:45;-;201,500;-;-;-
26.08.2025 06:45;26.08.2025 07:00;-;201,500;-;-;-
26.08.2025 07:00;26.08.2025 07:15;-;201,250;-;-;-
26.08.2025 07:15;26.08.2025 07:30;-;201,250;-;-;-
26.08.2025 07:30;26.08.2025 07:45;-;201,250;-;-;-
26.08.2025 07:45;26.08.2025 08:00;-;201,250;-;-;-
26.08.2025 08:00;26.08.2025 08:15;-;201,500;-;-;-
26.08.2025 08:15;26.08.2025 08:30;-;201,500;-;-;-
26.08.2025 08:30;26.08.2025 08:45;-;201,500;-;-;-
26.08.2025 08:45;26.08.2025 09:00;-;201,500;-;-;-
26.08.2025 09:00;26.08.2025 09:15;-;118,000;-;-;-
26.08.2025 09:15;26.08.2025 09:30;-;118,000;-;-;-
26.08.2025 09:30;26.08.2025 09:45;-;118,000;-;-;-
26.08.2025 09:45;26.08.2025 10:00;-;118,000;-;-;-
26.08.2025 10:00;26.08.2025 10:15;-;64,000;-;-;-
26.08.2025 10:15;26.08.2025 10:30;-;64,000;-;-;-
26.08.2025 10:30;26.08.2025 10:45;-;64,000;-;-;-
26.08.2025 10:45;26.08.2025 11:00;-;64,000;-;-;-
26.08.2025 11:00;26.08.2025 11:15;-;0,000;-;-;-
26.08.2025 11:15;26.08.2025 11:30;-;0,000;-;-;-
26.08.2025 11:30;26.08.2025 11:45;-;0,000;-;-;-
26.08.2025 11:45;26.08.2025 12:00;-;0,000;-;-;-
26.08.2025 12:00;26.08.2025 12:15;-;0,000;-;-;-
26.08.2025 12:15;26.08.2025 12:30;-;0,000;-;-;-
26.08.2025 12:30;26.08.2025 12:45;-;0,000;-;-;-
26.08.2025 12:45;26.08.2025 13:00;-;0,000;-;-;-
26.08.2025 13:00;26.08.2025 13:15;-;0,000;-;-;-
26.08.2025 13:15;26.08.2025 13:30;-;0,000;-;-;-
26.08.2025 13:30;26.08.2025 13:45;-;0,000;-;-;-
26.08.2025 13:45;26.08.2025 14:00;-;0,000;-;-;-
26.08.2025 14:00;26.08.2025 14:15;-;0,000;-;-;-
26.08.2025 14:15;26.08.2025 14:30;-;0,000;-;-;-
26.08.2025 14:30;26.08.2025 14:45;-;0,000;-;-;-
26.08.2025 14:45;26.08.2025 15:00;-;0,000;-;-;-
26.08.2025 15:00;26.08.2025 15:15;-;0,000;-;-;-
26.08.2025 15:15;26.08.2025 15:30;-;0,000;-;-;-
26.08.2025 15:30;26.08.2025 15:45;-;0,000;-;-;-
26.08.2025 15:45;26.08.2025 16:00;-;0,000;-;-;-
26.08.2025 16:00;26.08.2025 16:15;-;85,500;-;-;-
26.08.2025 16:15;26.08.2025 16:30;-;85,500;-;-;-
26.08.2025 16:30;26.08.2025 16:45;-;85,500;-;-;-
26.08.2025 16:45;26.08.2025 17:00;-;85,500;-;-;-
26.08.2025 17:00;26.08.2025 17:15;-;165,000;-;-;-
26.08.2025 17:15;26.08.2025 17:30;-;165,000;-;-;-
26.08.2025 17:30;26.08.2025 17:45;-;165,000;-;-;-
26.08.2025 17:45;26.08.2025 18:00;-;165,000;-;-;-
26.08.2025 18:00;26.08.2025 18:15;-;198,500;-;-;-
26.08.2025 18:15;26.08.2025 18:30;-;198,500;-;-;-
26.08.2025 18:30;26.08.2025 18:45;-;198,500;-;-;-
26.08.2025 18:45;26.08.2025 19:00;-;198,500;-;-;-
26.08.2025 19:00;26.08.2025 19:15;-;201,250;-;-;-
26.08.2025 19:15;26.08.2025 19:30;-;201,250;-;-;-
26.08.2025 19:30;26.08.2025 19:45;-;201,250;-;-;-
26.08.2025 19:45;26.08.2025 20:00;-;201,250;-;-;-
26.08.2025 20:00;26.08.2025 20:15;-;201,250;-;-;-
26.08.2025 20:15;26.08.2025 20:30;-;201,250;-;-;-
26.08.2025 20:30;26.08.2025 20:45;-;201,250;-;-;-
26.08.2025 20:45;26.08.2025 21:00;-;201,250;-;-;-
26.08.2025 21:00;26.08.2025 21:15;-;201,250;-;-;-
26.08.2025 21:15;26.08.2025 21:30;-;201,250;-;-;-
26.08.2025 21:30;26.08.2025 21:45;-;201,250;-;-;-
26.08.2025 21:45;26.08.2025 22:00;-;201,250;-;-;-
26.08.2025 22:00;26.08.2025 22:15;-;201,250;-;-;-
26.08.2025 22:15;26.08.2025 22:30;-;201,250;-;-;-
26.08.2025 22:30;26.08.2025 22:45;-;201,250;-;-;-
26.08.2025 22:45;26.08.2025 23:00;-;201,250;-;-;-
26.08.2025 23:00;26.08.2025 23:15;-;201,000;-;-;-
26.08.2025 23:15;26.08.2025 23:30;-;201,000;-;-;-
26.08.2025 23:30;26.08.2025 23:45;-;201,000;-;-;-
26.08.2025 23:45;27.08.2025 00:00;-;201,000;-;-;-
27.08.2025 00:00;27.08.2025 00:15;-;201,250;-;-;-
27.08.2025 00:15;27.08.2025 00:30;-;201,250;-;-;-
27.08.2025 00:30;27.08.2025 00:45;-;201,250;-;-;-
27.08.2025 00:45;27.08.2025 01:00;-;201,250;-;-;-
27.08.2025 01:00;27.08.2025 01:15;-;201,000;-;-;-
27.08.2025 01:15;27.08.2025 01:30;-;201,000;-;-;-
27.08.2025 01:30;27.08.2025 01:45;-;201,000;-;-;-
27.08.2025 01:45;27.08.2025 02:00;-;201,000;-;-;-
27.08.2025 02:00;27.08.2025 02:15;-;201,000;-;-;-
27.08.2025 02:15;27.08.2025 02:30;-;201,000;-;-;-
27.08.2025 02:30;27.08.2025 02:45;-;201,000;-;-;-
27.08.2025 02:45;27.08.2025 03:00;-;201,000;-;-;-
27.08.2025 03:00;27.08.2025 03:15;-;200,750;-;-;-
27.08.2025 03:15;27.08.2025 03:30;-;200,750;-;-;-
27.08.2025 03:30;27.08.2025 03:45;-;200,750;-;-;-
27.08.2025 03:45;27.08.2025 04:00;-;200,750;-;-;-
27.08.2025 04:00;27.08.2025 04:15;-;200,250;-;-;-
27.08.2025 04:15;27.08.2025 04:30;-;200,250;-;-;-
27.08.2025 04:30;27.08.2025 04:45;-;200,250;-;-;-
27.08.2025 04:45;27.08.2025 05:00;-;200,250;-;-;-
27.08.2025 05:00;27.08.2025 05:15;-;200,000;-;-;-
27.08.2025 05:15;27.08.2025 05:30;-;200,000;-;-;-
27.08.2025 05:30;27.08.2025 05:45;-;200,000;-;-;-
27.08.2025 05:45;27.08.2025 06:00;-;200,000;-;-;-
27.08.2025 06:00;27.08.2025 06:15;-;202,250;-;-;-
27.08.2025 06:15;27.08.2025 06:30;-;202,250;-;-;-
27.08.2025 06:30;27.08.2025 06:45;-;202,250;-;-;-
27.08.2025 06:45;27.08.2025 07:00;-;202,250;-;-;-
27.08.2025 07:00;27.08.2025 07:15;-;203,000;-;-;-
27.08.2025 07:15;27.08.2025 07:30;-;203,000;-;-;-
27.08.2025 07:30;27.08.2025 07:45;-;203,000;-;-;-
27.08.2025 07:45;27.08.2025 08:00;-;203,000;-;-;-
27.08.2025 08:00;27.08.2025 08:15;-;204,250;-;-;-
27.08.2025 08:15;27.08.2025 08:30;-;204,250;-;-;-
27.08.2025 08:30;27.08.2025 08:45;-;204,250;-;-;-
27.08.2025 08:45;27.08.2025 09:00;-;204,250;-;-;-
27.08.2025 09:00;27.08.2025 09:15;-;202,750;-;-;-
27.08.2025 09:15;27.08.2025 09:30;-;202,750;-;-;-
27.08.2025 09:30;27.08.2025 09:45;-;202,750;-;-;-
27.08.2025 09:45;27.08.2025 10:00;-;202,750;-;-;-
27.08.2025 10:00;27.08.2025 10:15;-;22,250;-;-;-
27.08.2025 10:15;27.08.2025 10:30;-;22,250;-;-;-
27.08.2025 10:30;27.08.2025 10:45;-;22,250;-;-;-
27.08.2025 10:45;27.08.2025 11:00;-;22,250;-;-;-
27.08.2025 11:00;27.08.2025 11:15;-;0,000;-;-;-
27.08.2025 11:15;27.08.2025 11:30;-;0,000;-;-;-
27.08.2025 11:30;27.08.2025 11:45;-;0,000;-;-;-
27.08.2025 11:45;27.08.2025 12:00;-;0,000;-;-;-
27.08.2025 12:00;27.08.2025 12:15;-;15,500;-;-;-
27.08.2025 12:15;27.08.2025 12:30;-;15,500;-;-;-
27.08.2025 12:30;27.08.2025 12:45;-;15,500;-;-;-
27.08.2025 12:45;27.08.2025 13:00;-;15,500;-;-;-
27.08.2025 13:00;27.08.2025 13:15;-;60,000;-;-;-
27.08.2025 13:15;27.08.2025 13:30;-;60,000;-;-;-
27.08.2025 13:30;27.08.2025 13:45;-;60,000;-;-;-
27.08.2025 13:45;27.08.2025 14:00;-;60,000;-;-;-
27.08.2025 14:00;27.08.2025 14:15;-;67,750;-;-;-
27.08.2025 14:15;27.08.2025 14:30;-;67,750;-;-;-
27.08.2025 14:30;27.08.2025 14:45;-;67,750;-;-;-
27.08.2025 14:45;27.08.2025 15:00;-;67,750;-;-;-
27.08.2025 15:00;27.08.2025 15:15;-;100,500;-;-;-
27.08.2025 15:15;27.08.2025 15:30;-;100,500;-;-;-
27.08.2025 15:30;27.08.2025 15:45;-;100,500;-;-;-
27.08.2025 15:45;27.08.2025 16:00;-;100,500;-;-;-
27.08.2025 16:00;27.08.2025 16:15;-;180,000;-;-;-
27.08.2025 16:15;27.08.2025 16:30;-;180,000;-;-;-
27.08.2025 16:30;27.08.2025 16:45;-;180,000;-;-;-
27.08.2025 16:45;27.08.2025 17:00;-;180,000;-;-;-
27.08.2025 17:00;27.08.2025 17:15;-;197,500;-;-;-
27.08.2025 17:15;27.08.2025 17:30;-;197,500;-;-;-
27.08.2025 17:30;27.08.2025 17:45;-;197,500;-;-;-
27.08.2025 17:45;27.08.2025 18:00;-;197,500;-;-;-
27.08.2025 18:00;27.08.2025 18:15;-;200,000;-;-;-
27.08.2025 18:15;27.08.2025 18:30;-;200,000;-;-;-
27.08.2025 18:30;27.08.2025 18:45;-;200,000;-;-;-
27.08.2025 18:45;27.08.2025 19:00;-;200,000;-;-;-
27.08.2025 19:00;27.08.2025 19:15;-;200,500;-;-;-
27.08.2025 19:15;27.08.2025 19:30;-;200,500;-;-;-
27.08.2025 19:30;27.08.2025 19:45;-;200,500;-;-;-
27.08.2025 19:45;27.08.2025 20:00;-;200,500;-;-;-
27.08.2025 20:00;27.08.2025 20:15;-;200,250;-;-;-
27.08.2025 20:15;27.08.2025 20:30;-;200,250;-;-;-
27.08.2025 20:30;27.08.2025 20:45;-;200,250;-;-;-
27.08.2025 20:45;27.08.2025 21:00;-;200,250;-;-;-
27.08.2025 21:00;27.08.2025 21:15;-;200,000;-;-;-
27.08.2025 21:15;27.08.2025 21:30;-;200,000;-;-;-
27.08.2025 21:30;27.08.2025 21:45;-;200,000;-;-;-
27.08.2025 21:45;27.08.2025 22:00;-;200,000;-;-;-
27.08.2025 22:00;27.08.2025 22:15;-;199,750;-;-;-
27.08.2025 22:15;27.08.2025 22:30;-;199,750;-;-;-
27.08.2025 22:30;27.08.2025 22:45;-;199,750;-;-;-
27.08.2025 22:45;27.08.2025 23:00;-;199,750;-;-;-
27.08.2025 23:00;27.08.2025 23:15;-;200,000;-;-;-
27.08.2025 23:15;27.08.2025 23:30;-;200,000;-;-;-
27.08.2025 23:30;27.08.2025 23:45;-;200,000;-;-;-
27.08.2025 23:45;28.08.2025 00:00;-;200,000;-;-;-
28.08.2025 00:00;28.08.2025 00:15;-;200,250;-;-;-
28.08.2025 00:15;28.08.2025 00:30;-;200,250;-;-;-
28.08.2025 00:30;28.08.2025 00:45;-;200,250;-;-;-
28.08.2025 00:45;28.08.2025 01:00;-;200,250;-;-;-
28.08.2025 01:00;28.08.2025 01:15;-;200,250;-;-;-
28.08.2025 01:15;28.08.2025 01:30;-;200,250;-;-;-
28.08.2025 01:30;28.08.2025 01:45;-;200,250;-;-;-
28.08.2025 01:45;28.08.2025 02:00;-;200,250;-;-;-
28.08.2025 02:00;28.08.2025 02:15;-;200,000;-;-;-
28.08.2025 02:15;28.08.2025 02:30;-;200,000;-;-;-
28.08.2025 02:30;28.08.2025 02:45;-;200,000;-;-;-
28.08.2025 02:45;28.08.2025 03:00;-;200,000;-;-;-
28.08.2025 03:00;28.08.2025 03:15;-;200,000;-;-;-
28.08.2025 03:15;28.08.2025 03:30;-;200,000;-;-;-
28.08.2025 03:30;28.08.2025 03:45;-;200,000;-;-;-
28.08.2025 03:45;28.08.2025 04:00;-;200,000;-;-;-
28.08.2025 04:00;28.08.2025 04:15;-;200,000;-;-;-
28.08.2025 04:15;28.08.2025 04:30;-;200,000;-;-;-
28.08.2025 04:30;28.08.2025 04:45;-;200,000;-;-;-
28.08.2025 04:45;28.08.2025 05:00;-;200,000;-;-;-
28.08.2025 05:00;28.08.2025 05:15;-;201,000;-;-;-
28.08.2025 05:15;28.08.2025 05:30;-;201,000;-;-;-
28.08.2025 05:30;28.08.2025 05:45;-;201,000;-;-;-
28.08.2025 05:45;28.08.2025 06:00;-;201,000;-;-;-
28.08.2025 06:00;28.08.2025 06:15;-;202,250;-;-;-
28.08.2025 06:15;28.08.2025 06:30;-;202,250;-;-;-
28.08.2025 06:30;28.08.2025 06:45;-;202,250;-;-;-
28.08.2025 06:45;28.08.2025 07:00;-;202,250;-;-;-
28.08.2025 07:00;28.08.2025 07:15;-;202,500;-;-;-
28.08.2025 07:15;28.08.2025 07:30;-;202,500;-;-;-
28.08.2025 07:30;28.08.2025 07:45;-;202,500;-;-;-
28.08.2025 07:45;28.08.2025 08:00;-;202,500;-;-;-
28.08.2025 08:00;28.08.2025 08:15;-;202,500;-;-;-
28.08.2025 08:15;28.08.2025 08:30;-;202,500;-;-;-
28.08.2025 08:30;28.08.2025 08:45;-;202,500;-;-;-
28.08.2025 08:45;28.08.2025 09:00;-;202,500;-;-;-
28.08.2025 09:00;28.08.2025 09:15;-;202,500;-;-;-
28.08.2025 09:15;28.08.2025 09:30;-;202,500;-;-;-
28.08.2025 09:30;28.08.2025 09:45;-;202,500;-;-;-
28.08.2025 09:45;28.08.2025 10:00;-;202,500;-;-;-
28.08.2025 10:00;28.08.2025 10:15;-;202,250;-;-;-
28.08.2025 10:15;28.08.2025 10:30;-;202,250;-;-;-
28.08.2025 10:30;28.08.2025 10:45;-;202,250;-;-;-
28.08.2025 10:45;28.08.2025 11:00;-;202,250;-;-;-
28.08.2025 11:00;28.08.2025 11:15;-;202,500;-;-;-
28.08.2025 11:15;28.08.2025 11:30;-;202,500;-;-;-
28.08.2025 11:30;28.08.2025 11:45;-;202,500;-;-;-
28.08.2025 11:45;28.08.2025 12:00;-;202,500;-;-;-
28.08.2025 12:00;28.08.2025 12:15;-;202,750;-;-;-
28.08.2025 12:15;28.08.2025 12:30;-;202,750;-;-;-
28.08.2025 12:30;28.08.2025 12:45;-;202,750;-;-;-
28.08.2025 12:45;28.08.2025 13:00;-;202,750;-;-;-
28.08.2025 13:00;28.08.2025 13:15;-;202,250;-;-;-
28.08.2025 13:15;28.08.2025 13:30;-;202,250;-;-;-
28.08.2025 13:30;28.08.2025 13:45;-;202,250;-;-;-
28.08.2025 13:45;28.08.2025 14:00;-;202,250;-;-;-
28.08.2025 14:00;28.08.2025 14:15;-;202,250;-;-;-
28.08.2025 14:15;28.08.2025 14:30;-;202,250;-;-;-
28.08.2025 14:30;28.08.2025 14:45;-;202,250;-;-;-
28.08.2025 14:45;28.08.2025 15:00;-;202,250;-;-;-
28.08.2025 15:00;28.08.2025 15:15;-;202,250;-;-;-
28.08.2025 15:15;28.08.2025 15:30;-;202,250;-;-;-
28.08.2025 15:30;28.08.2025 15:45;-;202,250;-;-;-
28.08.2025 15:45;28.08.2025 16:00;-;202,250;-;-;-
28.08.2025 16:00;28.08.2025 16:15;-;202,500;-;-;-
28.08.2025 16:15;28.08.2025 16:30;-;202,500;-;-;-
28.08.2025 16:30;28.08.2025 16:45;-;202,500;-;-;-
28.08.2025 16:45;28.08.2025 17:00;-;202,500;-;-;-
28.08.2025 17:00;28.08.2025 17:15;-;202,500;-;-;-
28.08.2025 17:15;28.08.2025 17:30;-;202,500;-;-;-
28.08.2025 17:30;28.08.2025 17:45;-;202,500;-;-;-
28.08.2025 17:45;28.08.2025 18:00;-;202,500;-;-;-
28.08.2025 18:00;28.08.2025 18:15;-;202,500;-;-;-
28.08.2025 18:15;28.08.2025 18:30;-;202,500;-;-;-
28.08.2025 18:30;28.08.2025 18:45;-;202,500;-;-;-
28.08.2025 18:45;28.08.2025 19:00;-;202,500;-;-;-
28.08.2025 19:00;28.08.2025 19:15;-;202,500;-;-;-
28.08.2025 19:15;28.08.2025 19:30;-;202,500;-;-;-
28.08.2025 19:30;28.08.2025 19:45;-;202,500;-;-;-
28.08.2025 19:45;28.08.2025 20:00;-;202,500;-;-;-
28.08.2025 20:00;28.08.2025 20:15;-;202,500;-;-;-
28.08.2025 20:15;28.08.2025 20:30;-;202,500;-;-;-
28.08.2025 20:30;28.08.2025 20:45;-;202,500;-;-;-
28.08.2025 20:45;28.08.2025 21:00;-;202,500;-;-;-
28.08.2025 21:00;28.08.2025 21:15;-;202,500;-;-;-
28.08.2025 21:15;28.08.2025 21:30;-;202,500;-;-;-
28.08.2025 21:30;28.08.2025 21:45;-;202,500;-;-;-
28.08.2025 21:45;28.08.2025 22:00;-;202,500;-;-;-
28.08.2025 22:00;28.08.2025 22:15;-;202,500;-;-;-
28.08.2025 22:15;28.08.2025 22:30;-;202,500;-;-;-
28.08.2025 22:30;28.08.2025 22:45;-;202,500;-;-;-
28.08.2025 22:45;28.08.2025 23:00;-;202,500;-;-;-
28.08.2025 23:00;28.08.2025 23:15;-;202,500;-;-;-
28.08.2025 23:15;28.08.2025 23:30;-;202,500;-;-;-
28.08.2025 23:30;28.08.2025 23:45;-;202,500;-;-;-
28.08.2025 23:45;29.08.2025 00:00;-;202,500;-;-;-
29.08.2025 00:00;29.08.2025 00:15;-;202,750;-;-;-
29.08.2025 00:15;29.08.2025 00:30;-;202,750;-;-;-
29.08.2025 00:30;29.08.2025 00:45;-;202,750;-;-;-
29.08.2025 00:45;29.08.2025 01:00;-;202,750;-;-;-
29.08.2025 01:00;29.08.2025 01:15;-;202,500;-;-;-
29.08.2025 01:15;29.08.2025 01:30;-;202,500;-;-;-
29.08.2025 01:30;29.08.2025 01:45;-;202,500;-;-;-
29.08.2025 01:45;29.08.2025 02:00;-;202,500;-;-;-
29.08.2025 02:00;29.08.2025 02:15;-;202,500;-;-;-
29.08.2025 02:15;29.08.2025 02:30;-;202,500;-;-;-
29.08.2025 02:30;29.08.2025 02:45;-;202,500;-;-;-
29.08.2025 02:45;29.08.2025 03:00;-;202,500;-;-;-
29.08.2025 03:00;29.08.2025 03:15;-;202,500;-;-;-
29.08.2025 03:15;29.08.2025 03:30;-;202,500;-;-;-
29.08.2025 03:30;29.08.2025 03:45;-;202,500;-;-;-
29.08.2025 03:45;29.08.2025 04:00;-;202,500;-;-;-
29.08.2025 04:00;29.08.2025 04:15;-;202,500;-;-;-
29.08.2025 04:15;29.08.2025 04:30;-;202,500;-;-;-
29.08.2025 04:30;29.08.2025 04:45;-;202,500;-;-;-
29.08.2025 04:45;29.08.2025 05:00;-;202,500;-;-;-
29.08.2025 05:00;29.08.2025 05:15;-;202,750;-;-;-
29.08.2025 05:15;29.08.2025 05:30;-;202,750;-;-;-
29.08.2025 05:30;29.08.2025 05:45;-;202,750;-;-;-
29.08.2025 05:45;29.08.2025 06:00;-;202,750;-;-;-
29.08.2025 06:00;29.08.2025 06:15;-;202,500;-;-;-
29.08.2025 06:15;29.08.2025 06:30;-;202,500;-;-;-
29.08.2025 06:30;29.08.2025 06:45;-;202,500;-;-;-
29.08.2025 06:45;29.08.2025 07:00;-;202,500;-;-;-
29.08.2025 07:00;29.08.2025 07:15;-;202,500;-;-;-
29.08.2025 07:15;29.08.2025 07:30;-;202,500;-;-;-
29.08.2025 07:30;29.08.2025 07:45;-;202,500;-;-;-
29.08.2025 07:45;29.08.2025 08:00;-;202,500;-;-;-
29.08.2025 08:00;29.08.2025 08:15;-;202,750;-;-;-
29.08.2025 08:15;29.08.2025 08:30;-;202,750;-;-;-
29.08.2025 08:30;29.08.2025 08:45;-;202,750;-;-;-
29.08.2025 08:45;29.08.2025 09:00;-;202,750;-;-;-
29.08.2025 09:00;29.08.2025 09:15;-;202,250;-;-;-
29.08.2025 09:15;29.08.2025 09:30;-;202,250;-;-;-
29.08.2025 09:30;29.08.2025 09:45;-;202,250;-;-;-
29.08.2025 09:45;29.08.2025 10:00;-;202,250;-;-;-
29.08.2025 10:00;29.08.2025 10:15;-;163,500;-;-;-
29.08.2025 10:15;29.08.2025 10:30;-;163,500;-;-;-
29.08.2025 10:30;29.08.2025 10:45;-;163,500;-;-;-
29.08.2025 10:45;29.08.2025 11:00;-;163,500;-;-;-
29.08.2025 11:00;29.08.2025 11:15;-;69,750;-;-;-
29.08.2025 11:15;29.08.2025 11:30;-;69,750;-;-;-
29.08.2025 11:30;29.08.2025 11:45;-;69,750;-;-;-
29.08.2025 11:45;29.08.2025 12:00;-;69,750;-;-;-
29.08.2025 12:00;29.08.2025 12:15;-;40,500;-;-;-
29.08.2025 12:15;29.08.2025 12:30;-;40,500;-;-;-
29.08.2025 12:30;29.08.2025 12:45;-;40,500;-;-;-
29.08.2025 12:45;29.08.2025 13:00;-;40,500;-;-;-
29.08.2025 13:00;29.08.2025 13:15;-;0,000;-;-;-
29.08.2025 13:15;29.08.2025 13:30;-;0,000;-;-;-
29.08.2025 13:30;29.08.2025 13:45;-;0,000;-;-;-
29.08.2025 13:45;29.08.2025 14:00;-;0,000;-;-;-
29.08.2025 14:00;29.08.2025 14:15;-;0,000;-;-;-
29.08.2025 14:15;29.08.2025 14:30;-;0,000;-;-;-
29.08.2025 14:30;29.08.2025 14:45;-;0,000;-;-;-
29.08.2025 14:45;29.08.2025 15:00;-;0,000;-;-;-
29.08.2025 15:00;29.08.2025 15:15;-;0,000;-;-;-
29.08.2025 15:15;29.08.2025 15:30;-;0,000;-;-;-
29.08.2025 15:30;29.08.2025 15:45;-;0,000;-;-;-
29.08.2025 15:45;29.08.2025 16:00;-;0,000;-;-;-
29.08.2025 16:00;29.08.2025 16:15;-;0,000;-;-;-
29.08.2025 16:15;29.08.2025 16:30;-;0,000;-;-;-
29.08.2025 16:30;29.08.2025 16:45;-;0,000;-;-;-
29.08.2025 16:45;29.08.2025 17:00;-;0,000;-;-;-
29.08.2025 17:00;29.08.2025 17:15;-;0,000;-;-;-
29.08.2025 17:15;29.08.2025 17:30;-;0,000;-;-;-
29.08.2025 17:30;29.08.2025 17:45;-;0,000;-;-;-
29.08.2025 17:45;29.08.2025 18:00;-;0,000;-;-;-
29.08.2025 18:00;29.08.2025 18:15;-;0,000;-;-;-
29.08.2025 18:15;29.08.2025 18:30;-;0,000;-;-;-
29.08.2025 18:30;29.08.2025 18:45;-;0,000;-;-;-
29.08.2025 18:45;29.08.2025 19:00;-;0,000;-;-;-
29.08.2025 19:00;29.08.2025 19:15;-;0,000;-;-;-
29.08.2025 19:15;29.08.2025 19:30;-;0,000;-;-;-
29.08.2025 19:30;29.08.2025 19:45;-;0,000;-;-;-
29.08.2025 19:45;29.08.2025 20:00;-;0,000;-;-;-
29.08.2025 20:00;29.08.2025 20:15;-;0,000;-;-;-
29.08.2025 20:15;29.08.2025 20:30;-;0,000;-;-;-
29.08.2025 20:30;29.08.2025 20:45;-;0,000;-;-;-
29.08.2025 20:45;29.08.2025 21:00;-;0,000;-;-;-
29.08.2025 21:00;29.08.2025 21:15;-;0,000;-;-;-
29.08.2025 21:15;29.08.2025 21:30;-;0,000;-;-;-
29.08.2025 21:30;29.08.2025 21:45;-;0,000;-;-;-
29.08.2025 21:45;29.08.2025 22:00;-;0,000;-;-;-
29.08.2025 22:00;29.08.2025 22:15;-;0,000;-;-;-
29.08.2025 22:15;29.08.2025 22:30;-;0,000;-;-;-
29.08.2025 22:30;29.08.2025 22:45;-;0,000;-;-;-
29.08.2025 22:45;29.08.2025 23:00;-;0,000;-;-;-
29.08.2025 23:00;29.08.2025 23:15;-;0,000;-;-;-
29.08.2025 23:15;29.08.2025 23:30;-;0,000;-;-;-
29.08.2025 23:30;29.08.2025 23:45;-;0,000;-;-;-
29.08.2025 23:45;30.08.2025 00:00;-;0,000;-;-;-
30.08.2025 00:00;30.08.2025 00:15;-;0,000;-;-;-
30.08.2025 00:15;30.08.2025 00:30;-;0,000;-;-;-
30.08.2025 00:30;30.08.2025 00:45;-;0,000;-;-;-
30.08.2025 00:45;30.08.2025 01:00;-;0,000;-;-;-
30.08.2025 01:00;30.08.2025 01:15;-;0,000;-;-;-
30.08.2025 01:15;30.08.2025 01:30;-;0,000;-;-;-
30.08.2025 01:30;30.08.2025 01:45;-;0,000;-;-;-
30.08.2025 01:45;30.08.2025 02:00;-;0,000;-;-;-
30.08.2025 02:00;30.08.2025 02:15;-;0,000;-;-;-
30.08.2025 02:15;30.08.2025 02:30;-;0,000;-;-;-
30.08.2025 02:30;30.08.2025 02:45;-;0,000;-;-;-
30.08.2025 02:45;30.08.2025 03:00;-;0,000;-;-;-
30.08.2025 03:00;30.08.2025 03:15;-;0,000;-;-;-
30.08.2025 03:15;30.08.2025 03:30;-;0,000;-;-;-
30.08.2025 03:30;30.08.2025 03:45;-;0,000;-;-;-
30.08.2025 03:45;30.08.2025 04:00;-;0,000;-;-;-
30.08.2025 04:00;30.08.2025 04:15;-;0,000;-;-;-
30.08.2025 04:15;30.08.2025 04:30;-;0,000;-;-;-
30.08.2025 04:30;30.08.2025 04:45;-;0,000;-;-;-
30.08.2025 04:45;30.08.2025 05:00;-;0,000;-;-;-
30.08.2025 05:00;30.08.2025 05:15;-;0,000;-;-;-
30.08.2025 05:15;30.08.2025 05:30;-;0,000;-;-;-
30.08.2025 05:30;30.08.2025 05:45;-;0,000;-;-;-
30.08.2025 05:45;30.08.2025 06:00;-;0,000;-;-;-
30.08.2025 06:00;30.08.2025 06:15;-;0,000;-;-;-
30.08.2025 06:15;30.08.2025 06:30;-;0,000;-;-;-
30.08.2025 06:30;30.08.2025 06:45;-;0,000;-;-;-
30.08.2025 06:45;30.08.2025 07:00;-;0,000;-;-;-
30.08.2025 07:00;30.08.2025 07:15;-;0,000;-;-;-
30.08.2025 07:15;30.08.2025 07:30;-;0,000;-;-;-
30.08.2025 07:30;30.08.2025 07:45;-;0,000;-;-;-
30.08.2025 07:45;30.08.2025 08:00;-;0,000;-;-;-
30.08.2025 08:00;30.08.2025 08:15;-;0,000;-;-;-
30.08.2025 08:15;30.08.2025 08:30;-;0,000;-;-;-
30.08.2025 08:30;30.08.2025 08:45;-;0,000;-;-;-
30.08.2025 08:45;30.08.2025 09:00;-;0,000;-;-;-
30.08.2025 09:00;30.08.2025 09:15;-;0,000;-;-;-
30.08.2025 09:15;30.08.2025 09:30;-;0,000;-;-;-
30.08.2025 09:30;30.08.2025 09:45;-;0,000;-;-;-
30.08.2025 09:45;30.08.2025 10:00;-;0,000;-;-;-
30.08.2025 10:00;30.08.2025 10:15;-;0,000;-;-;-
30.08.2025 10:15;30.08.2025 10:30;-;0,000;-;-;-
30.08.2025 10:30;30.08.2025 10:45;-;0,000;-;-;-
30.08.2025 10:45;30.08.2025 11:00;-;0,000;-;-;-
30.08.2025 11:00;30.08.2025 11:15;-;0,000;-;-;-
30.08.2025 11:15;30.08.2025 11:30;-;0,000;-;-;-
30.08.2025 11:30;30.08.2025 11:45;-;0,000;-;-;-
30.08.2025 11:45;30.08.2025 12:00;-;0,000;-;-;-
30.08.2025 12:00;30.08.2025 12:15;-;0,000;-;-;-
30.08.2025 12:15;30.08.2025 12:30;-;0,000;-;-;-
30.08.2025 12:30;30.08.2025 12:45;-;0,000;-;-;-
30.08.2025 12:45;30.08.2025 13:00;-;0,000;-;-;-
30.08.2025 13:00;30.08.2025 13:15;-;0,000;-;-;-
30.08.2025 13:15;30.08.2025 13:30;-;0,000;-;-;-
30.08.2025 13:30;30.08.2025 13:45;-;0,000;-;-;-
30.08.2025 13:45;30.08.2025 14:00;-;0,000;-;-;-
30.08.2025 14:00;30.08.2025 14:15;-;0,000;-;-;-
30.08.2025 14:15;30.08.2025 14:30;-;0,000;-;-;-
30.08.2025 14:30;30.08.2025 14:45;-;0,000;-;-;-
30.08.2025 14:45;30.08.2025 15:00;-;0,000;-;-;-
30.08.2025 15:00;30.08.2025 15:15;-;0,000;-;-;-
30.08.2025 15:15;30.08.2025 15:30;-;0,000;-;-;-
30.08.2025 15:30;30.08.2025 15:45;-;0,000;-;-;-
30.08.2025 15:45;30.08.2025 16:00;-;0,000;-;-;-
30.08.2025 16:00;30.08.2025 16:15;-;0,000;-;-;-
30.08.2025 16:15;30.08.2025 16:30;-;0,000;-;-;-
30.08.2025 16:30;30.08.2025 16:45;-;0,000;-;-;-
30.08.2025 16:45;30.08.2025 17:00;-;0,000;-;-;-
30.08.2025 17:00;30.08.2025 17:15;-;0,000;-;-;-
30.08.2025 17:15;30.08.2025 17:30;-;0,000;-;-;-
30.08.2025 17:30;30.08.2025 17:45;-;0,000;-;-;-
30.08.2025 17:45;30.08.2025 18:00;-;0,000;-;-;-
30.08.2025 18:00;30.08.2025 18:15;-;0,000;-;-;-
30.08.2025 18:15;30.08.2025 18:30;-;0,000;-;-;-
30.08.2025 18:30;30.08.2025 18:45;-;0,000;-;-;-
30.08.2025 18:45;30.08.2025 19:00;-;0,000;-;-;-
30.08.2025 19:00;30.08.2025 19:15;-;0,000;-;-;-
30.08.2025 19:15;30.08.2025 19:30;-;0,000;-;-;-
30.08.2025 19:30;30.08.2025 19:45;-;0,000;-;-;-
30.08.2025 19:45;30.08.2025 20:00;-;0,000;-;-;-
30.08.2025 20:00;30.08.2025 20:15;-;0,000;-;-;-
30.08.2025 20:15;30.08.2025 20:30;-;0,000;-;-;-
30.08.2025 20:30;30.08.2025 20:45;-;0,000;-;-;-
30.08.2025 20:45;30.08.2025 21:00;-;0,000;-;-;-
30.08.2025 21:00;30.08.2025 21:15;-;0,000;-;-;-
30.08.2025 21:15;30.08.2025 21:30;-;0,000;-;-;-
30.08.2025 21:30;30.08.2025 21:45;-;0,000;-;-;-
30.08.2025 21:45;30.08.2025 22:00;-;0,000;-;-;-
30.08.2025 22:00;30.08.2025 22:15;-;0,000;-;-;-
30.08.2025 22:15;30.08.2025 22:30;-;0,000;-;-;-
30.08.2025 22:30;30.08.2025 22:45;-;0,000;-;-;-
30.08.2025 22:45;30.08.2025 23:00;-;0,000;-;-;-
30.08.2025 23:00;30.08.2025 23:15;-;0,000;-;-;-
30.08.2025 23:15;30.08.2025 23:30;-;0,000;-;-;-
30.08.2025 23:30;30.08.2025 23:45;-;0,000;-;-;-
30.08.2025 23:45;31.08.2025 00:00;-;0,000;-;-;-
31.08.2025 00:00;31.08.2025 00:15;-;0,000;-;-;-
31.08.2025 00:15;31.08.2025 00:30;-;0,000;-;-;-
31.08.2025 00:30;31.08.2025 00:45;-;0,000;-;-;-
31.08.2025 00:45;31.08.2025 01:00;-;0,000;-;-;-
31.08.2025 01:00;31.08.2025 01:15;-;0,000;-;-;-
31.08.2025 01:15;31.08.2025 01:30;-;0,000;-;-;-
31.08.2025 01:30;31.08.2025 01:45;-;0,000;-;-;-
31.08.2025 01:45;31.08.2025 02:00;-;0,000;-;-;-
31.08.2025 02:00;31.08.2025 02:15;-;0,000;-;-;-
31.08.2025 02:15;31.08.2025 02:30;-;0,000;-;-;-
31.08.2025 02:30;31.08.2025 02:45;-;0,000;-;-;-
31.08.2025 02:45;31.08.2025 03:00;-;0,000;-;-;-
31.08.2025 03:00;31.08.2025 03:15;-;0,000;-;-;-
31.08.2025 03:15;31.08.2025 03:30;-;0,000;-;-;-
31.08.2025 03:30;31.08.2025 03:45;-;0,000;-;-;-
31.08.2025 03:45;31.08.2025 04:00;-;0,000;-;-;-
31.08.2025 04:00;31.08.2025 04:15;-;0,000;-;-;-
31.08.2025 04:15;31.08.2025 04:30;-;0,000;-;-;-
31.08.2025 04:30;31.08.2025 04:45;-;0,000;-;-;-
31.08.2025 04:45;31.08.2025 05:00;-;0,000;-;-;-
31.08.2025 05:00;31.08.2025 05:15;-;0,000;-;-;-
31.08.2025 05:15;31.08.2025 05:30;-;0,000;-;-;-
31.08.2025 05:30;31.08.2025 05:45;-;0,000;-;-;-
31.08.2025 05:45;31.08.2025 06:00;-;0,000;-;-;-
31.08.2025 06:00;31.08.2025 06:15;-;0,000;-;-;-
31.08.2025 06:15;31.08.2025 06:30;-;0,000;-;-;-
31.08.2025 06:30;31.08.2025 06:45;-;0,000;-;-;-
31.08.2025 06:45;31.08.2025 07:00;-;0,000;-;-;-
31.08.2025 07:00;31.08.2025 07:15;-;0,000;-;-;-
31.08.2025 07:15;31.08.2025 07:30;-;0,000;-;-;-
31.08.2025 07:30;31.08.2025 07:45;-;0,000;-;-;-
31.08.2025 07:45;31.08.2025 08:00;-;0,000;-;-;-
31.08.2025 08:00;31.08.2025 08:15;-;0,000;-;-;-
31.08.2025 08:15;31.08.2025 08:30;-;0,000;-;-;-
31.08.2025 08:30;31.08.2025 08:45;-;0,000;-;-;-
31.08.2025 08:45;31.08.2025 09:00;-;0,000;-;-;-
31.08.2025 09:00;31.08.2025 09:15;-;0,000;-;-;-
31.08.2025 09:15;31.08.2025 09:30;-;0,000;-;-;-
31.08.2025 09:30;31.08.2025 09:45;-;0,000;-;-;-
31.08.2025 09:45;31.08.2025 10:00;-;0,000;-;-;-
31.08.2025 10:00;31.08.2025 10:15;-;0,000;-;-;-
31.08.2025 10:15;31.08.2025 10:30;-;0,000;-;-;-
31.08.2025 10:30;31.08.2025 10:45;-;0,000;-;-;-
31.08.2025 10:45;31.08.2025 11:00;-;0,000;-;-;-
31.08.2025 11:00;31.08.2025 11:15;-;0,000;-;-;-
31.08.2025 11:15;31.08.2025 11:30;-;0,000;-;-;-
31.08.2025 11:30;31.08.2025 11:45;-;0,000;-;-;-
31.08.2025 11:45;31.08.2025 12:00;-;0,000;-;-;-
31.08.2025 12:00;31.08.2025 12:15;-;0,000;-;-;-
31.08.2025 12:15;31.08.2025 12:30;-;0,000;-;-;-
31.08.2025 12:30;31.08.2025 12:45;-;0,000;-;-;-
31.08.2025 12:45;31.08.2025 13:00;-;0,000;-;-;-
31.08.2025 13:00;31.08.2025 13:15;-;0,000;-;-;-
31.08.2025 13:15;31.08.2025 13:30;-;0,000;-;-;-
31.08.2025 13:30;31.08.2025 13:45;-;0,000;-;-;-
31.08.2025 13:45;31.08.2025 14:00;-;0,000;-;-;-
31.08.2025 14:00;31.08.2025 14:15;-;0,000;-;-;-
31.08.2025 14:15;31.08.2025 14:30;-;0,000;-;-;-
31.08.2025 14:30;31.08.2025 14:45;-;0,000;-;-;-
31.08.2025 14:45;31.08.2025 15:00;-;0,000;-;-;-
31.08.2025 15:00;31.08.2025 15:15;-;0,000;-;-;-
31.08.2025 15:15;31.08.2025 15:30;-;0,000;-;-;-
31.08.2025 15:30;31.08.2025 15:45;-;0,000;-;-;-
31.08.2025 15:45;31.08.2025 16:00;-;0,000;-;-;-
31.08.2025 16:00;31.08.2025 16:15;-;14,000;-;-;-
31.08.2025 16:15;31.08.2025 16:30;-;14,000;-;-;-
31.08.2025 16:30;31.08.2025 16:45;-;14,000;-;-;-
31.08.2025 16:45;31.08.2025 17:00;-;14,000;-;-;-
31.08.2025 17:00;31.08.2025 17:15;-;63,250;-;-;-
31.08.2025 17:15;31.08.2025 17:30;-;63,250;-;-;-
31.08.2025 17:30;31.08.2025 17:45;-;63,250;-;-;-
31.08.2025 17:45;31.08.2025 18:00;-;63,250;-;-;-
31.08.2025 18:00;31.08.2025 18:15;-;109,500;-;-;-
31.08.2025 18:15;31.08.2025 18:30;-;109,500;-;-;-
31.08.2025 18:30;31.08.2025 18:45;-;109,500;-;-;-
31.08.2025 18:45;31.08.2025 19:00;-;109,500;-;-;-
31.08.2025 19:00;31.08.2025 19:15;-;183,250;-;-;-
31.08.2025 19:15;31.08.2025 19:30;-;183,250;-;-;-
31.08.2025 19:30;31.08.2025 19:45;-;183,250;-;-;-
31.08.2025 19:45;31.08.2025 20:00;-;183,250;-;-;-
31.08.2025 20:00;31.08.2025 20:15;-;201,250;-;-;-
31.08.2025 20:15;31.08.2025 20:30;-;201,250;-;-;-
31.08.2025 20:30;31.08.2025 20:45;-;201,250;-;-;-
31.08.2025 20:45;31.08.2025 21:00;-;201,250;-;-;-
31.08.2025 21:00;31.08.2025 21:15;-;201,500;-;-;-
31.08.2025 21:15;31.08.2025 21:30;-;201,500;-;-;-
31.08.2025 21:30;31.08.2025 21:45;-;201,500;-;-;-
31.08.2025 21:45;31.08.2025 22:00;-;201,500;-;-;-
31.08.2025 22:00;31.08.2025 22:15;-;201,500;-;-;-
31.08.2025 22:15;31.08.2025 22:30;-;201,500;-;-;-
31.08.2025 22:30;31.08.2025 22:45;-;201,500;-;-;-
31.08.2025 22:45;31.08.2025 23:00;-;201,500;-;-;-
31.08.2025 23:00;31.08.2025 23:15;-;201,750;-;-;-
31.08.2025 23:15;31.08.2025 23:30;-;201,750;-;-;-
31.08.2025 23:30;31.08.2025 23:45;-;201,750;-;-;-
31.08.2025 23:45;01.09.2025 00:00;-;201,750;-;-;-
01.09.2025 00:00;01.09.2025 00:15;-;201,500;-;-;-
01.09.2025 00:15;01.09.2025 00:30;-;201,500;-;-;-
01.09.2025 00:30;01.09.2025 00:45;-;201,500;-;-;-
01.09.2025 00:45;01.09.2025 01:00;-;201,500;-;-;-
01.09.2025 01:00;01.09.2025 01:15;-;201,250;-;-;-
01.09.2025 01:15;01.09.2025 01:30;-;201,250;-;-;-
01.09.2025 01:30;01.09.2025 01:45;-;201,250;-;-;-
01.09.2025 01:45;01.09.2025 02:00;-;201,250;-;-;-
01.09.2025 02:00;01.09.2025 02:15;-;201,250;-;-;-
01.09.2025 02:15;01.09.2025 02:30;-;201,250;-;-;-
01.09.2025 02:30;01.09.2025 02:45;-;201,250;-;-;-
01.09.2025 02:45;01.09.2025 03:00;-;201,250;-;-;-
01.09.2025 03:00;01.09.2025 03:15;-;201,500;-;-;-
01.09.2025 03:15;01.09.2025 03:30;-;201,500;-;-;-
01.09.2025 03:30;01.09.2025 03:45;-;201,500;-;-;-
01.09.2025 03:45;01.09.2025 04:00;-;201,500;-;-;-
01.09.2025 04:00;01.09.2025 04:15;-;201,250;-;-;-
01.09.2025 04:15;01.09.2025 04:30;-;201,250;-;-;-
01.09.2025 04:30;01.09.2025 04:45;-;201,250;-;-;-
01.09.2025 04:45;01.09.2025 05:00;-;201,250;-;-;-
01.09.2025 05:00;01.09.2025 05:15;-;201,500;-;-;-
01.09.2025 05:15;01.09.2025 05:30;-;201,500;-;-;-
01.09.2025 05:30;01.09.2025 05:45;-;201,500;-;-;-
01.09.2025 05:45;01.09.2025 06:00;-;201,500;-;-;-
01.09.2025 06:00;01.09.2025 06:15;-;201,500;-;-;-
01.09.2025 06:15;01.09.2025 06:30;-;201,500;-;-;-
01.09.2025 06:30;01.09.2025 06:45;-;201,500;-;-;-
01.09.2025 06:45;01.09.2025 07:00;-;201,500;-;-;-
01.09.2025 07:00;01.09.2025 07:15;-;201,500;-;-;-
01.09.2025 07:15;01.09.2025 07:30;-;201,500;-;-;-
01.09.2025 07:30;01.09.2025 07:45;-;201,500;-;-;-
01.09.2025 07:45;01.09.2025 08:00;-;201,500;-;-;-
01.09.2025 08:00;01.09.2025 08:15;-;201,250;-;-;-
01.09.2025 08:15;01.09.2025 08:30;-;201,250;-;-;-
01.09.2025 08:30;01.09.2025 08:45;-;201,250;-;-;-
01.09.2025 08:45;01.09.2025 09:00;-;201,250;-;-;-
01.09.2025 09:00;01.09.2025 09:15;-;178,750;-;-;-
01.09.2025 09:15;01.09.2025 09:30;-;178,750;-;-;-
01.09.2025 09:30;01.09.2025 09:45;-;178,750;-;-;-
01.09.2025 09:45;01.09.2025 10:00;-;178,750;-;-;-
01.09.2025 10:00;01.09.2025 10:15;-;139,750;-;-;-
01.09.2025 10:15;01.09.2025 10:30;-;139,750;-;-;-
01.09.2025 10:30;01.09.2025 10:45;-;139,750;-;-;-
01.09.2025 10:45;01.09.2025 11:00;-;139,750;-;-;-
01.09.2025 11:00;01.09.2025 11:15;-;112,250;-;-;-
01.09.2025 11:15;01.09.2025 11:30;-;112,250;-;-;-
01.09.2025 11:30;01.09.2025 11:45;-;112,250;-;-;-
01.09.2025 11:45;01.09.2025 12:00;-;112,250;-;-;-
01.09.2025 12:00;01.09.2025 12:15;-;82,000;-;-;-
01.09.2025 12:15;01.09.2025 12:30;-;82,000;-;-;-
01.09.2025 12:30;01.09.2025 12:45;-;82,000;-;-;-
01.09.2025 12:45;01.09.2025 13:00;-;82,000;-;-;-
01.09.2025 13:00;01.09.2025 13:15;-;82,250;-;-;-
01.09.2025 13:15;01.09.2025 13:30;-;82,250;-;-;-
01.09.2025 13:30;01.09.2025 13:45;-;82,250;-;-;-
01.09.2025 13:45;01.09.2025 14:00;-;82,250;-;-;-
01.09.2025 14:00;01.09.2025 14:15;-;170,750;-;-;-
01.09.2025 14:15;01.09.2025 14:30;-;170,750;-;-;-
01.09.2025 14:30;01.09.2025 14:45;-;170,750;-;-;-
01.09.2025 14:45;01.09.2025 15:00;-;170,750;-;-;-
01.09.2025 15:00;01.09.2025 15:15;-;200,750;-;-;-
01.09.2025 15:15;01.09.2025 15:30;-;200,750;-;-;-
01.09.2025 15:30;01.09.2025 15:45;-;200,750;-;-;-
01.09.2025 15:45;01.09.2025 16:00;-;200,750;-;-;-
01.09.2025 16:00;01.09.2025 16:15;-;201,250;-;-;-
01.09.2025 16:15;01.09.2025 16:30;-;201,250;-;-;-
01.09.2025 16:30;01.09.2025 16:45;-;201,250;-;-;-
01.09.2025 16:45;01.09.2025 17:00;-;201,250;-;-;-
01.09.2025 17:00;01.09.2025 17:15;-;201,000;-;-;-
01.09.2025 17:15;01.09.2025 17:30;-;201,000;-;-;-
01.09.2025 17:30;01.09.2025 17:45;-;201,000;-;-;-
01.09.2025 17:45;01.09.2025 18:00;-;201,000;-;-;-
01.09.2025 18:00;01.09.2025 18:15;-;201,250;-;-;-
01.09.2025 18:15;01.09.2025 18:30;-;201,250;-;-;-
01.09.2025 18:30;01.09.2025 18:45;-;201,250;-;-;-
01.09.2025 18:45;01.09.2025 19:00;-;201,250;-;-;-
01.09.2025 19:00;01.09.2025 19:15;-;201,500;-;-;-
01.09.2025 19:15;01.09.2025 19:30;-;201,500;-;-;-
01.09.2025 19:30;01.09.2025 19:45;-;201,500;-;-;-
01.09.2025 19:45;01.09.2025 20:00;-;201,500;-;-;-
01.09.2025 20:00;01.09.2025 20:15;-;201,500;-;-;-
01.09.2025 20:15;01.09.2025 20:30;-;201,500;-;-;-
01.09.2025 20:30;01.09.2025 20:45;-;201,500;-;-;-
01.09.2025 20:45;01.09.2025 21:00;-;201,500;-;-;-
01.09.2025 21:00;01.09.2025 21:15;-;201,500;-;-;-
01.09.2025 21:15;01.09.2025 21:30;-;201,500;-;-;-
01.09.2025 21:30;01.09.2025 21:45;-;201,500;-;-;-
01.09.2025 21:45;01.09.2025 22:00;-;201,500;-;-;-
01.09.2025 22:00;01.09.2025 22:15;-;201,250;-;-;-
01.09.2025 22:15;01.09.2025 22:30;-;201,250;-;-;-
01.09.2025 22:30;01.09.2025 22:45;-;201,250;-;-;-
01.09.2025 22:45;01.09.2025 23:00;-;201,250;-;-;-
01.09.2025 23:00;01.09.2025 23:15;-;201,750;-;-;-
01.09.2025 23:15;01.09.2025 23:30;-;201,750;-;-;-
01.09.2025 23:30;01.09.2025 23:45;-;201,750;-;-;-
01.09.2025 23:45;02.09.2025 00:00;-;201,750;-;-;-
02.09.2025 00:00;02.09.2025 00:15;-;201,500;-;-;-
02.09.2025 00:15;02.09.2025 00:30;-;201,500;-;-;-
02.09.2025 00:30;02.09.2025 00:45;-;201,500;-;-;-
02.09.2025 00:45;02.09.2025 01:00;-;201,500;-;-;-
02.09.2025 01:00;02.09.2025 01:15;-;201,250;-;-;-
02.09.2025 01:15;02.09.2025 01:30;-;201,250;-;-;-
02.09.2025 01:30;02.09.2025 01:45;-;201,250;-;-;-
02.09.2025 01:45;02.09.2025 02:00;-;201,250;-;-;-
02.09.2025 02:00;02.09.2025 02:15;-;201,500;-;-;-
02.09.2025 02:15;02.09.2025 02:30;-;201,500;-;-;-
02.09.2025 02:30;02.09.2025 02:45;-;201,500;-;-;-
02.09.2025 02:45;02.09.2025 03:00;-;201,500;-;-;-
02.09.2025 03:00;02.09.2025 03:15;-;201,500;-;-;-
02.09.2025 03:15;02.09.2025 03:30;-;201,500;-;-;-
02.09.2025 03:30;02.09.2025 03:45;-;201,500;-;-;-
02.09.2025 03:45;02.09.2025 04:00;-;201,500;-;-;-
02.09.2025 04:00;02.09.2025 04:15;-;201,250;-;-;-
02.09.2025 04:15;02.09.2025 04:30;-;201,250;-;-;-
02.09.2025 04:30;02.09.2025 04:45;-;201,250;-;-;-
02.09.2025 04:45;02.09.2025 05:00;-;201,250;-;-;-
02.09.2025 05:00;02.09.2025 05:15;-;201,250;-;-;-
02.09.2025 05:15;02.09.2025 05:30;-;201,250;-;-;-
02.09.2025 05:30;02.09.2025 05:45;-;201,250;-;-;-
02.09.2025 05:45;02.09.2025 06:00;-;201,250;-;-;-
02.09.2025 06:00;02.09.2025 06:15;-;201,750;-;-;-
02.09.2025 06:15;02.09.2025 06:30;-;201,750;-;-;-
02.09.2025 06:30;02.09.2025 06:45;-;201,750;-;-;-
02.09.2025 06:45;02.09.2025 07:00;-;201,750;-;-;-
02.09.2025 07:00;02.09.2025 07:15;-;201,750;-;-;-
02.09.2025 07:15;02.09.2025 07:30;-;201,750;-;-;-
02.09.2025 07:30;02.09.2025 07:45;-;201,750;-;-;-
02.09.2025 07:45;02.09.2025 08:00;-;201,750;-;-;-
02.09.2025 08:00;02.09.2025 08:15;-;201,500;-;-;-
02.09.2025 08:15;02.09.2025 08:30;-;201,500;-;-;-
02.09.2025 08:30;02.09.2025 08:45;-;201,500;-;-;-
02.09.2025 08:45;02.09.2025 09:00;-;201,500;-;-;-
02.09.2025 09:00;02.09.2025 09:15;-;202,000;-;-;-
02.09.2025 09:15;02.09.2025 09:30;-;202,000;-;-;-
02.09.2025 09:30;02.09.2025 09:45;-;202,000;-;-;-
02.09.2025 09:45;02.09.2025 10:00;-;202,000;-;-;-
02.09.2025 10:00;02.09.2025 10:15;-;201,500;-;-;-
02.09.2025 10:15;02.09.2025 10:30;-;201,500;-;-;-
02.09.2025 10:30;02.09.2025 10:45;-;201,500;-;-;-
02.09.2025 10:45;02.09.2025 11:00;-;201,500;-;-;-
02.09.2025 11:00;02.09.2025 11:15;-;202,000;-;-;-
02.09.2025 11:15;02.09.2025 11:30;-;202,000;-;-;-
02.09.2025 11:30;02.09.2025 11:45;-;202,000;-;-;-
02.09.2025 11:45;02.09.2025 12:00;-;202,000;-;-;-
02.09.2025 12:00;02.09.2025 12:15;-;181,500;-;-;-
02.09.2025 12:15;02.09.2025 12:30;-;181,500;-;-;-
02.09.2025 12:30;02.09.2025 12:45;-;181,500;-;-;-
02.09.2025 12:45;02.09.2025 13:00;-;181,500;-;-;-
02.09.2025 13:00;02.09.2025 13:15;-;104,000;-;-;-
02.09.2025 13:15;02.09.2025 13:30;-;104,000;-;-;-
02.09.2025 13:30;02.09.2025 13:45;-;104,000;-;-;-
02.09.2025 13:45;02.09.2025 14:00;-;104,000;-;-;-
02.09.2025 14:00;02.09.2025 14:15;-;92,500;-;-;-
02.09.2025 14:15;02.09.2025 14:30;-;92,500;-;-;-
02.09.2025 14:30;02.09.2025 14:45;-;92,500;-;-;-
02.09.2025 14:45;02.09.2025 15:00;-;92,500;-;-;-
02.09.2025 15:00;02.09.2025 15:15;-;105,250;-;-;-
02.09.2025 15:15;02.09.2025 15:30;-;105,250;-;-;-
02.09.2025 15:30;02.09.2025 15:45;-;105,250;-;-;-
02.09.2025 15:45;02.09.2025 16:00;-;105,250;-;-;-
02.09.2025 16:00;02.09.2025 16:15;-;179,750;-;-;-
02.09.2025 16:15;02.09.2025 16:30;-;179,750;-;-;-
02.09.2025 16:30;02.09.2025 16:45;-;179,750;-;-;-
02.09.2025 16:45;02.09.2025 17:00;-;179,750;-;-;-
02.09.2025 17:00;02.09.2025 17:15;-;201,500;-;-;-
02.09.2025 17:15;02.09.2025 17:30;-;201,500;-;-;-
02.09.2025 17:30;02.09.2025 17:45;-;201,500;-;-;-
02.09.2025 17:45;02.09.2025 18:00;-;201,500;-;-;-
02.09.2025 18:00;02.09.2025 18:15;-;201,500;-;-;-
02.09.2025 18:15;02.09.2025 18:30;-;201,500;-;-;-
02.09.2025 18:30;02.09.2025 18:45;-;201,500;-;-;-
02.09.2025 18:45;02.09.2025 19:00;-;201,500;-;-;-
02.09.2025 19:00;02.09.2025 19:15;-;201,750;-;-;-
02.09.2025 19:15;02.09.2025 19:30;-;201,750;-;-;-
02.09.2025 19:30;02.09.2025 19:45;-;201,750;-;-;-
02.09.2025 19:45;02.09.2025 20:00;-;201,750;-;-;-
02.09.2025 20:00;02.09.2025 20:15;-;201,750;-;-;-
02.09.2025 20:15;02.09.2025 20:30;-;201,750;-;-;-
02.09.2025 20:30;02.09.2025 20:45;-;201,750;-;-;-
02.09.2025 20:45;02.09.2025 21:00;-;201,750;-;-;-
02.09.2025 21:00;02.09.2025 21:15;-;201,750;-;-;-
02.09.2025 21:15;02.09.2025 21:30;-;201,750;-;-;-
02.09.2025 21:30;02.09.2025 21:45;-;201,750;-;-;-
02.09.2025 21:45;02.09.2025 22:00;-;201,750;-;-;-
02.09.2025 22:00;02.09.2025 22:15;-;201,750;-;-;-
02.09.2025 22:15;02.09.2025 22:30;-;201,750;-;-;-
02.09.2025 22:30;02.09.2025 22:45;-;201,750;-;-;-
02.09.2025 22:45;02.09.2025 23:00;-;201,750;-;-;-
02.09.2025 23:00;02.09.2025 23:15;-;201,750;-;-;-
02.09.2025 23:15;02.09.2025 23:30;-;201,750;-;-;-
02.09.2025 23:30;02.09.2025 23:45;-;201,750;-;-;-
02.09.2025 23:45;03.09.2025 00:00;-;201,750;-;-;-
03.09.2025 00:00;03.09.2025 00:15;-;182,000;-;-;-
03.09.2025 00:15;03.09.2025 00:30;-;182,000;-;-;-
03.09.2025 00:30;03.09.2025 00:45;-;182,000;-;-;-
03.09.2025 00:45;03.09.2025 01:00;-;182,000;-;-;-
03.09.2025 01:00;03.09.2025 01:15;-;202,000;-;-;-
03.09.2025 01:15;03.09.2025 01:30;-;202,000;-;-;-
03.09.2025 01:30;03.09.2025 01:45;-;202,000;-;-;-
03.09.2025 01:45;03.09.2025 02:00;-;202,000;-;-;-
03.09.2025 02:00;03.09.2025 02:15;-;201,750;-;-;-
03.09.2025 02:15;03.09.2025 02:30;-;201,750;-;-;-
03.09.2025 02:30;03.09.2025 02:45;-;201,750;-;-;-
03.09.2025 02:45;03.09.2025 03:00;-;201,750;-;-;-
03.09.2025 03:00;03.09.2025 03:15;-;202,000;-;-;-
03.09.2025 03:15;03.09.2025 03:30;-;202,000;-;-;-
03.09.2025 03:30;03.09.2025 03:45;-;202,000;-;-;-
03.09.2025 03:45;03.09.2025 04:00;-;202,000;-;-;-
03.09.2025 04:00;03.09.2025 04:15;-;201,750;-;-;-
03.09.2025 04:15;03.09.2025 04:30;-;201,750;-;-;-
03.09.2025 04:30;03.09.2025 04:45;-;201,750;-;-;-
03.09.2025 04:45;03.09.2025 05:00;-;201,750;-;-;-
03.09.2025 05:00;03.09.2025 05:15;-;201,750;-;-;-
03.09.2025 05:15;03.09.2025 05:30;-;201,750;-;-;-
03.09.2025 05:30;03.09.2025 05:45;-;201,750;-;-;-
03.09.2025 05:45;03.09.2025 06:00;-;201,750;-;-;-
03.09.2025 06:00;03.09.2025 06:15;-;202,000;-;-;-
03.09.2025 06:15;03.09.2025 06:30;-;202,000;-;-;-
03.09.2025 06:30;03.09.2025 06:45;-;202,000;-;-;-
03.09.2025 06:45;03.09.2025 07:00;-;202,000;-;-;-
03.09.2025 07:00;03.09.2025 07:15;-;202,000;-;-;-
03.09.2025 07:15;03.09.2025 07:30;-;202,000;-;-;-
03.09.2025 07:30;03.09.2025 07:45;-;202,000;-;-;-
03.09.2025 07:45;03.09.2025 08:00;-;202,000;-;-;-
03.09.2025 08:00;03.09.2025 08:15;-;201,750;-;-;-
03.09.2025 08:15;03.09.2025 08:30;-;201,750;-;-;-
03.09.2025 08:30;03.09.2025 08:45;-;201,750;-;-;-
03.09.2025 08:45;03.09.2025 09:00;-;201,750;-;-;-
03.09.2025 09:00;03.09.2025 09:15;-;166,500;-;-;-
03.09.2025 09:15;03.09.2025 09:30;-;166,500;-;-;-
03.09.2025 09:30;03.09.2025 09:45;-;166,500;-;-;-
03.09.2025 09:45;03.09.2025 10:00;-;166,500;-;-;-
03.09.2025 10:00;03.09.2025 10:15;-;85,500;-;-;-
03.09.2025 10:15;03.09.2025 10:30;-;85,500;-;-;-
03.09.2025 10:30;03.09.2025 10:45;-;85,500;-;-;-
03.09.2025 10:45;03.09.2025 11:00;-;85,500;-;-;-
03.09.2025 11:00;03.09.2025 11:15;-;65,250;-;-;-
03.09.2025 11:15;03.09.2025 11:30;-;65,250;-;-;-
03.09.2025 11:30;03.09.2025 11:45;-;65,250;-;-;-
03.09.2025 11:45;03.09.2025 12:00;-;65,250;-;-;-
03.09.2025 12:00;03.09.2025 12:15;-;66,000;-;-;-
03.09.2025 12:15;03.09.2025 12:30;-;66,000;-;-;-
03.09.2025 12:30;03.09.2025 12:45;-;66,000;-;-;-
03.09.2025 12:45;03.09.2025 13:00;-;66,000;-;-;-
03.09.2025 13:00;03.09.2025 13:15;-;66,500;-;-;-
03.09.2025 13:15;03.09.2025 13:30;-;66,500;-;-;-
03.09.2025 13:30;03.09.2025 13:45;-;66,500;-;-;-
03.09.2025 13:45;03.09.2025 14:00;-;66,500;-;-;-
03.09.2025 14:00;03.09.2025 14:15;-;66,500;-;-;-
03.09.2025 14:15;03.09.2025 14:30;-;66,500;-;-;-
03.09.2025 14:30;03.09.2025 14:45;-;66,500;-;-;-
03.09.2025 14:45;03.09.2025 15:00;-;66,500;-;-;-
03.09.2025 15:00;03.09.2025 15:15;-;66,750;-;-;-
03.09.2025 15:15;03.09.2025 15:30;-;66,750;-;-;-
03.09.2025 15:30;03.09.2025 15:45;-;66,750;-;-;-
03.09.2025 15:45;03.09.2025 16:00;-;66,750;-;-;-
03.09.2025 16:00;03.09.2025 16:15;-;66,750;-;-;-
03.09.2025 16:15;03.09.2025 16:30;-;66,750;-;-;-
03.09.2025 16:30;03.09.2025 16:45;-;66,750;-;-;-
03.09.2025 16:45;03.09.2025 17:00;-;66,750;-;-;-
03.09.2025 17:00;03.09.2025 17:15;-;67,000;-;-;-
03.09.2025 17:15;03.09.2025 17:30;-;67,000;-;-;-
03.09.2025 17:30;03.09.2025 17:45;-;67,000;-;-;-
03.09.2025 17:45;03.09.2025 18:00;-;67,000;-;-;-
03.09.2025 18:00;03.09.2025 18:15;-;148,250;-;-;-
03.09.2025 18:15;03.09.2025 18:30;-;148,250;-;-;-
03.09.2025 18:30;03.09.2025 18:45;-;148,250;-;-;-
03.09.2025 18:45;03.09.2025 19:00;-;148,250;-;-;-
03.09.2025 19:00;03.09.2025 19:15;-;194,750;-;-;-
03.09.2025 19:15;03.09.2025 19:30;-;194,750;-;-;-
03.09.2025 19:30;03.09.2025 19:45;-;194,750;-;-;-
03.09.2025 19:45;03.09.2025 20:00;-;194,750;-;-;-
03.09.2025 20:00;03.09.2025 20:15;-;200,000;-;-;-
03.09.2025 20:15;03.09.2025 20:30;-;200,000;-;-;-
03.09.2025 20:30;03.09.2025 20:45;-;200,000;-;-;-
03.09.2025 20:45;03.09.2025 21:00;-;200,000;-;-;-
03.09.2025 21:00;03.09.2025 21:15;-;190,750;-;-;-
03.09.2025 21:15;03.09.2025 21:30;-;190,750;-;-;-
03.09.2025 21:30;03.09.2025 21:45;-;190,750;-;-;-
03.09.2025 21:45;03.09.2025 22:00;-;190,750;-;-;-
03.09.2025 22:00;03.09.2025 22:15;-;171,250;-;-;-
03.09.2025 22:15;03.09.2025 22:30;-;171,250;-;-;-
03.09.2025 22:30;03.09.2025 22:45;-;171,250;-;-;-
03.09.2025 22:45;03.09.2025 23:00;-;171,250;-;-;-
03.09.2025 23:00;03.09.2025 23:15;-;-;-;-;-
03.09.2025 23:15;03.09.2025 23:30;-;-;-;-;-
03.09.2025 23:30;03.09.2025 23:45;-;-;-;-;-
03.09.2025 23:45;04.09.2025 00:00;-;-;-;-;-
04.09.2025 00:00;04.09.2025 00:15;-;-;-;-;-
04.09.2025 00:15;04.09.2025 00:30;-;-;-;-;-
04.09.2025 00:30;04.09.2025 00:45;-;-;-;-;-
04.09.2025 00:45;04.09.2025 01:00;-;-;-;-;-
04.09.2025 01:00;04.09.2025 01:15;-;-;-;-;-
04.09.2025 01:15;04.09.2025 01:30;-;-;-;-;-
04.09.2025 01:30;04.09.2025 01:45;-;-;-;-;-
04.09.2025 01:45;04.09.2025 02:00;-;-;-;-;-
04.09.2025 02:00;04.09.2025 02:15;-;-;-;-;-
04.09.2025 02:15;04.09.2025 02:30;-;-;-;-;-
04.09.2025 02:30;04.09.2025 02:45;-;-;-;-;-
04.09.2025 02:45;04.09.2025 03:00;-;-;-;-;-
04.09.2025 03:00;04.09.2025 03:15;-;-;-;-;-
04.09.2025 03:15;04.09.2025 03:30;-;-;-;-;-
04.09.2025 03:30;04.09.2025 03:45;-;-;-;-;-
04.09.2025 03:45;04.09.2025 04:00;-;-;-;-;-
04.09.2025 04:00;04.09.2025 04:15;-;-;-;-;-
04.09.2025 04:15;04.09.2025 04:30;-;-;-;-;-
04.09.2025 04:30;04.09.2025 04:45;-;-;-;-;-
04.09.2025 04:45;04.09.2025 05:00;-;-;-;-;-
04.09.2025 05:00;04.09.2025 05:15;-;-;-;-;-
04.09.2025 05:15;04.09.2025 05:30;-;-;-;-;-
04.09.2025 05:30;04.09.2025 05:45;-;-;-;-;-
04.09.2025 05:45;04.09.2025 06:00;-;-;-;-;-
04.09.2025 06:00;04.09.2025 06:15;-;-;-;-;-
04.09.2025 06:15;04.09.2025 06:30;-;-;-;-;-
04.09.2025 06:30;04.09.2025 06:45;-;-;-;-;-
04.09.2025 06:45;04.09.2025 07:00;-;-;-;-;-
04.09.2025 07:00;04.09.2025 07:15;-;-;-;-;-
04.09.2025 07:15;04.09.2025 07:30;-;-;-;-;-
04.09.2025 07:30;04.09.2025 07:45;-;-;-;-;-
04.09.2025 07:45;04.09.2025 08:00;-;-;-;-;-
04.09.2025 08:00;04.09.2025 08:15;-;-;-;-;-
04.09.2025 08:15;04.09.2025 08:30;-;-;-;-;-
04.09.2025 08:30;04.09.2025 08:45;-;-;-;-;-
04.09.2025 08:45;04.09.2025 09:00;-;-;-;-;-
04.09.2025 09:00;04.09.2025 09:15;-;-;-;-;-
04.09.2025 09:15;04.09.2025 09:30;-;-;-;-;-
04.09.2025 09:30;04.09.2025 09:45;-;-;-;-;-
04.09.2025 09:45;04.09.2025 10:00;-;-;-;-;-
04.09.2025 10:00;04.09.2025 10:15;-;-;-;-;-
04.09.2025 10:15;04.09.2025 10:30;-;-;-;-;-
04.09.2025 10:30;04.09.2025 10:45;-;-;-;-;-
04.09.2025 10:45;04.09.2025 11:00;-;-;-;-;-
04.09.2025 11:00;04.09.2025 11:15;-;-;-;-;-
04.09.2025 11:15;04.09.2025 11:30;-;-;-;-;-
04.09.2025 11:30;04.09.2025 11:45;-;-;-;-;-
04.09.2025 11:45;04.09.2025 12:00;-;-;-;-;-
04.09.2025 12:00;04.09.2025 12:15;-;-;-;-;-
04.09.2025 12:15;04.09.2025 12:30;-;-;-;-;-
04.09.2025 12:30;04.09.2025 12:45;-;-;-;-;-
04.09.2025 12:45;04.09.2025 13:00;-;-;-;-;-
04.09.2025 13:00;04.09.2025 13:15;-;-;-;-;-
04.09.2025 13:15;04.09.2025 13:30;-;-;-;-;-
04.09.2025 13:30;04.09.2025 13:45;-;-;-;-;-
04.09.2025 13:45;04.09.2025 14:00;-;-;-;-;-
04.09.2025 14:00;04.09.2025 14:15;-;-;-;-;-
04.09.2025 14:15;04.09.2025 14:30;-;-;-;-;-
04.09.2025 14:30;04.09.2025 14:45;-;-;-;-;-
04.09.2025 14:45;04.09.2025 15:00;-;-;-;-;-
04.09.2025 15:00;04.09.2025 15:15;-;-;-;-;-
04.09.2025 15:15;04.09.2025 15:30;-;-;-;-;-
04.09.2025 15:30;04.09.2025 15:45;-;-;-;-;-
04.09.2025 15:45;04.09.2025 16:00;-;-;-;-;-
04.09.2025 16:00;04.09.2025 16:15;-;-;-;-;-
04.09.2025 16:15;04.09.2025 16:30;-;-;-;-;-
04.09.2025 16:30;04.09.2025 16:45;-;-;-;-;-
04.09.2025 16:45;04.09.2025 17:00;-;-;-;-;-
04.09.2025 17:00;04.09.2025 17:15;-;-;-;-;-
04.09.2025 17:15;04.09.2025 17:30;-;-;-;-;-
04.09.2025 17:30;04.09.2025 17:45;-;-;-;-;-
04.09.2025 17:45;04.09.2025 18:00;-;-;-;-;-
04.09.2025 18:00;04.09.2025 18:15;-;-;-;-;-
04.09.2025 18:15;04.09.2025 18:30;-;-;-;-;-
04.09.2025 18:30;04.09.2025 18:45;-;-;-;-;-
04.09.2025 18:45;04.09.2025 19:00;-;-;-;-;-
04.09.2025 19:00;04.09.2025 19:15;-;-;-;-;-
04.09.2025 19:15;04.09.2025 19:30;-;-;-;-;-
04.09.2025 19:30;04.09.2025 19:45;-;-;-;-;-
04.09.2025 19:45;04.09.2025 20:00;-;-;-;-;-
04.09.2025 20:00;04.09.2025 20:15;-;-;-;-;-
04.09.2025 20:15;04.09.2025 20:30;-;-;-;-;-
04.09.2025 20:30;04.09.2025 20:45;-;-;-;-;-
04.09.2025 20:45;04.09.2025 21:00;-;-;-;-;-
04.09.2025 21:00;04.09.2025 21:15;-;-;-;-;-
04.09.2025 21:15;04.09.2025 21:30;-;-;-;-;-
04.09.2025 21:30;04.09.2025 21:45;-;-;-;-;-
04.09.2025 21:45;04.09.2025 22:00;-;-;-;-;-
04.09.2025 22:00;04.09.2025 22:15;-;-;-;-;-
04.09.2025 22:15;04.09.2025 22:30;-;-;-;-;-
04.09.2025 22:30;04.09.2025 22:45;-;-;-;-;-
04.09.2025 22:45;04.09.2025 23:00;-;-;-;-;-
04.09.2025 23:00;04.09.2025 23:15;-;-;-;-;-
04.09.2025 23:15;04.09.2025 23:30;-;-;-;-;-
04.09.2025 23:30;04.09.2025 23:45;-;-;-;-;-
04.09.2025 23:45;05.09.2025 00:00;-;-;-;-;-
05.09.2025 00:00;05.09.2025 00:15;-;-;-;-;-
05.09.2025 00:15;05.09.2025 00:30;-;-;-;-;-
05.09.2025 00:30;05.09.2025 00:45;-;-;-;-;-
05.09.2025 00:45;05.09.2025 01:00;-;-;-;-;-
05.09.2025 01:00;05.09.2025 01:15;-;-;-;-;-
05.09.2025 01:15;05.09.2025 01:30;-;-;-;-;-
05.09.2025 01:30;05.09.2025 01:45;-;-;-;-;-
05.09.2025 01:45;05.09.2025 02:00;-;-;-;-;-
05.09.2025 02:00;05.09.2025 02:15;-;-;-;-;-
05.09.2025 02:15;05.09.2025 02:30;-;-;-;-;-
05.09.2025 02:30;05.09.2025 02:45;-;-;-;-;-
05.09.2025 02:45;05.09.2025 03:00;-;-;-;-;-
05.09.2025 03:00;05.09.2025 03:15;-;-;-;-;-
05.09.2025 03:15;05.09.2025 03:30;-;-;-;-;-
05.09.2025 03:30;05.09.2025 03:45;-;-;-;-;-
05.09.2025 03:45;05.09.2025 04:00;-;-;-;-;-
05.09.2025 04:00;05.09.2025 04:15;-;-;-;-;-
05.09.2025 04:15;05.09.2025 04:30;-;-;-;-;-
05.09.2025 04:30;05.09.2025 04:45;-;-;-;-;-
05.09.2025 04:45;05.09.2025 05:00;-;-;-;-;-
05.09.2025 05:00;05.09.2025 05:15;-;-;-;-;-
05.09.2025 05:15;05.09.2025 05:30;-;-;-;-;-
05.09.2025 05:30;05.09.2025 05:45;-;-;-;-;-
05.09.2025 05:45;05.09.2025 06:00;-;-;-;-;-
05.09.2025 06:00;05.09.2025 06:15;-;-;-;-;-
05.09.2025 06:15;05.09.2025 06:30;-;-;-;-;-
05.09.2025 06:30;05.09.2025 06:45;-;-;-;-;-
05.09.2025 06:45;05.09.2025 07:00;-;-;-;-;-
05.09.2025 07:00;05.09.2025 07:15;-;-;-;-;-
05.09.2025 07:15;05.09.2025 07:30;-;-;-;-;-
05.09.2025 07:30;05.09.2025 07:45;-;-;-;-;-
05.09.2025 07:45;05.09.2025 08:00;-;-;-;-;-
05.09.2025 08:00;05.09.2025 08:15;-;-;-;-;-
05.09.2025 08:15;05.09.2025 08:30;-;-;-;-;-
05.09.2025 08:30;05.09.2025 08:45;-;-;-;-;-
05.09.2025 08:45;05.09.2025 09:00;-;-;-;-;-
05.09.2025 09:00;05.09.2025 09:15;-;-;-;-;-
05.09.2025 09:15;05.09.2025 09:30;-;-;-;-;-
05.09.2025 09:30;05.09.2025 09:45;-;-;-;-;-
05.09.2025 09:45;05.09.2025 10:00;-;-;-;-;-
05.09.2025 10:00;05.09.2025 10:15;-;-;-;-;-
05.09.2025 10:15;05.09.2025 10:30;-;-;-;-;-
05.09.2025 10:30;05.09.2025 10:45;-;-;-;-;-
05.09.2025 10:45;05.09.2025 11:00;-;-;-;-;-
05.09.2025 11:00;05.09.2025 11:15;-;-;-;-;-
05.09.2025 11:15;05.09.2025 11:30;-;-;-;-;-
05.09.2025 11:30;05.09.2025 11:45;-;-;-;-;-
05.09.2025 11:45;05.09.2025 12:00;-;-;-;-;-
05.09.2025 12:00;05.09.2025 12:15;-;-;-;-;-
05.09.2025 12:15;05.09.2025 12:30;-;-;-;-;-
05.09.2025 12:30;05.09.2025 12:45;-;-;-;-;-
05.09.2025 12:45;05.09.2025 13:00;-;-;-;-;-
05.09.2025 13:00;05.09.2025 13:15;-;-;-;-;-
05.09.2025 13:15;05.09.2025 13:30;-;-;-;-;-
05.09.2025 13:30;05.09.2025 13:45;-;-;-;-;-
05.09.2025 13:45;05.09.2025 14:00;-;-;-;-;-
05.09.2025 14:00;05.09.2025 14:15;-;-;-;-;-
05.09.2025 14:15;05.09.2025 14:30;-;-;-;-;-
05.09.2025 14:30;05.09.2025 14:45;-;-;-;-;-
05.09.2025 14:45;05.09.2025 15:00;-;-;-;-;-
05.09.2025 15:00;05.09.2025 15:15;-;-;-;-;-
05.09.2025 15:15;05.09.2025 15:30;-;-;-;-;-
05.09.2025 15:30;05.09.2025 15:45;-;-;-;-;-
05.09.2025 15:45;05.09.2025 16:00;-;-;-;-;-
05.09.2025 16:00;05.09.2025 16:15;-;-;-;-;-
05.09.2025 16:15;05.09.2025 16:30;-;-;-;-;-
05.09.2025 16:30;05.09.2025 16:45;-;-;-;-;-
05.09.2025 16:45;05.09.2025 17:00;-;-;-;-;-
05.09.2025 17:00;05.09.2025 17:15;-;-;-;-;-
05.09.2025 17:15;05.09.2025 17:30;-;-;-;-;-
05.09.2025 17:30;05.09.2025 17:45;-;-;-;-;-
05.09.2025 17:45;05.09.2025 18:00;-;-;-;-;-
05.09.2025 18:00;05.09.2025 18:15;-;-;-;-;-
05.09.2025 18:15;05.09.2025 18:30;-;-;-;-;-
05.09.2025 18:30;05.09.2025 18:45;-;-;-;-;-
05.09.2025 18:45;05.09.2025 19:00;-;-;-;-;-
05.09.2025 19:00;05.09.2025 19:15;-;-;-;-;-
05.09.2025 19:15;05.09.2025 19:30;-;-;-;-;-
05.09.2025 19:30;05.09.2025 19:45;-;-;-;-;-
05.09.2025 19:45;05.09.2025 20:00;-;-;-;-;-
05.09.2025 20:00;05.09.2025 20:15;-;-;-;-;-
05.09.2025 20:15;05.09.2025 20:30;-;-;-;-;-
05.09.2025 20:30;05.09.2025 20:45;-;-;-;-;-
05.09.2025 20:45;05.09.2025 21:00;-;-;-;-;-
05.09.2025 21:00;05.09.2025 21:15;-;-;-;-;-
05.09.2025 21:15;05.09.2025 21:30;-;-;-;-;-
05.09.2025 21:30;05.09.2025 21:45;-;-;-;-;-
05.09.2025 21:45;05.09.2025 22:00;-;-;-;-;-
05.09.2025 22:00;05.09.2025 22:15;-;-;-;-;-
05.09.2025 22:15;05.09.2025 22:30;-;-;-;-;-
05.09.2025 22:30;05.09.2025 22:45;-;-;-;-;-
05.09.2025 22:45;05.09.2025 23:00;-;-;-;-;-
05.09.2025 23:00;05.09.2025 23:15;-;-;-;-;-
05.09.2025 23:15;05.09.2025 23:30;-;-;-;-;-
05.09.2025 23:30;05.09.2025 23:45;-;-;-;-;-
05.09.2025 23:45;06.09.2025 00:00;-;-;-;-;-
