Datum von;Datum bis;Generation_DE GT12 [MW] Berechnete Auflösungen;Generation_DE GT11 [MW] Berechnete Auflösungen;Generation_DE DT10 [MW] Berechnete Auflösungen
26.08.2025 00:00;26.08.2025 00:15;-;-;-
26.08.2025 00:15;26.08.2025 00:30;-;-;-
26.08.2025 00:30;26.08.2025 00:45;-;-;-
26.08.2025 00:45;26.08.2025 01:00;-;-;-
26.08.2025 01:00;26.08.2025 01:15;-;-;-
26.08.2025 01:15;26.08.2025 01:30;-;-;-
26.08.2025 01:30;26.08.2025 01:45;-;-;-
26.08.2025 01:45;26.08.2025 02:00;-;-;-
26.08.2025 02:00;26.08.2025 02:15;-;-;-
26.08.2025 02:15;26.08.2025 02:30;-;-;-
26.08.2025 02:30;26.08.2025 02:45;-;-;-
26.08.2025 02:45;26.08.2025 03:00;-;-;-
26.08.2025 03:00;26.08.2025 03:15;-;-;-
26.08.2025 03:15;26.08.2025 03:30;-;-;-
26.08.2025 03:30;26.08.2025 03:45;-;-;-
26.08.2025 03:45;26.08.2025 04:00;-;-;-
26.08.2025 04:00;26.08.2025 04:15;-;-;-
26.08.2025 04:15;26.08.2025 04:30;-;-;-
26.08.2025 04:30;26.08.2025 04:45;-;-;-
26.08.2025 04:45;26.08.2025 05:00;-;-;-
26.08.2025 05:00;26.08.2025 05:15;-;-;-
26.08.2025 05:15;26.08.2025 05:30;-;-;-
26.08.2025 05:30;26.08.2025 05:45;-;-;-
26.08.2025 05:45;26.08.2025 06:00;-;-;-
26.08.2025 06:00;26.08.2025 06:15;-;-;-
26.08.2025 06:15;26.08.2025 06:30;-;-;-
26.08.2025 06:30;26.08.2025 06:45;-;-;-
26.08.2025 06:45;26.08.2025 07:00;-;-;-
26.08.2025 07:00;26.08.2025 07:15;-;-;-
26.08.2025 07:15;26.08.2025 07:30;-;-;-
26.08.2025 07:30;26.08.2025 07:45;-;-;-
26.08.2025 07:45;26.08.2025 08:00;-;-;-
26.08.2025 08:00;26.08.2025 08:15;-;-;-
26.08.2025 08:15;26.08.2025 08:30;-;-;-
26.08.2025 08:30;26.08.2025 08:45;-;-;-
26.08.2025 08:45;26.08.2025 09:00;-;-;-
26.08.2025 09:00;26.08.2025 09:15;-;-;-
26.08.2025 09:15;26.08.2025 09:30;-;-;-
26.08.2025 09:30;26.08.2025 09:45;-;-;-
26.08.2025 09:45;26.08.2025 10:00;-;-;-
26.08.2025 10:00;26.08.2025 10:15;-;-;-
26.08.2025 10:15;26.08.2025 10:30;-;-;-
26.08.2025 10:30;26.08.2025 10:45;-;-;-
26.08.2025 10:45;26.08.2025 11:00;-;-;-
26.08.2025 11:00;26.08.2025 11:15;-;-;-
26.08.2025 11:15;26.08.2025 11:30;-;-;-
26.08.2025 11:30;26.08.2025 11:45;-;-;-
26.08.2025 11:45;26.08.2025 12:00;-;-;-
26.08.2025 12:00;26.08.2025 12:15;-;-;-
26.08.2025 12:15;26.08.2025 12:30;-;-;-
26.08.2025 12:30;26.08.2025 12:45;-;-;-
26.08.2025 12:45;26.08.2025 13:00;-;-;-
26.08.2025 13:00;26.08.2025 13:15;-;-;-
26.08.2025 13:15;26.08.2025 13:30;-;-;-
26.08.2025 13:30;26.08.2025 13:45;-;-;-
26.08.2025 13:45;26.08.2025 14:00;-;-;-
26.08.2025 14:00;26.08.2025 14:15;-;-;-
26.08.2025 14:15;26.08.2025 14:30;-;-;-
26.08.2025 14:30;26.08.2025 14:45;-;-;-
26.08.2025 14:45;26.08.2025 15:00;-;-;-
26.08.2025 15:00;26.08.2025 15:15;-;-;-
26.08.2025 15:15;26.08.2025 15:30;-;-;-
26.08.2025 15:30;26.08.2025 15:45;-;-;-
26.08.2025 15:45;26.08.2025 16:00;-;-;-
26.08.2025 16:00;26.08.2025 16:15;-;-;-
26.08.2025 16:15;26.08.2025 16:30;-;-;-
26.08.2025 16:30;26.08.2025 16:45;-;-;-
26.08.2025 16:45;26.08.2025 17:00;-;-;-
26.08.2025 17:00;26.08.2025 17:15;-;-;-
26.08.2025 17:15;26.08.2025 17:30;-;-;-
26.08.2025 17:30;26.08.2025 17:45;-;-;-
26.08.2025 17:45;26.08.2025 18:00;-;-;-
26.08.2025 18:00;26.08.2025 18:15;-;-;-
26.08.2025 18:15;26.08.2025 18:30;-;-;-
26.08.2025 18:30;26.08.2025 18:45;-;-;-
26.08.2025 18:45;26.08.2025 19:00;-;-;-
26.08.2025 19:00;26.08.2025 19:15;-;-;-
26.08.2025 19:15;26.08.2025 19:30;-;-;-
26.08.2025 19:30;26.08.2025 19:45;-;-;-
26.08.2025 19:45;26.08.2025 20:00;-;-;-
26.08.2025 20:00;26.08.2025 20:15;-;-;-
26.08.2025 20:15;26.08.2025 20:30;-;-;-
26.08.2025 20:30;26.08.2025 20:45;-;-;-
26.08.2025 20:45;26.08.2025 21:00;-;-;-
26.08.2025 21:00;26.08.2025 21:15;-;-;-
26.08.2025 21:15;26.08.2025 21:30;-;-;-
26.08.2025 21:30;26.08.2025 21:45;-;-;-
26.08.2025 21:45;26.08.2025 22:00;-;-;-
26.08.2025 22:00;26.08.2025 22:15;-;-;-
26.08.2025 22:15;26.08.2025 22:30;-;-;-
26.08.2025 22:30;26.08.2025 22:45;-;-;-
26.08.2025 22:45;26.08.2025 23:00;-;-;-
26.08.2025 23:00;26.08.2025 23:15;-;-;-
26.08.2025 23:15;26.08.2025 23:30;-;-;-
26.08.2025 23:30;26.08.2025 23:45;-;-;-
26.08.2025 23:45;27.08.2025 00:00;-;-;-
27.08.2025 00:00;27.08.2025 00:15;-;-;-
27.08.2025 00:15;27.08.2025 00:30;-;-;-
27.08.2025 00:30;27.08.2025 00:45;-;-;-
27.08.2025 00:45;27.08.2025 01:00;-;-;-
27.08.2025 01:00;27.08.2025 01:15;-;-;-
27.08.2025 01:15;27.08.2025 01:30;-;-;-
27.08.2025 01:30;27.08.2025 01:45;-;-;-
27.08.2025 01:45;27.08.2025 02:00;-;-;-
27.08.2025 02:00;27.08.2025 02:15;-;-;-
27.08.2025 02:15;27.08.2025 02:30;-;-;-
27.08.2025 02:30;27.08.2025 02:45;-;-;-
27.08.2025 02:45;27.08.2025 03:00;-;-;-
27.08.2025 03:00;27.08.2025 03:15;-;-;-
27.08.2025 03:15;27.08.2025 03:30;-;-;-
27.08.2025 03:30;27.08.2025 03:45;-;-;-
27.08.2025 03:45;27.08.2025 04:00;-;-;-
27.08.2025 04:00;27.08.2025 04:15;-;-;-
27.08.2025 04:15;27.08.2025 04:30;-;-;-
27.08.2025 04:30;27.08.2025 04:45;-;-;-
27.08.2025 04:45;27.08.2025 05:00;-;-;-
27.08.2025 05:00;27.08.2025 05:15;-;-;-
27.08.2025 05:15;27.08.2025 05:30;-;-;-
27.08.2025 05:30;27.08.2025 05:45;-;-;-
27.08.2025 05:45;27.08.2025 06:00;-;-;-
27.08.2025 06:00;27.08.2025 06:15;-;-;-
27.08.2025 06:15;27.08.2025 06:30;-;-;-
27.08.2025 06:30;27.08.2025 06:45;-;-;-
27.08.2025 06:45;27.08.2025 07:00;-;-;-
27.08.2025 07:00;27.08.2025 07:15;-;-;-
27.08.2025 07:15;27.08.2025 07:30;-;-;-
27.08.2025 07:30;27.08.2025 07:45;-;-;-
27.08.2025 07:45;27.08.2025 08:00;-;-;-
27.08.2025 08:00;27.08.2025 08:15;-;-;-
27.08.2025 08:15;27.08.2025 08:30;-;-;-
27.08.2025 08:30;27.08.2025 08:45;-;-;-
27.08.2025 08:45;27.08.2025 09:00;-;-;-
27.08.2025 09:00;27.08.2025 09:15;-;-;-
27.08.2025 09:15;27.08.2025 09:30;-;-;-
27.08.2025 09:30;27.08.2025 09:45;-;-;-
27.08.2025 09:45;27.08.2025 10:00;-;-;-
27.08.2025 10:00;27.08.2025 10:15;-;-;-
27.08.2025 10:15;27.08.2025 10:30;-;-;-
27.08.2025 10:30;27.08.2025 10:45;-;-;-
27.08.2025 10:45;27.08.2025 11:00;-;-;-
27.08.2025 11:00;27.08.2025 11:15;-;-;-
27.08.2025 11:15;27.08.2025 11:30;-;-;-
27.08.2025 11:30;27.08.2025 11:45;-;-;-
27.08.2025 11:45;27.08.2025 12:00;-;-;-
27.08.2025 12:00;27.08.2025 12:15;-;-;-
27.08.2025 12:15;27.08.2025 12:30;-;-;-
27.08.2025 12:30;27.08.2025 12:45;-;-;-
27.08.2025 12:45;27.08.2025 13:00;-;-;-
27.08.2025 13:00;27.08.2025 13:15;-;-;-
27.08.2025 13:15;27.08.2025 13:30;-;-;-
27.08.2025 13:30;27.08.2025 13:45;-;-;-
27.08.2025 13:45;27.08.2025 14:00;-;-;-
27.08.2025 14:00;27.08.2025 14:15;-;-;-
27.08.2025 14:15;27.08.2025 14:30;-;-;-
27.08.2025 14:30;27.08.2025 14:45;-;-;-
27.08.2025 14:45;27.08.2025 15:00;-;-;-
27.08.2025 15:00;27.08.2025 15:15;-;-;-
27.08.2025 15:15;27.08.2025 15:30;-;-;-
27.08.2025 15:30;27.08.2025 15:45;-;-;-
27.08.2025 15:45;27.08.2025 16:00;-;-;-
27.08.2025 16:00;27.08.2025 16:15;-;-;-
27.08.2025 16:15;27.08.2025 16:30;-;-;-
27.08.2025 16:30;27.08.2025 16:45;-;-;-
27.08.2025 16:45;27.08.2025 17:00;-;-;-
27.08.2025 17:00;27.08.2025 17:15;-;-;-
27.08.2025 17:15;27.08.2025 17:30;-;-;-
27.08.2025 17:30;27.08.2025 17:45;-;-;-
27.08.2025 17:45;27.08.2025 18:00;-;-;-
27.08.2025 18:00;27.08.2025 18:15;-;-;-
27.08.2025 18:15;27.08.2025 18:30;-;-;-
27.08.2025 18:30;27.08.2025 18:45;-;-;-
27.08.2025 18:45;27.08.2025 19:00;-;-;-
27.08.2025 19:00;27.08.2025 19:15;-;-;-
27.08.2025 19:15;27.08.2025 19:30;-;-;-
27.08.2025 19:30;27.08.2025 19:45;-;-;-
27.08.2025 19:45;27.08.2025 20:00;-;-;-
27.08.2025 20:00;27.08.2025 20:15;-;-;-
27.08.2025 20:15;27.08.2025 20:30;-;-;-
27.08.2025 20:30;27.08.2025 20:45;-;-;-
27.08.2025 20:45;27.08.2025 21:00;-;-;-
27.08.2025 21:00;27.08.2025 21:15;-;-;-
27.08.2025 21:15;27.08.2025 21:30;-;-;-
27.08.2025 21:30;27.08.2025 21:45;-;-;-
27.08.2025 21:45;27.08.2025 22:00;-;-;-
27.08.2025 22:00;27.08.2025 22:15;-;-;-
27.08.2025 22:15;27.08.2025 22:30;-;-;-
27.08.2025 22:30;27.08.2025 22:45;-;-;-
27.08.2025 22:45;27.08.2025 23:00;-;-;-
27.08.2025 23:00;27.08.2025 23:15;-;-;-
27.08.2025 23:15;27.08.2025 23:30;-;-;-
27.08.2025 23:30;27.08.2025 23:45;-;-;-
27.08.2025 23:45;28.08.2025 00:00;-;-;-
28.08.2025 00:00;28.08.2025 00:15;41,500;41,500;-
28.08.2025 00:15;28.08.2025 00:30;41,500;41,500;-
28.08.2025 00:30;28.08.2025 00:45;41,500;41,500;-
28.08.2025 00:45;28.08.2025 01:00;41,500;41,500;-
28.08.2025 01:00;28.08.2025 01:15;43,000;43,000;-
28.08.2025 01:15;28.08.2025 01:30;43,000;43,000;-
28.08.2025 01:30;28.08.2025 01:45;43,000;43,000;-
28.08.2025 01:45;28.08.2025 02:00;43,000;43,000;-
28.08.2025 02:00;28.08.2025 02:15;43,250;43,250;-
28.08.2025 02:15;28.08.2025 02:30;43,250;43,250;-
28.08.2025 02:30;28.08.2025 02:45;43,250;43,250;-
28.08.2025 02:45;28.08.2025 03:00;43,250;43,250;-
28.08.2025 03:00;28.08.2025 03:15;43,750;43,750;-
28.08.2025 03:15;28.08.2025 03:30;43,750;43,750;-
28.08.2025 03:30;28.08.2025 03:45;43,750;43,750;-
28.08.2025 03:45;28.08.2025 04:00;43,750;43,750;-
28.08.2025 04:00;28.08.2025 04:15;45,000;45,000;-
28.08.2025 04:15;28.08.2025 04:30;45,000;45,000;-
28.08.2025 04:30;28.08.2025 04:45;45,000;45,000;-
28.08.2025 04:45;28.08.2025 05:00;45,000;45,000;-
28.08.2025 05:00;28.08.2025 05:15;44,000;44,000;-
28.08.2025 05:15;28.08.2025 05:30;44,000;44,000;-
28.08.2025 05:30;28.08.2025 05:45;44,000;44,000;-
28.08.2025 05:45;28.08.2025 06:00;44,000;44,000;-
28.08.2025 06:00;28.08.2025 06:15;45,000;45,000;-
28.08.2025 06:15;28.08.2025 06:30;45,000;45,000;-
28.08.2025 06:30;28.08.2025 06:45;45,000;45,000;-
28.08.2025 06:45;28.08.2025 07:00;45,000;45,000;-
28.08.2025 07:00;28.08.2025 07:15;46,750;46,500;-
28.08.2025 07:15;28.08.2025 07:30;46,750;46,500;-
28.08.2025 07:30;28.08.2025 07:45;46,750;46,500;-
28.08.2025 07:45;28.08.2025 08:00;46,750;46,500;-
28.08.2025 08:00;28.08.2025 08:15;47,250;47,250;-
28.08.2025 08:15;28.08.2025 08:30;47,250;47,250;-
28.08.2025 08:30;28.08.2025 08:45;47,250;47,250;-
28.08.2025 08:45;28.08.2025 09:00;47,250;47,250;-
28.08.2025 09:00;28.08.2025 09:15;47,250;47,000;-
28.08.2025 09:15;28.08.2025 09:30;47,250;47,000;-
28.08.2025 09:30;28.08.2025 09:45;47,250;47,000;-
28.08.2025 09:45;28.08.2025 10:00;47,250;47,000;-
28.08.2025 10:00;28.08.2025 10:15;45,750;45,750;-
28.08.2025 10:15;28.08.2025 10:30;45,750;45,750;-
28.08.2025 10:30;28.08.2025 10:45;45,750;45,750;-
28.08.2025 10:45;28.08.2025 11:00;45,750;45,750;-
28.08.2025 11:00;28.08.2025 11:15;43,250;43,250;-
28.08.2025 11:15;28.08.2025 11:30;43,250;43,250;-
28.08.2025 11:30;28.08.2025 11:45;43,250;43,250;-
28.08.2025 11:45;28.08.2025 12:00;43,250;43,250;-
28.08.2025 12:00;28.08.2025 12:15;42,500;42,250;-
28.08.2025 12:15;28.08.2025 12:30;42,500;42,250;-
28.08.2025 12:30;28.08.2025 12:45;42,500;42,250;-
28.08.2025 12:45;28.08.2025 13:00;42,500;42,250;-
28.08.2025 13:00;28.08.2025 13:15;43,250;43,250;-
28.08.2025 13:15;28.08.2025 13:30;43,250;43,250;-
28.08.2025 13:30;28.08.2025 13:45;43,250;43,250;-
28.08.2025 13:45;28.08.2025 14:00;43,250;43,250;-
28.08.2025 14:00;28.08.2025 14:15;40,750;40,750;-
28.08.2025 14:15;28.08.2025 14:30;40,750;40,750;-
28.08.2025 14:30;28.08.2025 14:45;40,750;40,750;-
28.08.2025 14:45;28.08.2025 15:00;40,750;40,750;-
28.08.2025 15:00;28.08.2025 15:15;40,500;40,500;-
28.08.2025 15:15;28.08.2025 15:30;40,500;40,500;-
28.08.2025 15:30;28.08.2025 15:45;40,500;40,500;-
28.08.2025 15:45;28.08.2025 16:00;40,500;40,500;-
28.08.2025 16:00;28.08.2025 16:15;40,250;40,250;-
28.08.2025 16:15;28.08.2025 16:30;40,250;40,250;-
28.08.2025 16:30;28.08.2025 16:45;40,250;40,250;-
28.08.2025 16:45;28.08.2025 17:00;40,250;40,250;-
28.08.2025 17:00;28.08.2025 17:15;42,500;42,500;-
28.08.2025 17:15;28.08.2025 17:30;42,500;42,500;-
28.08.2025 17:30;28.08.2025 17:45;42,500;42,500;-
28.08.2025 17:45;28.08.2025 18:00;42,500;42,500;-
28.08.2025 18:00;28.08.2025 18:15;44,500;44,500;-
28.08.2025 18:15;28.08.2025 18:30;44,500;44,500;-
28.08.2025 18:30;28.08.2025 18:45;44,500;44,500;-
28.08.2025 18:45;28.08.2025 19:00;44,500;44,500;-
28.08.2025 19:00;28.08.2025 19:15;45,000;45,000;-
28.08.2025 19:15;28.08.2025 19:30;45,000;45,000;-
28.08.2025 19:30;28.08.2025 19:45;45,000;45,000;-
28.08.2025 19:45;28.08.2025 20:00;45,000;45,000;-
28.08.2025 20:00;28.08.2025 20:15;45,000;45,000;-
28.08.2025 20:15;28.08.2025 20:30;45,000;45,000;-
28.08.2025 20:30;28.08.2025 20:45;45,000;45,000;-
28.08.2025 20:45;28.08.2025 21:00;45,000;45,000;-
28.08.2025 21:00;28.08.2025 21:15;44,750;44,750;-
28.08.2025 21:15;28.08.2025 21:30;44,750;44,750;-
28.08.2025 21:30;28.08.2025 21:45;44,750;44,750;-
28.08.2025 21:45;28.08.2025 22:00;44,750;44,750;-
28.08.2025 22:00;28.08.2025 22:15;38,750;38,750;-
28.08.2025 22:15;28.08.2025 22:30;38,750;38,750;-
28.08.2025 22:30;28.08.2025 22:45;38,750;38,750;-
28.08.2025 22:45;28.08.2025 23:00;38,750;38,750;-
28.08.2025 23:00;28.08.2025 23:15;36,000;36,000;-
28.08.2025 23:15;28.08.2025 23:30;36,000;36,000;-
28.08.2025 23:30;28.08.2025 23:45;36,000;36,000;-
28.08.2025 23:45;29.08.2025 00:00;36,000;36,000;-
29.08.2025 00:00;29.08.2025 00:15;35,000;35,000;-
29.08.2025 00:15;29.08.2025 00:30;35,000;35,000;-
29.08.2025 00:30;29.08.2025 00:45;35,000;35,000;-
29.08.2025 00:45;29.08.2025 01:00;35,000;35,000;-
29.08.2025 01:00;29.08.2025 01:15;35,750;35,750;-
29.08.2025 01:15;29.08.2025 01:30;35,750;35,750;-
29.08.2025 01:30;29.08.2025 01:45;35,750;35,750;-
29.08.2025 01:45;29.08.2025 02:00;35,750;35,750;-
29.08.2025 02:00;29.08.2025 02:15;37,250;37,250;-
29.08.2025 02:15;29.08.2025 02:30;37,250;37,250;-
29.08.2025 02:30;29.08.2025 02:45;37,250;37,250;-
29.08.2025 02:45;29.08.2025 03:00;37,250;37,250;-
29.08.2025 03:00;29.08.2025 03:15;37,000;37,000;-
29.08.2025 03:15;29.08.2025 03:30;37,000;37,000;-
29.08.2025 03:30;29.08.2025 03:45;37,000;37,000;-
29.08.2025 03:45;29.08.2025 04:00;37,000;37,000;-
29.08.2025 04:00;29.08.2025 04:15;38,500;38,500;-
29.08.2025 04:15;29.08.2025 04:30;38,500;38,500;-
29.08.2025 04:30;29.08.2025 04:45;38,500;38,500;-
29.08.2025 04:45;29.08.2025 05:00;38,500;38,500;-
29.08.2025 05:00;29.08.2025 05:15;38,500;38,500;-
29.08.2025 05:15;29.08.2025 05:30;38,500;38,500;-
29.08.2025 05:30;29.08.2025 05:45;38,500;38,500;-
29.08.2025 05:45;29.08.2025 06:00;38,500;38,500;-
29.08.2025 06:00;29.08.2025 06:15;43,000;43,000;-
29.08.2025 06:15;29.08.2025 06:30;43,000;43,000;-
29.08.2025 06:30;29.08.2025 06:45;43,000;43,000;-
29.08.2025 06:45;29.08.2025 07:00;43,000;43,000;-
29.08.2025 07:00;29.08.2025 07:15;49,000;46,000;-
29.08.2025 07:15;29.08.2025 07:30;49,000;46,000;-
29.08.2025 07:30;29.08.2025 07:45;49,000;46,000;-
29.08.2025 07:45;29.08.2025 08:00;49,000;46,000;-
29.08.2025 08:00;29.08.2025 08:15;49,000;48,750;-
29.08.2025 08:15;29.08.2025 08:30;49,000;48,750;-
29.08.2025 08:30;29.08.2025 08:45;49,000;48,750;-
29.08.2025 08:45;29.08.2025 09:00;49,000;48,750;-
29.08.2025 09:00;29.08.2025 09:15;41,250;40,500;-
29.08.2025 09:15;29.08.2025 09:30;41,250;40,500;-
29.08.2025 09:30;29.08.2025 09:45;41,250;40,500;-
29.08.2025 09:45;29.08.2025 10:00;41,250;40,500;-
29.08.2025 10:00;29.08.2025 10:15;31,250;31,250;-
29.08.2025 10:15;29.08.2025 10:30;31,250;31,250;-
29.08.2025 10:30;29.08.2025 10:45;31,250;31,250;-
29.08.2025 10:45;29.08.2025 11:00;31,250;31,250;-
29.08.2025 11:00;29.08.2025 11:15;22,750;22,750;-
29.08.2025 11:15;29.08.2025 11:30;22,750;22,750;-
29.08.2025 11:30;29.08.2025 11:45;22,750;22,750;-
29.08.2025 11:45;29.08.2025 12:00;22,750;22,750;-
29.08.2025 12:00;29.08.2025 12:15;22,750;22,750;-
29.08.2025 12:15;29.08.2025 12:30;22,750;22,750;-
29.08.2025 12:30;29.08.2025 12:45;22,750;22,750;-
29.08.2025 12:45;29.08.2025 13:00;22,750;22,750;-
29.08.2025 13:00;29.08.2025 13:15;24,000;24,000;-
29.08.2025 13:15;29.08.2025 13:30;24,000;24,000;-
29.08.2025 13:30;29.08.2025 13:45;24,000;24,000;-
29.08.2025 13:45;29.08.2025 14:00;24,000;24,000;-
29.08.2025 14:00;29.08.2025 14:15;24,000;24,250;-
29.08.2025 14:15;29.08.2025 14:30;24,000;24,250;-
29.08.2025 14:30;29.08.2025 14:45;24,000;24,250;-
29.08.2025 14:45;29.08.2025 15:00;24,000;24,250;-
29.08.2025 15:00;29.08.2025 15:15;23,250;23,250;-
29.08.2025 15:15;29.08.2025 15:30;23,250;23,250;-
29.08.2025 15:30;29.08.2025 15:45;23,250;23,250;-
29.08.2025 15:45;29.08.2025 16:00;23,250;23,250;-
29.08.2025 16:00;29.08.2025 16:15;24,250;24,250;-
29.08.2025 16:15;29.08.2025 16:30;24,250;24,250;-
29.08.2025 16:30;29.08.2025 16:45;24,250;24,250;-
29.08.2025 16:45;29.08.2025 17:00;24,250;24,250;-
29.08.2025 17:00;29.08.2025 17:15;25,750;25,750;-
29.08.2025 17:15;29.08.2025 17:30;25,750;25,750;-
29.08.2025 17:30;29.08.2025 17:45;25,750;25,750;-
29.08.2025 17:45;29.08.2025 18:00;25,750;25,750;-
29.08.2025 18:00;29.08.2025 18:15;33,750;33,750;-
29.08.2025 18:15;29.08.2025 18:30;33,750;33,750;-
29.08.2025 18:30;29.08.2025 18:45;33,750;33,750;-
29.08.2025 18:45;29.08.2025 19:00;33,750;33,750;-
29.08.2025 19:00;29.08.2025 19:15;36,250;36,250;-
29.08.2025 19:15;29.08.2025 19:30;36,250;36,250;-
29.08.2025 19:30;29.08.2025 19:45;36,250;36,250;-
29.08.2025 19:45;29.08.2025 20:00;36,250;36,250;-
29.08.2025 20:00;29.08.2025 20:15;43,500;43,500;-
29.08.2025 20:15;29.08.2025 20:30;43,500;43,500;-
29.08.2025 20:30;29.08.2025 20:45;43,500;43,500;-
29.08.2025 20:45;29.08.2025 21:00;43,500;43,500;-
29.08.2025 21:00;29.08.2025 21:15;38,500;38,500;-
29.08.2025 21:15;29.08.2025 21:30;38,500;38,500;-
29.08.2025 21:30;29.08.2025 21:45;38,500;38,500;-
29.08.2025 21:45;29.08.2025 22:00;38,500;38,500;-
29.08.2025 22:00;29.08.2025 22:15;33,750;33,750;-
29.08.2025 22:15;29.08.2025 22:30;33,750;33,750;-
29.08.2025 22:30;29.08.2025 22:45;33,750;33,750;-
29.08.2025 22:45;29.08.2025 23:00;33,750;33,750;-
29.08.2025 23:00;29.08.2025 23:15;34,500;34,500;-
29.08.2025 23:15;29.08.2025 23:30;34,500;34,500;-
29.08.2025 23:30;29.08.2025 23:45;34,500;34,500;-
29.08.2025 23:45;30.08.2025 00:00;34,500;34,500;-
30.08.2025 00:00;30.08.2025 00:15;35,000;35,000;-
30.08.2025 00:15;30.08.2025 00:30;35,000;35,000;-
30.08.2025 00:30;30.08.2025 00:45;35,000;35,000;-
30.08.2025 00:45;30.08.2025 01:00;35,000;35,000;-
30.08.2025 01:00;30.08.2025 01:15;34,750;34,750;-
30.08.2025 01:15;30.08.2025 01:30;34,750;34,750;-
30.08.2025 01:30;30.08.2025 01:45;34,750;34,750;-
30.08.2025 01:45;30.08.2025 02:00;34,750;34,750;-
30.08.2025 02:00;30.08.2025 02:15;34,500;34,500;-
30.08.2025 02:15;30.08.2025 02:30;34,500;34,500;-
30.08.2025 02:30;30.08.2025 02:45;34,500;34,500;-
30.08.2025 02:45;30.08.2025 03:00;34,500;34,500;-
30.08.2025 03:00;30.08.2025 03:15;30,750;30,750;-
30.08.2025 03:15;30.08.2025 03:30;30,750;30,750;-
30.08.2025 03:30;30.08.2025 03:45;30,750;30,750;-
30.08.2025 03:45;30.08.2025 04:00;30,750;30,750;-
30.08.2025 04:00;30.08.2025 04:15;34,250;34,250;-
30.08.2025 04:15;30.08.2025 04:30;34,250;34,250;-
30.08.2025 04:30;30.08.2025 04:45;34,250;34,250;-
30.08.2025 04:45;30.08.2025 05:00;34,250;34,250;-
30.08.2025 05:00;30.08.2025 05:15;34,500;34,500;-
30.08.2025 05:15;30.08.2025 05:30;34,500;34,500;-
30.08.2025 05:30;30.08.2025 05:45;34,500;34,500;-
30.08.2025 05:45;30.08.2025 06:00;34,500;34,500;-
30.08.2025 06:00;30.08.2025 06:15;34,500;34,500;-
30.08.2025 06:15;30.08.2025 06:30;34,500;34,500;-
30.08.2025 06:30;30.08.2025 06:45;34,500;34,500;-
30.08.2025 06:45;30.08.2025 07:00;34,500;34,500;-
30.08.2025 07:00;30.08.2025 07:15;34,750;34,750;-
30.08.2025 07:15;30.08.2025 07:30;34,750;34,750;-
30.08.2025 07:30;30.08.2025 07:45;34,750;34,750;-
30.08.2025 07:45;30.08.2025 08:00;34,750;34,750;-
30.08.2025 08:00;30.08.2025 08:15;36,000;36,000;-
30.08.2025 08:15;30.08.2025 08:30;36,000;36,000;-
30.08.2025 08:30;30.08.2025 08:45;36,000;36,000;-
30.08.2025 08:45;30.08.2025 09:00;36,000;36,000;-
30.08.2025 09:00;30.08.2025 09:15;32,250;32,250;-
30.08.2025 09:15;30.08.2025 09:30;32,250;32,250;-
30.08.2025 09:30;30.08.2025 09:45;32,250;32,250;-
30.08.2025 09:45;30.08.2025 10:00;32,250;32,250;-
30.08.2025 10:00;30.08.2025 10:15;29,250;15,000;-
30.08.2025 10:15;30.08.2025 10:30;29,250;15,000;-
30.08.2025 10:30;30.08.2025 10:45;29,250;15,000;-
30.08.2025 10:45;30.08.2025 11:00;29,250;15,000;-
30.08.2025 11:00;30.08.2025 11:15;21,750;0,000;-
30.08.2025 11:15;30.08.2025 11:30;21,750;0,000;-
30.08.2025 11:30;30.08.2025 11:45;21,750;0,000;-
30.08.2025 11:45;30.08.2025 12:00;21,750;0,000;-
30.08.2025 12:00;30.08.2025 12:15;21,500;0,000;-
30.08.2025 12:15;30.08.2025 12:30;21,500;0,000;-
30.08.2025 12:30;30.08.2025 12:45;21,500;0,000;-
30.08.2025 12:45;30.08.2025 13:00;21,500;0,000;-
30.08.2025 13:00;30.08.2025 13:15;21,750;0,000;-
30.08.2025 13:15;30.08.2025 13:30;21,750;0,000;-
30.08.2025 13:30;30.08.2025 13:45;21,750;0,000;-
30.08.2025 13:45;30.08.2025 14:00;21,750;0,000;-
30.08.2025 14:00;30.08.2025 14:15;21,500;0,000;-
30.08.2025 14:15;30.08.2025 14:30;21,500;0,000;-
30.08.2025 14:30;30.08.2025 14:45;21,500;0,000;-
30.08.2025 14:45;30.08.2025 15:00;21,500;0,000;-
30.08.2025 15:00;30.08.2025 15:15;19,250;0,000;-
30.08.2025 15:15;30.08.2025 15:30;19,250;0,000;-
30.08.2025 15:30;30.08.2025 15:45;19,250;0,000;-
30.08.2025 15:45;30.08.2025 16:00;19,250;0,000;-
30.08.2025 16:00;30.08.2025 16:15;25,750;0,000;-
30.08.2025 16:15;30.08.2025 16:30;25,750;0,000;-
30.08.2025 16:30;30.08.2025 16:45;25,750;0,000;-
30.08.2025 16:45;30.08.2025 17:00;25,750;0,000;-
30.08.2025 17:00;30.08.2025 17:15;48,000;0,000;-
30.08.2025 17:15;30.08.2025 17:30;48,000;0,000;-
30.08.2025 17:30;30.08.2025 17:45;48,000;0,000;-
30.08.2025 17:45;30.08.2025 18:00;48,000;0,000;-
30.08.2025 18:00;30.08.2025 18:15;49,000;0,000;-
30.08.2025 18:15;30.08.2025 18:30;49,000;0,000;-
30.08.2025 18:30;30.08.2025 18:45;49,000;0,000;-
30.08.2025 18:45;30.08.2025 19:00;49,000;0,000;-
30.08.2025 19:00;30.08.2025 19:15;49,000;0,000;-
30.08.2025 19:15;30.08.2025 19:30;49,000;0,000;-
30.08.2025 19:30;30.08.2025 19:45;49,000;0,000;-
30.08.2025 19:45;30.08.2025 20:00;49,000;0,000;-
30.08.2025 20:00;30.08.2025 20:15;49,250;0,000;-
30.08.2025 20:15;30.08.2025 20:30;49,250;0,000;-
30.08.2025 20:30;30.08.2025 20:45;49,250;0,000;-
30.08.2025 20:45;30.08.2025 21:00;49,250;0,000;-
30.08.2025 21:00;30.08.2025 21:15;49,500;0,000;-
30.08.2025 21:15;30.08.2025 21:30;49,500;0,000;-
30.08.2025 21:30;30.08.2025 21:45;49,500;0,000;-
30.08.2025 21:45;30.08.2025 22:00;49,500;0,000;-
30.08.2025 22:00;30.08.2025 22:15;49,250;0,000;-
30.08.2025 22:15;30.08.2025 22:30;49,250;0,000;-
30.08.2025 22:30;30.08.2025 22:45;49,250;0,000;-
30.08.2025 22:45;30.08.2025 23:00;49,250;0,000;-
30.08.2025 23:00;30.08.2025 23:15;49,000;0,000;-
30.08.2025 23:15;30.08.2025 23:30;49,000;0,000;-
30.08.2025 23:30;30.08.2025 23:45;49,000;0,000;-
30.08.2025 23:45;31.08.2025 00:00;49,000;0,000;-
31.08.2025 00:00;31.08.2025 00:15;49,250;0,000;-
31.08.2025 00:15;31.08.2025 00:30;49,250;0,000;-
31.08.2025 00:30;31.08.2025 00:45;49,250;0,000;-
31.08.2025 00:45;31.08.2025 01:00;49,250;0,000;-
31.08.2025 01:00;31.08.2025 01:15;48,750;0,000;-
31.08.2025 01:15;31.08.2025 01:30;48,750;0,000;-
31.08.2025 01:30;31.08.2025 01:45;48,750;0,000;-
31.08.2025 01:45;31.08.2025 02:00;48,750;0,000;-
31.08.2025 02:00;31.08.2025 02:15;49,250;0,000;-
31.08.2025 02:15;31.08.2025 02:30;49,250;0,000;-
31.08.2025 02:30;31.08.2025 02:45;49,250;0,000;-
31.08.2025 02:45;31.08.2025 03:00;49,250;0,000;-
31.08.2025 03:00;31.08.2025 03:15;49,000;0,000;-
31.08.2025 03:15;31.08.2025 03:30;49,000;0,000;-
31.08.2025 03:30;31.08.2025 03:45;49,000;0,000;-
31.08.2025 03:45;31.08.2025 04:00;49,000;0,000;-
31.08.2025 04:00;31.08.2025 04:15;48,750;0,000;-
31.08.2025 04:15;31.08.2025 04:30;48,750;0,000;-
31.08.2025 04:30;31.08.2025 04:45;48,750;0,000;-
31.08.2025 04:45;31.08.2025 05:00;48,750;0,000;-
31.08.2025 05:00;31.08.2025 05:15;50,000;0,000;-
31.08.2025 05:15;31.08.2025 05:30;50,000;0,000;-
31.08.2025 05:30;31.08.2025 05:45;50,000;0,000;-
31.08.2025 05:45;31.08.2025 06:00;50,000;0,000;-
31.08.2025 06:00;31.08.2025 06:15;50,250;0,000;-
31.08.2025 06:15;31.08.2025 06:30;50,250;0,000;-
31.08.2025 06:30;31.08.2025 06:45;50,250;0,000;-
31.08.2025 06:45;31.08.2025 07:00;50,250;0,000;-
31.08.2025 07:00;31.08.2025 07:15;46,000;0,000;-
31.08.2025 07:15;31.08.2025 07:30;46,000;0,000;-
31.08.2025 07:30;31.08.2025 07:45;46,000;0,000;-
31.08.2025 07:45;31.08.2025 08:00;46,000;0,000;-
31.08.2025 08:00;31.08.2025 08:15;23,250;0,000;-
31.08.2025 08:15;31.08.2025 08:30;23,250;0,000;-
31.08.2025 08:30;31.08.2025 08:45;23,250;0,000;-
31.08.2025 08:45;31.08.2025 09:00;23,250;0,000;-
31.08.2025 09:00;31.08.2025 09:15;16,750;0,000;-
31.08.2025 09:15;31.08.2025 09:30;16,750;0,000;-
31.08.2025 09:30;31.08.2025 09:45;16,750;0,000;-
31.08.2025 09:45;31.08.2025 10:00;16,750;0,000;-
31.08.2025 10:00;31.08.2025 10:15;17,000;0,000;-
31.08.2025 10:15;31.08.2025 10:30;17,000;0,000;-
31.08.2025 10:30;31.08.2025 10:45;17,000;0,000;-
31.08.2025 10:45;31.08.2025 11:00;17,000;0,000;-
31.08.2025 11:00;31.08.2025 11:15;17,000;0,000;-
31.08.2025 11:15;31.08.2025 11:30;17,000;0,000;-
31.08.2025 11:30;31.08.2025 11:45;17,000;0,000;-
31.08.2025 11:45;31.08.2025 12:00;17,000;0,000;-
31.08.2025 12:00;31.08.2025 12:15;17,000;0,000;-
31.08.2025 12:15;31.08.2025 12:30;17,000;0,000;-
31.08.2025 12:30;31.08.2025 12:45;17,000;0,000;-
31.08.2025 12:45;31.08.2025 13:00;17,000;0,000;-
31.08.2025 13:00;31.08.2025 13:15;17,000;0,000;-
31.08.2025 13:15;31.08.2025 13:30;17,000;0,000;-
31.08.2025 13:30;31.08.2025 13:45;17,000;0,000;-
31.08.2025 13:45;31.08.2025 14:00;17,000;0,000;-
31.08.2025 14:00;31.08.2025 14:15;17,500;0,000;-
31.08.2025 14:15;31.08.2025 14:30;17,500;0,000;-
31.08.2025 14:30;31.08.2025 14:45;17,500;0,000;-
31.08.2025 14:45;31.08.2025 15:00;17,500;0,000;-
31.08.2025 15:00;31.08.2025 15:15;17,750;0,000;-
31.08.2025 15:15;31.08.2025 15:30;17,750;0,000;-
31.08.2025 15:30;31.08.2025 15:45;17,750;0,000;-
31.08.2025 15:45;31.08.2025 16:00;17,750;0,000;-
31.08.2025 16:00;31.08.2025 16:15;20,750;0,000;-
31.08.2025 16:15;31.08.2025 16:30;20,750;0,000;-
31.08.2025 16:30;31.08.2025 16:45;20,750;0,000;-
31.08.2025 16:45;31.08.2025 17:00;20,750;0,000;-
31.08.2025 17:00;31.08.2025 17:15;38,750;9,750;-
31.08.2025 17:15;31.08.2025 17:30;38,750;9,750;-
31.08.2025 17:30;31.08.2025 17:45;38,750;9,750;-
31.08.2025 17:45;31.08.2025 18:00;38,750;9,750;-
31.08.2025 18:00;31.08.2025 18:15;32,750;27,500;-
31.08.2025 18:15;31.08.2025 18:30;32,750;27,500;-
31.08.2025 18:30;31.08.2025 18:45;32,750;27,500;-
31.08.2025 18:45;31.08.2025 19:00;32,750;27,500;-
31.08.2025 19:00;31.08.2025 19:15;33,750;33,750;-
31.08.2025 19:15;31.08.2025 19:30;33,750;33,750;-
31.08.2025 19:30;31.08.2025 19:45;33,750;33,750;-
31.08.2025 19:45;31.08.2025 20:00;33,750;33,750;-
31.08.2025 20:00;31.08.2025 20:15;35,250;35,250;-
31.08.2025 20:15;31.08.2025 20:30;35,250;35,250;-
31.08.2025 20:30;31.08.2025 20:45;35,250;35,250;-
31.08.2025 20:45;31.08.2025 21:00;35,250;35,250;-
31.08.2025 21:00;31.08.2025 21:15;32,500;32,500;-
31.08.2025 21:15;31.08.2025 21:30;32,500;32,500;-
31.08.2025 21:30;31.08.2025 21:45;32,500;32,500;-
31.08.2025 21:45;31.08.2025 22:00;32,500;32,500;-
31.08.2025 22:00;31.08.2025 22:15;32,750;32,750;-
31.08.2025 22:15;31.08.2025 22:30;32,750;32,750;-
31.08.2025 22:30;31.08.2025 22:45;32,750;32,750;-
31.08.2025 22:45;31.08.2025 23:00;32,750;32,750;-
31.08.2025 23:00;31.08.2025 23:15;32,500;32,500;-
31.08.2025 23:15;31.08.2025 23:30;32,500;32,500;-
31.08.2025 23:30;31.08.2025 23:45;32,500;32,500;-
31.08.2025 23:45;01.09.2025 00:00;32,500;32,500;-
01.09.2025 00:00;01.09.2025 00:15;32,500;32,500;-
01.09.2025 00:15;01.09.2025 00:30;32,500;32,500;-
01.09.2025 00:30;01.09.2025 00:45;32,500;32,500;-
01.09.2025 00:45;01.09.2025 01:00;32,500;32,500;-
01.09.2025 01:00;01.09.2025 01:15;31,750;31,750;-
01.09.2025 01:15;01.09.2025 01:30;31,750;31,750;-
01.09.2025 01:30;01.09.2025 01:45;31,750;31,750;-
01.09.2025 01:45;01.09.2025 02:00;31,750;31,750;-
01.09.2025 02:00;01.09.2025 02:15;31,750;31,750;-
01.09.2025 02:15;01.09.2025 02:30;31,750;31,750;-
01.09.2025 02:30;01.09.2025 02:45;31,750;31,750;-
01.09.2025 02:45;01.09.2025 03:00;31,750;31,750;-
01.09.2025 03:00;01.09.2025 03:15;31,750;31,750;-
01.09.2025 03:15;01.09.2025 03:30;31,750;31,750;-
01.09.2025 03:30;01.09.2025 03:45;31,750;31,750;-
01.09.2025 03:45;01.09.2025 04:00;31,750;31,750;-
01.09.2025 04:00;01.09.2025 04:15;31,750;31,750;-
01.09.2025 04:15;01.09.2025 04:30;31,750;31,750;-
01.09.2025 04:30;01.09.2025 04:45;31,750;31,750;-
01.09.2025 04:45;01.09.2025 05:00;31,750;31,750;-
01.09.2025 05:00;01.09.2025 05:15;34,750;34,750;-
01.09.2025 05:15;01.09.2025 05:30;34,750;34,750;-
01.09.2025 05:30;01.09.2025 05:45;34,750;34,750;-
01.09.2025 05:45;01.09.2025 06:00;34,750;34,750;-
01.09.2025 06:00;01.09.2025 06:15;46,250;46,250;-
01.09.2025 06:15;01.09.2025 06:30;46,250;46,250;-
01.09.2025 06:30;01.09.2025 06:45;46,250;46,250;-
01.09.2025 06:45;01.09.2025 07:00;46,250;46,250;-
01.09.2025 07:00;01.09.2025 07:15;46,000;46,000;-
01.09.2025 07:15;01.09.2025 07:30;46,000;46,000;-
01.09.2025 07:30;01.09.2025 07:45;46,000;46,000;-
01.09.2025 07:45;01.09.2025 08:00;46,000;46,000;-
01.09.2025 08:00;01.09.2025 08:15;46,000;46,000;-
01.09.2025 08:15;01.09.2025 08:30;46,000;46,000;-
01.09.2025 08:30;01.09.2025 08:45;46,000;46,000;-
01.09.2025 08:45;01.09.2025 09:00;46,000;46,000;-
01.09.2025 09:00;01.09.2025 09:15;42,000;42,000;-
01.09.2025 09:15;01.09.2025 09:30;42,000;42,000;-
01.09.2025 09:30;01.09.2025 09:45;42,000;42,000;-
01.09.2025 09:45;01.09.2025 10:00;42,000;42,000;-
01.09.2025 10:00;01.09.2025 10:15;45,750;45,500;-
01.09.2025 10:15;01.09.2025 10:30;45,750;45,500;-
01.09.2025 10:30;01.09.2025 10:45;45,750;45,500;-
01.09.2025 10:45;01.09.2025 11:00;45,750;45,500;-
01.09.2025 11:00;01.09.2025 11:15;41,000;41,000;-
01.09.2025 11:15;01.09.2025 11:30;41,000;41,000;-
01.09.2025 11:30;01.09.2025 11:45;41,000;41,000;-
01.09.2025 11:45;01.09.2025 12:00;41,000;41,000;-
01.09.2025 12:00;01.09.2025 12:15;41,250;41,000;-
01.09.2025 12:15;01.09.2025 12:30;41,250;41,000;-
01.09.2025 12:30;01.09.2025 12:45;41,250;41,000;-
01.09.2025 12:45;01.09.2025 13:00;41,250;41,000;-
01.09.2025 13:00;01.09.2025 13:15;39,750;39,750;-
01.09.2025 13:15;01.09.2025 13:30;39,750;39,750;-
01.09.2025 13:30;01.09.2025 13:45;39,750;39,750;-
01.09.2025 13:45;01.09.2025 14:00;39,750;39,750;-
01.09.2025 14:00;01.09.2025 14:15;37,750;37,750;-
01.09.2025 14:15;01.09.2025 14:30;37,750;37,750;-
01.09.2025 14:30;01.09.2025 14:45;37,750;37,750;-
01.09.2025 14:45;01.09.2025 15:00;37,750;37,750;-
01.09.2025 15:00;01.09.2025 15:15;34,500;34,500;-
01.09.2025 15:15;01.09.2025 15:30;34,500;34,500;-
01.09.2025 15:30;01.09.2025 15:45;34,500;34,500;-
01.09.2025 15:45;01.09.2025 16:00;34,500;34,500;-
01.09.2025 16:00;01.09.2025 16:15;40,250;40,250;-
01.09.2025 16:15;01.09.2025 16:30;40,250;40,250;-
01.09.2025 16:30;01.09.2025 16:45;40,250;40,250;-
01.09.2025 16:45;01.09.2025 17:00;40,250;40,250;-
01.09.2025 17:00;01.09.2025 17:15;43,750;43,750;-
01.09.2025 17:15;01.09.2025 17:30;43,750;43,750;-
01.09.2025 17:30;01.09.2025 17:45;43,750;43,750;-
01.09.2025 17:45;01.09.2025 18:00;43,750;43,750;-
01.09.2025 18:00;01.09.2025 18:15;47,750;47,500;-
01.09.2025 18:15;01.09.2025 18:30;47,750;47,500;-
01.09.2025 18:30;01.09.2025 18:45;47,750;47,500;-
01.09.2025 18:45;01.09.2025 19:00;47,750;47,500;-
01.09.2025 19:00;01.09.2025 19:15;48,000;47,750;-
01.09.2025 19:15;01.09.2025 19:30;48,000;47,750;-
01.09.2025 19:30;01.09.2025 19:45;48,000;47,750;-
01.09.2025 19:45;01.09.2025 20:00;48,000;47,750;-
01.09.2025 20:00;01.09.2025 20:15;48,250;48,000;-
01.09.2025 20:15;01.09.2025 20:30;48,250;48,000;-
01.09.2025 20:30;01.09.2025 20:45;48,250;48,000;-
01.09.2025 20:45;01.09.2025 21:00;48,250;48,000;-
01.09.2025 21:00;01.09.2025 21:15;47,750;47,750;-
01.09.2025 21:15;01.09.2025 21:30;47,750;47,750;-
01.09.2025 21:30;01.09.2025 21:45;47,750;47,750;-
01.09.2025 21:45;01.09.2025 22:00;47,750;47,750;-
01.09.2025 22:00;01.09.2025 22:15;45,000;44,750;-
01.09.2025 22:15;01.09.2025 22:30;45,000;44,750;-
01.09.2025 22:30;01.09.2025 22:45;45,000;44,750;-
01.09.2025 22:45;01.09.2025 23:00;45,000;44,750;-
01.09.2025 23:00;01.09.2025 23:15;37,000;37,000;-
01.09.2025 23:15;01.09.2025 23:30;37,000;37,000;-
01.09.2025 23:30;01.09.2025 23:45;37,000;37,000;-
01.09.2025 23:45;02.09.2025 00:00;37,000;37,000;-
02.09.2025 00:00;02.09.2025 00:15;31,750;31,750;-
02.09.2025 00:15;02.09.2025 00:30;31,750;31,750;-
02.09.2025 00:30;02.09.2025 00:45;31,750;31,750;-
02.09.2025 00:45;02.09.2025 01:00;31,750;31,750;-
02.09.2025 01:00;02.09.2025 01:15;32,000;32,000;-
02.09.2025 01:15;02.09.2025 01:30;32,000;32,000;-
02.09.2025 01:30;02.09.2025 01:45;32,000;32,000;-
02.09.2025 01:45;02.09.2025 02:00;32,000;32,000;-
02.09.2025 02:00;02.09.2025 02:15;32,250;32,250;-
02.09.2025 02:15;02.09.2025 02:30;32,250;32,250;-
02.09.2025 02:30;02.09.2025 02:45;32,250;32,250;-
02.09.2025 02:45;02.09.2025 03:00;32,250;32,250;-
02.09.2025 03:00;02.09.2025 03:15;32,250;32,250;-
02.09.2025 03:15;02.09.2025 03:30;32,250;32,250;-
02.09.2025 03:30;02.09.2025 03:45;32,250;32,250;-
02.09.2025 03:45;02.09.2025 04:00;32,250;32,250;-
02.09.2025 04:00;02.09.2025 04:15;33,500;33,500;-
02.09.2025 04:15;02.09.2025 04:30;33,500;33,500;-
02.09.2025 04:30;02.09.2025 04:45;33,500;33,500;-
02.09.2025 04:45;02.09.2025 05:00;33,500;33,500;-
02.09.2025 05:00;02.09.2025 05:15;45,250;45,500;-
02.09.2025 05:15;02.09.2025 05:30;45,250;45,500;-
02.09.2025 05:30;02.09.2025 05:45;45,250;45,500;-
02.09.2025 05:45;02.09.2025 06:00;45,250;45,500;-
02.09.2025 06:00;02.09.2025 06:15;46,500;46,500;-
02.09.2025 06:15;02.09.2025 06:30;46,500;46,500;-
02.09.2025 06:30;02.09.2025 06:45;46,500;46,500;-
02.09.2025 06:45;02.09.2025 07:00;46,500;46,500;-
02.09.2025 07:00;02.09.2025 07:15;46,500;46,500;-
02.09.2025 07:15;02.09.2025 07:30;46,500;46,500;-
02.09.2025 07:30;02.09.2025 07:45;46,500;46,500;-
02.09.2025 07:45;02.09.2025 08:00;46,500;46,500;-
02.09.2025 08:00;02.09.2025 08:15;46,500;46,500;-
02.09.2025 08:15;02.09.2025 08:30;46,500;46,500;-
02.09.2025 08:30;02.09.2025 08:45;46,500;46,500;-
02.09.2025 08:45;02.09.2025 09:00;46,500;46,500;-
02.09.2025 09:00;02.09.2025 09:15;44,250;44,250;-
02.09.2025 09:15;02.09.2025 09:30;44,250;44,250;-
02.09.2025 09:30;02.09.2025 09:45;44,250;44,250;-
02.09.2025 09:45;02.09.2025 10:00;44,250;44,250;-
02.09.2025 10:00;02.09.2025 10:15;41,250;41,250;-
02.09.2025 10:15;02.09.2025 10:30;41,250;41,250;-
02.09.2025 10:30;02.09.2025 10:45;41,250;41,250;-
02.09.2025 10:45;02.09.2025 11:00;41,250;41,250;-
02.09.2025 11:00;02.09.2025 11:15;35,000;35,000;-
02.09.2025 11:15;02.09.2025 11:30;35,000;35,000;-
02.09.2025 11:30;02.09.2025 11:45;35,000;35,000;-
02.09.2025 11:45;02.09.2025 12:00;35,000;35,000;-
02.09.2025 12:00;02.09.2025 12:15;34,500;34,500;-
02.09.2025 12:15;02.09.2025 12:30;34,500;34,500;-
02.09.2025 12:30;02.09.2025 12:45;34,500;34,500;-
02.09.2025 12:45;02.09.2025 13:00;34,500;34,500;-
02.09.2025 13:00;02.09.2025 13:15;33,250;33,250;-
02.09.2025 13:15;02.09.2025 13:30;33,250;33,250;-
02.09.2025 13:30;02.09.2025 13:45;33,250;33,250;-
02.09.2025 13:45;02.09.2025 14:00;33,250;33,250;-
02.09.2025 14:00;02.09.2025 14:15;29,250;29,250;-
02.09.2025 14:15;02.09.2025 14:30;29,250;29,250;-
02.09.2025 14:30;02.09.2025 14:45;29,250;29,250;-
02.09.2025 14:45;02.09.2025 15:00;29,250;29,250;-
02.09.2025 15:00;02.09.2025 15:15;26,750;26,750;-
02.09.2025 15:15;02.09.2025 15:30;26,750;26,750;-
02.09.2025 15:30;02.09.2025 15:45;26,750;26,750;-
02.09.2025 15:45;02.09.2025 16:00;26,750;26,750;-
02.09.2025 16:00;02.09.2025 16:15;26,750;26,750;-
02.09.2025 16:15;02.09.2025 16:30;26,750;26,750;-
02.09.2025 16:30;02.09.2025 16:45;26,750;26,750;-
02.09.2025 16:45;02.09.2025 17:00;26,750;26,750;-
02.09.2025 17:00;02.09.2025 17:15;36,250;36,250;-
02.09.2025 17:15;02.09.2025 17:30;36,250;36,250;-
02.09.2025 17:30;02.09.2025 17:45;36,250;36,250;-
02.09.2025 17:45;02.09.2025 18:00;36,250;36,250;-
02.09.2025 18:00;02.09.2025 18:15;36,500;36,500;-
02.09.2025 18:15;02.09.2025 18:30;36,500;36,500;-
02.09.2025 18:30;02.09.2025 18:45;36,500;36,500;-
02.09.2025 18:45;02.09.2025 19:00;36,500;36,500;-
02.09.2025 19:00;02.09.2025 19:15;40,250;40,250;-
02.09.2025 19:15;02.09.2025 19:30;40,250;40,250;-
02.09.2025 19:30;02.09.2025 19:45;40,250;40,250;-
02.09.2025 19:45;02.09.2025 20:00;40,250;40,250;-
02.09.2025 20:00;02.09.2025 20:15;40,000;40,000;-
02.09.2025 20:15;02.09.2025 20:30;40,000;40,000;-
02.09.2025 20:30;02.09.2025 20:45;40,000;40,000;-
02.09.2025 20:45;02.09.2025 21:00;40,000;40,000;-
02.09.2025 21:00;02.09.2025 21:15;35,750;35,750;-
02.09.2025 21:15;02.09.2025 21:30;35,750;35,750;-
02.09.2025 21:30;02.09.2025 21:45;35,750;35,750;-
02.09.2025 21:45;02.09.2025 22:00;35,750;35,750;-
02.09.2025 22:00;02.09.2025 22:15;32,250;32,250;-
02.09.2025 22:15;02.09.2025 22:30;32,250;32,250;-
02.09.2025 22:30;02.09.2025 22:45;32,250;32,250;-
02.09.2025 22:45;02.09.2025 23:00;32,250;32,250;-
02.09.2025 23:00;02.09.2025 23:15;27,500;27,500;-
02.09.2025 23:15;02.09.2025 23:30;27,500;27,500;-
02.09.2025 23:30;02.09.2025 23:45;27,500;27,500;-
02.09.2025 23:45;03.09.2025 00:00;27,500;27,500;-
03.09.2025 00:00;03.09.2025 00:15;29,500;29,500;-
03.09.2025 00:15;03.09.2025 00:30;29,500;29,500;-
03.09.2025 00:30;03.09.2025 00:45;29,500;29,500;-
03.09.2025 00:45;03.09.2025 01:00;29,500;29,500;-
03.09.2025 01:00;03.09.2025 01:15;28,750;28,750;-
03.09.2025 01:15;03.09.2025 01:30;28,750;28,750;-
03.09.2025 01:30;03.09.2025 01:45;28,750;28,750;-
03.09.2025 01:45;03.09.2025 02:00;28,750;28,750;-
03.09.2025 02:00;03.09.2025 02:15;28,750;28,750;-
03.09.2025 02:15;03.09.2025 02:30;28,750;28,750;-
03.09.2025 02:30;03.09.2025 02:45;28,750;28,750;-
03.09.2025 02:45;03.09.2025 03:00;28,750;28,750;-
03.09.2025 03:00;03.09.2025 03:15;29,250;29,250;-
03.09.2025 03:15;03.09.2025 03:30;29,250;29,250;-
03.09.2025 03:30;03.09.2025 03:45;29,250;29,250;-
03.09.2025 03:45;03.09.2025 04:00;29,250;29,250;-
03.09.2025 04:00;03.09.2025 04:15;30,250;30,250;-
03.09.2025 04:15;03.09.2025 04:30;30,250;30,250;-
03.09.2025 04:30;03.09.2025 04:45;30,250;30,250;-
03.09.2025 04:45;03.09.2025 05:00;30,250;30,250;-
03.09.2025 05:00;03.09.2025 05:15;30,000;30,000;-
03.09.2025 05:15;03.09.2025 05:30;30,000;30,000;-
03.09.2025 05:30;03.09.2025 05:45;30,000;30,000;-
03.09.2025 05:45;03.09.2025 06:00;30,000;30,000;-
03.09.2025 06:00;03.09.2025 06:15;33,000;33,000;-
03.09.2025 06:15;03.09.2025 06:30;33,000;33,000;-
03.09.2025 06:30;03.09.2025 06:45;33,000;33,000;-
03.09.2025 06:45;03.09.2025 07:00;33,000;33,000;-
03.09.2025 07:00;03.09.2025 07:15;47,750;47,750;-
03.09.2025 07:15;03.09.2025 07:30;47,750;47,750;-
03.09.2025 07:30;03.09.2025 07:45;47,750;47,750;-
03.09.2025 07:45;03.09.2025 08:00;47,750;47,750;-
03.09.2025 08:00;03.09.2025 08:15;41,750;41,750;-
03.09.2025 08:15;03.09.2025 08:30;41,750;41,750;-
03.09.2025 08:30;03.09.2025 08:45;41,750;41,750;-
03.09.2025 08:45;03.09.2025 09:00;41,750;41,750;-
03.09.2025 09:00;03.09.2025 09:15;33,000;33,000;-
03.09.2025 09:15;03.09.2025 09:30;33,000;33,000;-
03.09.2025 09:30;03.09.2025 09:45;33,000;33,000;-
03.09.2025 09:45;03.09.2025 10:00;33,000;33,000;-
03.09.2025 10:00;03.09.2025 10:15;33,000;33,000;-
03.09.2025 10:15;03.09.2025 10:30;33,000;33,000;-
03.09.2025 10:30;03.09.2025 10:45;33,000;33,000;-
03.09.2025 10:45;03.09.2025 11:00;33,000;33,000;-
03.09.2025 11:00;03.09.2025 11:15;27,750;27,750;-
03.09.2025 11:15;03.09.2025 11:30;27,750;27,750;-
03.09.2025 11:30;03.09.2025 11:45;27,750;27,750;-
03.09.2025 11:45;03.09.2025 12:00;27,750;27,750;-
03.09.2025 12:00;03.09.2025 12:15;32,250;32,250;-
03.09.2025 12:15;03.09.2025 12:30;32,250;32,250;-
03.09.2025 12:30;03.09.2025 12:45;32,250;32,250;-
03.09.2025 12:45;03.09.2025 13:00;32,250;32,250;-
03.09.2025 13:00;03.09.2025 13:15;33,000;33,000;-
03.09.2025 13:15;03.09.2025 13:30;33,000;33,000;-
03.09.2025 13:30;03.09.2025 13:45;33,000;33,000;-
03.09.2025 13:45;03.09.2025 14:00;33,000;33,000;-
03.09.2025 14:00;03.09.2025 14:15;32,750;32,750;-
03.09.2025 14:15;03.09.2025 14:30;32,750;32,750;-
03.09.2025 14:30;03.09.2025 14:45;32,750;32,750;-
03.09.2025 14:45;03.09.2025 15:00;32,750;32,750;-
03.09.2025 15:00;03.09.2025 15:15;32,500;32,500;-
03.09.2025 15:15;03.09.2025 15:30;32,500;32,500;-
03.09.2025 15:30;03.09.2025 15:45;32,500;32,500;-
03.09.2025 15:45;03.09.2025 16:00;32,500;32,500;-
03.09.2025 16:00;03.09.2025 16:15;32,000;32,000;-
03.09.2025 16:15;03.09.2025 16:30;32,000;32,000;-
03.09.2025 16:30;03.09.2025 16:45;32,000;32,000;-
03.09.2025 16:45;03.09.2025 17:00;32,000;32,000;-
03.09.2025 17:00;03.09.2025 17:15;32,250;32,250;-
03.09.2025 17:15;03.09.2025 17:30;32,250;32,250;-
03.09.2025 17:30;03.09.2025 17:45;32,250;32,250;-
03.09.2025 17:45;03.09.2025 18:00;32,250;32,250;-
03.09.2025 18:00;03.09.2025 18:15;32,000;32,000;-
03.09.2025 18:15;03.09.2025 18:30;32,000;32,000;-
03.09.2025 18:30;03.09.2025 18:45;32,000;32,000;-
03.09.2025 18:45;03.09.2025 19:00;32,000;32,000;-
03.09.2025 19:00;03.09.2025 19:15;42,250;42,250;-
03.09.2025 19:15;03.09.2025 19:30;42,250;42,250;-
03.09.2025 19:30;03.09.2025 19:45;42,250;42,250;-
03.09.2025 19:45;03.09.2025 20:00;42,250;42,250;-
03.09.2025 20:00;03.09.2025 20:15;43,500;43,500;-
03.09.2025 20:15;03.09.2025 20:30;43,500;43,500;-
03.09.2025 20:30;03.09.2025 20:45;43,500;43,500;-
03.09.2025 20:45;03.09.2025 21:00;43,500;43,500;-
03.09.2025 21:00;03.09.2025 21:15;33,000;33,000;-
03.09.2025 21:15;03.09.2025 21:30;33,000;33,000;-
03.09.2025 21:30;03.09.2025 21:45;33,000;33,000;-
03.09.2025 21:45;03.09.2025 22:00;33,000;33,000;-
03.09.2025 22:00;03.09.2025 22:15;29,750;29,750;-
03.09.2025 22:15;03.09.2025 22:30;29,750;29,750;-
03.09.2025 22:30;03.09.2025 22:45;29,750;29,750;-
03.09.2025 22:45;03.09.2025 23:00;29,750;29,750;-
03.09.2025 23:00;03.09.2025 23:15;-;-;-
03.09.2025 23:15;03.09.2025 23:30;-;-;-
03.09.2025 23:30;03.09.2025 23:45;-;-;-
03.09.2025 23:45;04.09.2025 00:00;-;-;-
04.09.2025 00:00;04.09.2025 00:15;-;-;-
04.09.2025 00:15;04.09.2025 00:30;-;-;-
04.09.2025 00:30;04.09.2025 00:45;-;-;-
04.09.2025 00:45;04.09.2025 01:00;-;-;-
04.09.2025 01:00;04.09.2025 01:15;-;-;-
04.09.2025 01:15;04.09.2025 01:30;-;-;-
04.09.2025 01:30;04.09.2025 01:45;-;-;-
04.09.2025 01:45;04.09.2025 02:00;-;-;-
04.09.2025 02:00;04.09.2025 02:15;-;-;-
04.09.2025 02:15;04.09.2025 02:30;-;-;-
04.09.2025 02:30;04.09.2025 02:45;-;-;-
04.09.2025 02:45;04.09.2025 03:00;-;-;-
04.09.2025 03:00;04.09.2025 03:15;-;-;-
04.09.2025 03:15;04.09.2025 03:30;-;-;-
04.09.2025 03:30;04.09.2025 03:45;-;-;-
04.09.2025 03:45;04.09.2025 04:00;-;-;-
04.09.2025 04:00;04.09.2025 04:15;-;-;-
04.09.2025 04:15;04.09.2025 04:30;-;-;-
04.09.2025 04:30;04.09.2025 04:45;-;-;-
04.09.2025 04:45;04.09.2025 05:00;-;-;-
04.09.2025 05:00;04.09.2025 05:15;-;-;-
04.09.2025 05:15;04.09.2025 05:30;-;-;-
04.09.2025 05:30;04.09.2025 05:45;-;-;-
04.09.2025 05:45;04.09.2025 06:00;-;-;-
04.09.2025 06:00;04.09.2025 06:15;-;-;-
04.09.2025 06:15;04.09.2025 06:30;-;-;-
04.09.2025 06:30;04.09.2025 06:45;-;-;-
04.09.2025 06:45;04.09.2025 07:00;-;-;-
04.09.2025 07:00;04.09.2025 07:15;-;-;-
04.09.2025 07:15;04.09.2025 07:30;-;-;-
04.09.2025 07:30;04.09.2025 07:45;-;-;-
04.09.2025 07:45;04.09.2025 08:00;-;-;-
04.09.2025 08:00;04.09.2025 08:15;-;-;-
04.09.2025 08:15;04.09.2025 08:30;-;-;-
04.09.2025 08:30;04.09.2025 08:45;-;-;-
04.09.2025 08:45;04.09.2025 09:00;-;-;-
04.09.2025 09:00;04.09.2025 09:15;-;-;-
04.09.2025 09:15;04.09.2025 09:30;-;-;-
04.09.2025 09:30;04.09.2025 09:45;-;-;-
04.09.2025 09:45;04.09.2025 10:00;-;-;-
04.09.2025 10:00;04.09.2025 10:15;-;-;-
04.09.2025 10:15;04.09.2025 10:30;-;-;-
04.09.2025 10:30;04.09.2025 10:45;-;-;-
04.09.2025 10:45;04.09.2025 11:00;-;-;-
04.09.2025 11:00;04.09.2025 11:15;-;-;-
04.09.2025 11:15;04.09.2025 11:30;-;-;-
04.09.2025 11:30;04.09.2025 11:45;-;-;-
04.09.2025 11:45;04.09.2025 12:00;-;-;-
04.09.2025 12:00;04.09.2025 12:15;-;-;-
04.09.2025 12:15;04.09.2025 12:30;-;-;-
04.09.2025 12:30;04.09.2025 12:45;-;-;-
04.09.2025 12:45;04.09.2025 13:00;-;-;-
04.09.2025 13:00;04.09.2025 13:15;-;-;-
04.09.2025 13:15;04.09.2025 13:30;-;-;-
04.09.2025 13:30;04.09.2025 13:45;-;-;-
04.09.2025 13:45;04.09.2025 14:00;-;-;-
04.09.2025 14:00;04.09.2025 14:15;-;-;-
04.09.2025 14:15;04.09.2025 14:30;-;-;-
04.09.2025 14:30;04.09.2025 14:45;-;-;-
04.09.2025 14:45;04.09.2025 15:00;-;-;-
04.09.2025 15:00;04.09.2025 15:15;-;-;-
04.09.2025 15:15;04.09.2025 15:30;-;-;-
04.09.2025 15:30;04.09.2025 15:45;-;-;-
04.09.2025 15:45;04.09.2025 16:00;-;-;-
04.09.2025 16:00;04.09.2025 16:15;-;-;-
04.09.2025 16:15;04.09.2025 16:30;-;-;-
04.09.2025 16:30;04.09.2025 16:45;-;-;-
04.09.2025 16:45;04.09.2025 17:00;-;-;-
04.09.2025 17:00;04.09.2025 17:15;-;-;-
04.09.2025 17:15;04.09.2025 17:30;-;-;-
04.09.2025 17:30;04.09.2025 17:45;-;-;-
04.09.2025 17:45;04.09.2025 18:00;-;-;-
04.09.2025 18:00;04.09.2025 18:15;-;-;-
04.09.2025 18:15;04.09.2025 18:30;-;-;-
04.09.2025 18:30;04.09.2025 18:45;-;-;-
04.09.2025 18:45;04.09.2025 19:00;-;-;-
04.09.2025 19:00;04.09.2025 19:15;-;-;-
04.09.2025 19:15;04.09.2025 19:30;-;-;-
04.09.2025 19:30;04.09.2025 19:45;-;-;-
04.09.2025 19:45;04.09.2025 20:00;-;-;-
04.09.2025 20:00;04.09.2025 20:15;-;-;-
04.09.2025 20:15;04.09.2025 20:30;-;-;-
04.09.2025 20:30;04.09.2025 20:45;-;-;-
04.09.2025 20:45;04.09.2025 21:00;-;-;-
04.09.2025 21:00;04.09.2025 21:15;-;-;-
04.09.2025 21:15;04.09.2025 21:30;-;-;-
04.09.2025 21:30;04.09.2025 21:45;-;-;-
04.09.2025 21:45;04.09.2025 22:00;-;-;-
04.09.2025 22:00;04.09.2025 22:15;-;-;-
04.09.2025 22:15;04.09.2025 22:30;-;-;-
04.09.2025 22:30;04.09.2025 22:45;-;-;-
04.09.2025 22:45;04.09.2025 23:00;-;-;-
04.09.2025 23:00;04.09.2025 23:15;-;-;-
04.09.2025 23:15;04.09.2025 23:30;-;-;-
04.09.2025 23:30;04.09.2025 23:45;-;-;-
04.09.2025 23:45;05.09.2025 00:00;-;-;-
05.09.2025 00:00;05.09.2025 00:15;-;-;-
05.09.2025 00:15;05.09.2025 00:30;-;-;-
05.09.2025 00:30;05.09.2025 00:45;-;-;-
05.09.2025 00:45;05.09.2025 01:00;-;-;-
05.09.2025 01:00;05.09.2025 01:15;-;-;-
05.09.2025 01:15;05.09.2025 01:30;-;-;-
05.09.2025 01:30;05.09.2025 01:45;-;-;-
05.09.2025 01:45;05.09.2025 02:00;-;-;-
05.09.2025 02:00;05.09.2025 02:15;-;-;-
05.09.2025 02:15;05.09.2025 02:30;-;-;-
05.09.2025 02:30;05.09.2025 02:45;-;-;-
05.09.2025 02:45;05.09.2025 03:00;-;-;-
05.09.2025 03:00;05.09.2025 03:15;-;-;-
05.09.2025 03:15;05.09.2025 03:30;-;-;-
05.09.2025 03:30;05.09.2025 03:45;-;-;-
05.09.2025 03:45;05.09.2025 04:00;-;-;-
05.09.2025 04:00;05.09.2025 04:15;-;-;-
05.09.2025 04:15;05.09.2025 04:30;-;-;-
05.09.2025 04:30;05.09.2025 04:45;-;-;-
05.09.2025 04:45;05.09.2025 05:00;-;-;-
05.09.2025 05:00;05.09.2025 05:15;-;-;-
05.09.2025 05:15;05.09.2025 05:30;-;-;-
05.09.2025 05:30;05.09.2025 05:45;-;-;-
05.09.2025 05:45;05.09.2025 06:00;-;-;-
05.09.2025 06:00;05.09.2025 06:15;-;-;-
05.09.2025 06:15;05.09.2025 06:30;-;-;-
05.09.2025 06:30;05.09.2025 06:45;-;-;-
05.09.2025 06:45;05.09.2025 07:00;-;-;-
05.09.2025 07:00;05.09.2025 07:15;-;-;-
05.09.2025 07:15;05.09.2025 07:30;-;-;-
05.09.2025 07:30;05.09.2025 07:45;-;-;-
05.09.2025 07:45;05.09.2025 08:00;-;-;-
05.09.2025 08:00;05.09.2025 08:15;-;-;-
05.09.2025 08:15;05.09.2025 08:30;-;-;-
05.09.2025 08:30;05.09.2025 08:45;-;-;-
05.09.2025 08:45;05.09.2025 09:00;-;-;-
05.09.2025 09:00;05.09.2025 09:15;-;-;-
05.09.2025 09:15;05.09.2025 09:30;-;-;-
05.09.2025 09:30;05.09.2025 09:45;-;-;-
05.09.2025 09:45;05.09.2025 10:00;-;-;-
05.09.2025 10:00;05.09.2025 10:15;-;-;-
05.09.2025 10:15;05.09.2025 10:30;-;-;-
05.09.2025 10:30;05.09.2025 10:45;-;-;-
05.09.2025 10:45;05.09.2025 11:00;-;-;-
05.09.2025 11:00;05.09.2025 11:15;-;-;-
05.09.2025 11:15;05.09.2025 11:30;-;-;-
05.09.2025 11:30;05.09.2025 11:45;-;-;-
05.09.2025 11:45;05.09.2025 12:00;-;-;-
05.09.2025 12:00;05.09.2025 12:15;-;-;-
05.09.2025 12:15;05.09.2025 12:30;-;-;-
05.09.2025 12:30;05.09.2025 12:45;-;-;-
05.09.2025 12:45;05.09.2025 13:00;-;-;-
05.09.2025 13:00;05.09.2025 13:15;-;-;-
05.09.2025 13:15;05.09.2025 13:30;-;-;-
05.09.2025 13:30;05.09.2025 13:45;-;-;-
05.09.2025 13:45;05.09.2025 14:00;-;-;-
05.09.2025 14:00;05.09.2025 14:15;-;-;-
05.09.2025 14:15;05.09.2025 14:30;-;-;-
05.09.2025 14:30;05.09.2025 14:45;-;-;-
05.09.2025 14:45;05.09.2025 15:00;-;-;-
05.09.2025 15:00;05.09.2025 15:15;-;-;-
05.09.2025 15:15;05.09.2025 15:30;-;-;-
05.09.2025 15:30;05.09.2025 15:45;-;-;-
05.09.2025 15:45;05.09.2025 16:00;-;-;-
05.09.2025 16:00;05.09.2025 16:15;-;-;-
05.09.2025 16:15;05.09.2025 16:30;-;-;-
05.09.2025 16:30;05.09.2025 16:45;-;-;-
05.09.2025 16:45;05.09.2025 17:00;-;-;-
05.09.2025 17:00;05.09.2025 17:15;-;-;-
05.09.2025 17:15;05.09.2025 17:30;-;-;-
05.09.2025 17:30;05.09.2025 17:45;-;-;-
05.09.2025 17:45;05.09.2025 18:00;-;-;-
05.09.2025 18:00;05.09.2025 18:15;-;-;-
05.09.2025 18:15;05.09.2025 18:30;-;-;-
05.09.2025 18:30;05.09.2025 18:45;-;-;-
05.09.2025 18:45;05.09.2025 19:00;-;-;-
05.09.2025 19:00;05.09.2025 19:15;-;-;-
05.09.2025 19:15;05.09.2025 19:30;-;-;-
05.09.2025 19:30;05.09.2025 19:45;-;-;-
05.09.2025 19:45;05.09.2025 20:00;-;-;-
05.09.2025 20:00;05.09.2025 20:15;-;-;-
05.09.2025 20:15;05.09.2025 20:30;-;-;-
05.09.2025 20:30;05.09.2025 20:45;-;-;-
05.09.2025 20:45;05.09.2025 21:00;-;-;-
05.09.2025 21:00;05.09.2025 21:15;-;-;-
05.09.2025 21:15;05.09.2025 21:30;-;-;-
05.09.2025 21:30;05.09.2025 21:45;-;-;-
05.09.2025 21:45;05.09.2025 22:00;-;-;-
05.09.2025 22:00;05.09.2025 22:15;-;-;-
05.09.2025 22:15;05.09.2025 22:30;-;-;-
05.09.2025 22:30;05.09.2025 22:45;-;-;-
05.09.2025 22:45;05.09.2025 23:00;-;-;-
05.09.2025 23:00;05.09.2025 23:15;-;-;-
05.09.2025 23:15;05.09.2025 23:30;-;-;-
05.09.2025 23:30;05.09.2025 23:45;-;-;-
05.09.2025 23:45;06.09.2025 00:00;-;-;-
