Datum von;Datum bis;Generation_DE HKW 2 GT E [MW] Berechnete Auflösungen;Generation_DE Block 4 GT A [MW] Berechnete Auflösungen;Generation_DE GT B [MW] Berechnete Auflösungen;Generation_DE GT C [MW] Berechnete Auflösungen;Generation_DE HKW 2 DT [MW] Berechnete Auflösungen;Generation_DE HKW 1 [MW] Berechnete Auflösungen
26.08.2025 00:00;26.08.2025 00:15;-;-;-;-;50,250;-
26.08.2025 00:15;26.08.2025 00:30;-;-;-;-;50,250;-
26.08.2025 00:30;26.08.2025 00:45;-;-;-;-;50,250;-
26.08.2025 00:45;26.08.2025 01:00;-;-;-;-;50,250;-
26.08.2025 01:00;26.08.2025 01:15;-;-;-;-;29,250;-
26.08.2025 01:15;26.08.2025 01:30;-;-;-;-;29,250;-
26.08.2025 01:30;26.08.2025 01:45;-;-;-;-;29,250;-
26.08.2025 01:45;26.08.2025 02:00;-;-;-;-;29,250;-
26.08.2025 02:00;26.08.2025 02:15;-;-;-;-;29,250;-
26.08.2025 02:15;26.08.2025 02:30;-;-;-;-;29,250;-
26.08.2025 02:30;26.08.2025 02:45;-;-;-;-;29,250;-
26.08.2025 02:45;26.08.2025 03:00;-;-;-;-;29,250;-
26.08.2025 03:00;26.08.2025 03:15;-;-;-;-;29,500;-
26.08.2025 03:15;26.08.2025 03:30;-;-;-;-;29,500;-
26.08.2025 03:30;26.08.2025 03:45;-;-;-;-;29,500;-
26.08.2025 03:45;26.08.2025 04:00;-;-;-;-;29,500;-
26.08.2025 04:00;26.08.2025 04:15;-;-;-;-;29,250;-
26.08.2025 04:15;26.08.2025 04:30;-;-;-;-;29,250;-
26.08.2025 04:30;26.08.2025 04:45;-;-;-;-;29,250;-
26.08.2025 04:45;26.08.2025 05:00;-;-;-;-;29,250;-
26.08.2025 05:00;26.08.2025 05:15;-;-;-;-;33,000;-
26.08.2025 05:15;26.08.2025 05:30;-;-;-;-;33,000;-
26.08.2025 05:30;26.08.2025 05:45;-;-;-;-;33,000;-
26.08.2025 05:45;26.08.2025 06:00;-;-;-;-;33,000;-
26.08.2025 06:00;26.08.2025 06:15;-;-;-;-;46,500;-
26.08.2025 06:15;26.08.2025 06:30;-;-;-;-;46,500;-
26.08.2025 06:30;26.08.2025 06:45;-;-;-;-;46,500;-
26.08.2025 06:45;26.08.2025 07:00;-;-;-;-;46,500;-
26.08.2025 07:00;26.08.2025 07:15;-;-;-;-;53,750;-
26.08.2025 07:15;26.08.2025 07:30;-;-;-;-;53,750;-
26.08.2025 07:30;26.08.2025 07:45;-;-;-;-;53,750;-
26.08.2025 07:45;26.08.2025 08:00;-;-;-;-;53,750;-
26.08.2025 08:00;26.08.2025 08:15;-;-;-;-;54,750;-
26.08.2025 08:15;26.08.2025 08:30;-;-;-;-;54,750;-
26.08.2025 08:30;26.08.2025 08:45;-;-;-;-;54,750;-
26.08.2025 08:45;26.08.2025 09:00;-;-;-;-;54,750;-
26.08.2025 09:00;26.08.2025 09:15;-;-;-;-;53,500;-
26.08.2025 09:15;26.08.2025 09:30;-;-;-;-;53,500;-
26.08.2025 09:30;26.08.2025 09:45;-;-;-;-;53,500;-
26.08.2025 09:45;26.08.2025 10:00;-;-;-;-;53,500;-
26.08.2025 10:00;26.08.2025 10:15;-;-;-;-;32,250;-
26.08.2025 10:15;26.08.2025 10:30;-;-;-;-;32,250;-
26.08.2025 10:30;26.08.2025 10:45;-;-;-;-;32,250;-
26.08.2025 10:45;26.08.2025 11:00;-;-;-;-;32,250;-
26.08.2025 11:00;26.08.2025 11:15;-;-;-;-;28,500;-
26.08.2025 11:15;26.08.2025 11:30;-;-;-;-;28,500;-
26.08.2025 11:30;26.08.2025 11:45;-;-;-;-;28,500;-
26.08.2025 11:45;26.08.2025 12:00;-;-;-;-;28,500;-
26.08.2025 12:00;26.08.2025 12:15;-;-;-;-;27,750;-
26.08.2025 12:15;26.08.2025 12:30;-;-;-;-;27,750;-
26.08.2025 12:30;26.08.2025 12:45;-;-;-;-;27,750;-
26.08.2025 12:45;26.08.2025 13:00;-;-;-;-;27,750;-
26.08.2025 13:00;26.08.2025 13:15;-;-;-;-;28,000;-
26.08.2025 13:15;26.08.2025 13:30;-;-;-;-;28,000;-
26.08.2025 13:30;26.08.2025 13:45;-;-;-;-;28,000;-
26.08.2025 13:45;26.08.2025 14:00;-;-;-;-;28,000;-
26.08.2025 14:00;26.08.2025 14:15;-;-;-;-;27,750;-
26.08.2025 14:15;26.08.2025 14:30;-;-;-;-;27,750;-
26.08.2025 14:30;26.08.2025 14:45;-;-;-;-;27,750;-
26.08.2025 14:45;26.08.2025 15:00;-;-;-;-;27,750;-
26.08.2025 15:00;26.08.2025 15:15;-;-;-;-;28,000;-
26.08.2025 15:15;26.08.2025 15:30;-;-;-;-;28,000;-
26.08.2025 15:30;26.08.2025 15:45;-;-;-;-;28,000;-
26.08.2025 15:45;26.08.2025 16:00;-;-;-;-;28,000;-
26.08.2025 16:00;26.08.2025 16:15;-;-;-;-;31,750;-
26.08.2025 16:15;26.08.2025 16:30;-;-;-;-;31,750;-
26.08.2025 16:30;26.08.2025 16:45;-;-;-;-;31,750;-
26.08.2025 16:45;26.08.2025 17:00;-;-;-;-;31,750;-
26.08.2025 17:00;26.08.2025 17:15;-;-;-;-;50,500;-
26.08.2025 17:15;26.08.2025 17:30;-;-;-;-;50,500;-
26.08.2025 17:30;26.08.2025 17:45;-;-;-;-;50,500;-
26.08.2025 17:45;26.08.2025 18:00;-;-;-;-;50,500;-
26.08.2025 18:00;26.08.2025 18:15;-;-;-;-;53,500;-
26.08.2025 18:15;26.08.2025 18:30;-;-;-;-;53,500;-
26.08.2025 18:30;26.08.2025 18:45;-;-;-;-;53,500;-
26.08.2025 18:45;26.08.2025 19:00;-;-;-;-;53,500;-
26.08.2025 19:00;26.08.2025 19:15;-;-;-;-;53,250;-
26.08.2025 19:15;26.08.2025 19:30;-;-;-;-;53,250;-
26.08.2025 19:30;26.08.2025 19:45;-;-;-;-;53,250;-
26.08.2025 19:45;26.08.2025 20:00;-;-;-;-;53,250;-
26.08.2025 20:00;26.08.2025 20:15;-;-;-;-;53,250;-
26.08.2025 20:15;26.08.2025 20:30;-;-;-;-;53,250;-
26.08.2025 20:30;26.08.2025 20:45;-;-;-;-;53,250;-
26.08.2025 20:45;26.08.2025 21:00;-;-;-;-;53,250;-
26.08.2025 21:00;26.08.2025 21:15;-;-;-;-;53,500;-
26.08.2025 21:15;26.08.2025 21:30;-;-;-;-;53,500;-
26.08.2025 21:30;26.08.2025 21:45;-;-;-;-;53,500;-
26.08.2025 21:45;26.08.2025 22:00;-;-;-;-;53,500;-
26.08.2025 22:00;26.08.2025 22:15;-;-;-;-;53,500;-
26.08.2025 22:15;26.08.2025 22:30;-;-;-;-;53,500;-
26.08.2025 22:30;26.08.2025 22:45;-;-;-;-;53,500;-
26.08.2025 22:45;26.08.2025 23:00;-;-;-;-;53,500;-
26.08.2025 23:00;26.08.2025 23:15;-;-;-;-;53,500;-
26.08.2025 23:15;26.08.2025 23:30;-;-;-;-;53,500;-
26.08.2025 23:30;26.08.2025 23:45;-;-;-;-;53,500;-
26.08.2025 23:45;27.08.2025 00:00;-;-;-;-;53,500;-
27.08.2025 00:00;27.08.2025 00:15;-;-;-;-;42,500;-
27.08.2025 00:15;27.08.2025 00:30;-;-;-;-;42,500;-
27.08.2025 00:30;27.08.2025 00:45;-;-;-;-;42,500;-
27.08.2025 00:45;27.08.2025 01:00;-;-;-;-;42,500;-
27.08.2025 01:00;27.08.2025 01:15;-;-;-;-;29,000;-
27.08.2025 01:15;27.08.2025 01:30;-;-;-;-;29,000;-
27.08.2025 01:30;27.08.2025 01:45;-;-;-;-;29,000;-
27.08.2025 01:45;27.08.2025 02:00;-;-;-;-;29,000;-
27.08.2025 02:00;27.08.2025 02:15;-;-;-;-;29,500;-
27.08.2025 02:15;27.08.2025 02:30;-;-;-;-;29,500;-
27.08.2025 02:30;27.08.2025 02:45;-;-;-;-;29,500;-
27.08.2025 02:45;27.08.2025 03:00;-;-;-;-;29,500;-
27.08.2025 03:00;27.08.2025 03:15;-;-;-;-;29,250;-
27.08.2025 03:15;27.08.2025 03:30;-;-;-;-;29,250;-
27.08.2025 03:30;27.08.2025 03:45;-;-;-;-;29,250;-
27.08.2025 03:45;27.08.2025 04:00;-;-;-;-;29,250;-
27.08.2025 04:00;27.08.2025 04:15;-;-;-;-;29,000;-
27.08.2025 04:15;27.08.2025 04:30;-;-;-;-;29,000;-
27.08.2025 04:30;27.08.2025 04:45;-;-;-;-;29,000;-
27.08.2025 04:45;27.08.2025 05:00;-;-;-;-;29,000;-
27.08.2025 05:00;27.08.2025 05:15;-;-;-;-;31,750;-
27.08.2025 05:15;27.08.2025 05:30;-;-;-;-;31,750;-
27.08.2025 05:30;27.08.2025 05:45;-;-;-;-;31,750;-
27.08.2025 05:45;27.08.2025 06:00;-;-;-;-;31,750;-
27.08.2025 06:00;27.08.2025 06:15;-;-;-;-;52,250;-
27.08.2025 06:15;27.08.2025 06:30;-;-;-;-;52,250;-
27.08.2025 06:30;27.08.2025 06:45;-;-;-;-;52,250;-
27.08.2025 06:45;27.08.2025 07:00;-;-;-;-;52,250;-
27.08.2025 07:00;27.08.2025 07:15;-;-;-;-;53,500;-
27.08.2025 07:15;27.08.2025 07:30;-;-;-;-;53,500;-
27.08.2025 07:30;27.08.2025 07:45;-;-;-;-;53,500;-
27.08.2025 07:45;27.08.2025 08:00;-;-;-;-;53,500;-
27.08.2025 08:00;27.08.2025 08:15;-;-;-;-;53,500;-
27.08.2025 08:15;27.08.2025 08:30;-;-;-;-;53,500;-
27.08.2025 08:30;27.08.2025 08:45;-;-;-;-;53,500;-
27.08.2025 08:45;27.08.2025 09:00;-;-;-;-;53,500;-
27.08.2025 09:00;27.08.2025 09:15;-;-;-;-;50,250;-
27.08.2025 09:15;27.08.2025 09:30;-;-;-;-;50,250;-
27.08.2025 09:30;27.08.2025 09:45;-;-;-;-;50,250;-
27.08.2025 09:45;27.08.2025 10:00;-;-;-;-;50,250;-
27.08.2025 10:00;27.08.2025 10:15;-;-;-;-;33,000;-
27.08.2025 10:15;27.08.2025 10:30;-;-;-;-;33,000;-
27.08.2025 10:30;27.08.2025 10:45;-;-;-;-;33,000;-
27.08.2025 10:45;27.08.2025 11:00;-;-;-;-;33,000;-
27.08.2025 11:00;27.08.2025 11:15;-;-;-;-;30,500;-
27.08.2025 11:15;27.08.2025 11:30;-;-;-;-;30,500;-
27.08.2025 11:30;27.08.2025 11:45;-;-;-;-;30,500;-
27.08.2025 11:45;27.08.2025 12:00;-;-;-;-;30,500;-
27.08.2025 12:00;27.08.2025 12:15;-;-;-;-;30,500;-
27.08.2025 12:15;27.08.2025 12:30;-;-;-;-;30,500;-
27.08.2025 12:30;27.08.2025 12:45;-;-;-;-;30,500;-
27.08.2025 12:45;27.08.2025 13:00;-;-;-;-;30,500;-
27.08.2025 13:00;27.08.2025 13:15;-;-;-;-;30,500;-
27.08.2025 13:15;27.08.2025 13:30;-;-;-;-;30,500;-
27.08.2025 13:30;27.08.2025 13:45;-;-;-;-;30,500;-
27.08.2025 13:45;27.08.2025 14:00;-;-;-;-;30,500;-
27.08.2025 14:00;27.08.2025 14:15;-;-;-;-;30,750;-
27.08.2025 14:15;27.08.2025 14:30;-;-;-;-;30,750;-
27.08.2025 14:30;27.08.2025 14:45;-;-;-;-;30,750;-
27.08.2025 14:45;27.08.2025 15:00;-;-;-;-;30,750;-
27.08.2025 15:00;27.08.2025 15:15;-;-;-;-;30,750;-
27.08.2025 15:15;27.08.2025 15:30;-;-;-;-;30,750;-
27.08.2025 15:30;27.08.2025 15:45;-;-;-;-;30,750;-
27.08.2025 15:45;27.08.2025 16:00;-;-;-;-;30,750;-
27.08.2025 16:00;27.08.2025 16:15;-;-;-;-;31,250;-
27.08.2025 16:15;27.08.2025 16:30;-;-;-;-;31,250;-
27.08.2025 16:30;27.08.2025 16:45;-;-;-;-;31,250;-
27.08.2025 16:45;27.08.2025 17:00;-;-;-;-;31,250;-
27.08.2025 17:00;27.08.2025 17:15;-;-;-;-;49,750;-
27.08.2025 17:15;27.08.2025 17:30;-;-;-;-;49,750;-
27.08.2025 17:30;27.08.2025 17:45;-;-;-;-;49,750;-
27.08.2025 17:45;27.08.2025 18:00;-;-;-;-;49,750;-
27.08.2025 18:00;27.08.2025 18:15;-;-;-;-;53,750;-
27.08.2025 18:15;27.08.2025 18:30;-;-;-;-;53,750;-
27.08.2025 18:30;27.08.2025 18:45;-;-;-;-;53,750;-
27.08.2025 18:45;27.08.2025 19:00;-;-;-;-;53,750;-
27.08.2025 19:00;27.08.2025 19:15;-;-;-;-;53,750;-
27.08.2025 19:15;27.08.2025 19:30;-;-;-;-;53,750;-
27.08.2025 19:30;27.08.2025 19:45;-;-;-;-;53,750;-
27.08.2025 19:45;27.08.2025 20:00;-;-;-;-;53,750;-
27.08.2025 20:00;27.08.2025 20:15;-;-;-;-;53,500;-
27.08.2025 20:15;27.08.2025 20:30;-;-;-;-;53,500;-
27.08.2025 20:30;27.08.2025 20:45;-;-;-;-;53,500;-
27.08.2025 20:45;27.08.2025 21:00;-;-;-;-;53,500;-
27.08.2025 21:00;27.08.2025 21:15;-;-;-;-;54,000;-
27.08.2025 21:15;27.08.2025 21:30;-;-;-;-;54,000;-
27.08.2025 21:30;27.08.2025 21:45;-;-;-;-;54,000;-
27.08.2025 21:45;27.08.2025 22:00;-;-;-;-;54,000;-
27.08.2025 22:00;27.08.2025 22:15;-;-;-;-;53,750;-
27.08.2025 22:15;27.08.2025 22:30;-;-;-;-;53,750;-
27.08.2025 22:30;27.08.2025 22:45;-;-;-;-;53,750;-
27.08.2025 22:45;27.08.2025 23:00;-;-;-;-;53,750;-
27.08.2025 23:00;27.08.2025 23:15;-;-;-;-;53,750;-
27.08.2025 23:15;27.08.2025 23:30;-;-;-;-;53,750;-
27.08.2025 23:30;27.08.2025 23:45;-;-;-;-;53,750;-
27.08.2025 23:45;28.08.2025 00:00;-;-;-;-;53,750;-
28.08.2025 00:00;28.08.2025 00:15;-;-;-;-;53,000;-
28.08.2025 00:15;28.08.2025 00:30;-;-;-;-;53,000;-
28.08.2025 00:30;28.08.2025 00:45;-;-;-;-;53,000;-
28.08.2025 00:45;28.08.2025 01:00;-;-;-;-;53,000;-
28.08.2025 01:00;28.08.2025 01:15;-;-;-;-;31,750;-
28.08.2025 01:15;28.08.2025 01:30;-;-;-;-;31,750;-
28.08.2025 01:30;28.08.2025 01:45;-;-;-;-;31,750;-
28.08.2025 01:45;28.08.2025 02:00;-;-;-;-;31,750;-
28.08.2025 02:00;28.08.2025 02:15;-;-;-;-;29,500;-
28.08.2025 02:15;28.08.2025 02:30;-;-;-;-;29,500;-
28.08.2025 02:30;28.08.2025 02:45;-;-;-;-;29,500;-
28.08.2025 02:45;28.08.2025 03:00;-;-;-;-;29,500;-
28.08.2025 03:00;28.08.2025 03:15;-;-;-;-;29,250;-
28.08.2025 03:15;28.08.2025 03:30;-;-;-;-;29,250;-
28.08.2025 03:30;28.08.2025 03:45;-;-;-;-;29,250;-
28.08.2025 03:45;28.08.2025 04:00;-;-;-;-;29,250;-
28.08.2025 04:00;28.08.2025 04:15;-;-;-;-;29,500;-
28.08.2025 04:15;28.08.2025 04:30;-;-;-;-;29,500;-
28.08.2025 04:30;28.08.2025 04:45;-;-;-;-;29,500;-
28.08.2025 04:45;28.08.2025 05:00;-;-;-;-;29,500;-
28.08.2025 05:00;28.08.2025 05:15;-;-;-;-;30,750;-
28.08.2025 05:15;28.08.2025 05:30;-;-;-;-;30,750;-
28.08.2025 05:30;28.08.2025 05:45;-;-;-;-;30,750;-
28.08.2025 05:45;28.08.2025 06:00;-;-;-;-;30,750;-
28.08.2025 06:00;28.08.2025 06:15;-;-;-;-;48,500;-
28.08.2025 06:15;28.08.2025 06:30;-;-;-;-;48,500;-
28.08.2025 06:30;28.08.2025 06:45;-;-;-;-;48,500;-
28.08.2025 06:45;28.08.2025 07:00;-;-;-;-;48,500;-
28.08.2025 07:00;28.08.2025 07:15;-;-;-;-;51,500;-
28.08.2025 07:15;28.08.2025 07:30;-;-;-;-;51,500;-
28.08.2025 07:30;28.08.2025 07:45;-;-;-;-;51,500;-
28.08.2025 07:45;28.08.2025 08:00;-;-;-;-;51,500;-
28.08.2025 08:00;28.08.2025 08:15;-;-;-;-;51,500;-
28.08.2025 08:15;28.08.2025 08:30;-;-;-;-;51,500;-
28.08.2025 08:30;28.08.2025 08:45;-;-;-;-;51,500;-
28.08.2025 08:45;28.08.2025 09:00;-;-;-;-;51,500;-
28.08.2025 09:00;28.08.2025 09:15;-;-;-;-;51,500;-
28.08.2025 09:15;28.08.2025 09:30;-;-;-;-;51,500;-
28.08.2025 09:30;28.08.2025 09:45;-;-;-;-;51,500;-
28.08.2025 09:45;28.08.2025 10:00;-;-;-;-;51,500;-
28.08.2025 10:00;28.08.2025 10:15;-;-;-;-;45,250;-
28.08.2025 10:15;28.08.2025 10:30;-;-;-;-;45,250;-
28.08.2025 10:30;28.08.2025 10:45;-;-;-;-;45,250;-
28.08.2025 10:45;28.08.2025 11:00;-;-;-;-;45,250;-
28.08.2025 11:00;28.08.2025 11:15;-;-;-;-;29,000;-
28.08.2025 11:15;28.08.2025 11:30;-;-;-;-;29,000;-
28.08.2025 11:30;28.08.2025 11:45;-;-;-;-;29,000;-
28.08.2025 11:45;28.08.2025 12:00;-;-;-;-;29,000;-
28.08.2025 12:00;28.08.2025 12:15;-;-;-;-;29,250;-
28.08.2025 12:15;28.08.2025 12:30;-;-;-;-;29,250;-
28.08.2025 12:30;28.08.2025 12:45;-;-;-;-;29,250;-
28.08.2025 12:45;28.08.2025 13:00;-;-;-;-;29,250;-
28.08.2025 13:00;28.08.2025 13:15;-;-;-;-;29,000;-
28.08.2025 13:15;28.08.2025 13:30;-;-;-;-;29,000;-
28.08.2025 13:30;28.08.2025 13:45;-;-;-;-;29,000;-
28.08.2025 13:45;28.08.2025 14:00;-;-;-;-;29,000;-
28.08.2025 14:00;28.08.2025 14:15;-;-;-;-;29,500;-
28.08.2025 14:15;28.08.2025 14:30;-;-;-;-;29,500;-
28.08.2025 14:30;28.08.2025 14:45;-;-;-;-;29,500;-
28.08.2025 14:45;28.08.2025 15:00;-;-;-;-;29,500;-
28.08.2025 15:00;28.08.2025 15:15;-;-;-;-;29,250;-
28.08.2025 15:15;28.08.2025 15:30;-;-;-;-;29,250;-
28.08.2025 15:30;28.08.2025 15:45;-;-;-;-;29,250;-
28.08.2025 15:45;28.08.2025 16:00;-;-;-;-;29,250;-
28.08.2025 16:00;28.08.2025 16:15;-;-;-;-;29,500;-
28.08.2025 16:15;28.08.2025 16:30;-;-;-;-;29,500;-
28.08.2025 16:30;28.08.2025 16:45;-;-;-;-;29,500;-
28.08.2025 16:45;28.08.2025 17:00;-;-;-;-;29,500;-
28.08.2025 17:00;28.08.2025 17:15;-;-;-;-;38,000;-
28.08.2025 17:15;28.08.2025 17:30;-;-;-;-;38,000;-
28.08.2025 17:30;28.08.2025 17:45;-;-;-;-;38,000;-
28.08.2025 17:45;28.08.2025 18:00;-;-;-;-;38,000;-
28.08.2025 18:00;28.08.2025 18:15;-;-;-;-;51,500;-
28.08.2025 18:15;28.08.2025 18:30;-;-;-;-;51,500;-
28.08.2025 18:30;28.08.2025 18:45;-;-;-;-;51,500;-
28.08.2025 18:45;28.08.2025 19:00;-;-;-;-;51,500;-
28.08.2025 19:00;28.08.2025 19:15;-;-;-;-;52,500;-
28.08.2025 19:15;28.08.2025 19:30;-;-;-;-;52,500;-
28.08.2025 19:30;28.08.2025 19:45;-;-;-;-;52,500;-
28.08.2025 19:45;28.08.2025 20:00;-;-;-;-;52,500;-
28.08.2025 20:00;28.08.2025 20:15;-;-;-;-;52,750;-
28.08.2025 20:15;28.08.2025 20:30;-;-;-;-;52,750;-
28.08.2025 20:30;28.08.2025 20:45;-;-;-;-;52,750;-
28.08.2025 20:45;28.08.2025 21:00;-;-;-;-;52,750;-
28.08.2025 21:00;28.08.2025 21:15;-;-;-;-;52,250;-
28.08.2025 21:15;28.08.2025 21:30;-;-;-;-;52,250;-
28.08.2025 21:30;28.08.2025 21:45;-;-;-;-;52,250;-
28.08.2025 21:45;28.08.2025 22:00;-;-;-;-;52,250;-
28.08.2025 22:00;28.08.2025 22:15;-;-;-;-;22,250;-
28.08.2025 22:15;28.08.2025 22:30;-;-;-;-;22,250;-
28.08.2025 22:30;28.08.2025 22:45;-;-;-;-;22,250;-
28.08.2025 22:45;28.08.2025 23:00;-;-;-;-;22,250;-
28.08.2025 23:00;28.08.2025 23:15;-;-;-;-;0,000;-
28.08.2025 23:15;28.08.2025 23:30;-;-;-;-;0,000;-
28.08.2025 23:30;28.08.2025 23:45;-;-;-;-;0,000;-
28.08.2025 23:45;29.08.2025 00:00;-;-;-;-;0,000;-
29.08.2025 00:00;29.08.2025 00:15;-;-;-;-;0,000;-
29.08.2025 00:15;29.08.2025 00:30;-;-;-;-;0,000;-
29.08.2025 00:30;29.08.2025 00:45;-;-;-;-;0,000;-
29.08.2025 00:45;29.08.2025 01:00;-;-;-;-;0,000;-
29.08.2025 01:00;29.08.2025 01:15;-;-;-;-;0,000;-
29.08.2025 01:15;29.08.2025 01:30;-;-;-;-;0,000;-
29.08.2025 01:30;29.08.2025 01:45;-;-;-;-;0,000;-
29.08.2025 01:45;29.08.2025 02:00;-;-;-;-;0,000;-
29.08.2025 02:00;29.08.2025 02:15;-;-;-;-;0,000;-
29.08.2025 02:15;29.08.2025 02:30;-;-;-;-;0,000;-
29.08.2025 02:30;29.08.2025 02:45;-;-;-;-;0,000;-
29.08.2025 02:45;29.08.2025 03:00;-;-;-;-;0,000;-
29.08.2025 03:00;29.08.2025 03:15;-;-;-;-;0,000;-
29.08.2025 03:15;29.08.2025 03:30;-;-;-;-;0,000;-
29.08.2025 03:30;29.08.2025 03:45;-;-;-;-;0,000;-
29.08.2025 03:45;29.08.2025 04:00;-;-;-;-;0,000;-
29.08.2025 04:00;29.08.2025 04:15;-;-;-;-;0,000;-
29.08.2025 04:15;29.08.2025 04:30;-;-;-;-;0,000;-
29.08.2025 04:30;29.08.2025 04:45;-;-;-;-;0,000;-
29.08.2025 04:45;29.08.2025 05:00;-;-;-;-;0,000;-
29.08.2025 05:00;29.08.2025 05:15;-;-;-;-;0,000;-
29.08.2025 05:15;29.08.2025 05:30;-;-;-;-;0,000;-
29.08.2025 05:30;29.08.2025 05:45;-;-;-;-;0,000;-
29.08.2025 05:45;29.08.2025 06:00;-;-;-;-;0,000;-
29.08.2025 06:00;29.08.2025 06:15;-;-;-;-;0,000;-
29.08.2025 06:15;29.08.2025 06:30;-;-;-;-;0,000;-
29.08.2025 06:30;29.08.2025 06:45;-;-;-;-;0,000;-
29.08.2025 06:45;29.08.2025 07:00;-;-;-;-;0,000;-
29.08.2025 07:00;29.08.2025 07:15;-;-;-;-;0,000;-
29.08.2025 07:15;29.08.2025 07:30;-;-;-;-;0,000;-
29.08.2025 07:30;29.08.2025 07:45;-;-;-;-;0,000;-
29.08.2025 07:45;29.08.2025 08:00;-;-;-;-;0,000;-
29.08.2025 08:00;29.08.2025 08:15;-;-;-;-;0,000;-
29.08.2025 08:15;29.08.2025 08:30;-;-;-;-;0,000;-
29.08.2025 08:30;29.08.2025 08:45;-;-;-;-;0,000;-
29.08.2025 08:45;29.08.2025 09:00;-;-;-;-;0,000;-
29.08.2025 09:00;29.08.2025 09:15;-;-;-;-;0,000;-
29.08.2025 09:15;29.08.2025 09:30;-;-;-;-;0,000;-
29.08.2025 09:30;29.08.2025 09:45;-;-;-;-;0,000;-
29.08.2025 09:45;29.08.2025 10:00;-;-;-;-;0,000;-
29.08.2025 10:00;29.08.2025 10:15;-;-;-;-;0,000;-
29.08.2025 10:15;29.08.2025 10:30;-;-;-;-;0,000;-
29.08.2025 10:30;29.08.2025 10:45;-;-;-;-;0,000;-
29.08.2025 10:45;29.08.2025 11:00;-;-;-;-;0,000;-
29.08.2025 11:00;29.08.2025 11:15;-;-;-;-;0,000;-
29.08.2025 11:15;29.08.2025 11:30;-;-;-;-;0,000;-
29.08.2025 11:30;29.08.2025 11:45;-;-;-;-;0,000;-
29.08.2025 11:45;29.08.2025 12:00;-;-;-;-;0,000;-
29.08.2025 12:00;29.08.2025 12:15;-;-;-;-;0,000;-
29.08.2025 12:15;29.08.2025 12:30;-;-;-;-;0,000;-
29.08.2025 12:30;29.08.2025 12:45;-;-;-;-;0,000;-
29.08.2025 12:45;29.08.2025 13:00;-;-;-;-;0,000;-
29.08.2025 13:00;29.08.2025 13:15;-;-;-;-;0,000;-
29.08.2025 13:15;29.08.2025 13:30;-;-;-;-;0,000;-
29.08.2025 13:30;29.08.2025 13:45;-;-;-;-;0,000;-
29.08.2025 13:45;29.08.2025 14:00;-;-;-;-;0,000;-
29.08.2025 14:00;29.08.2025 14:15;-;-;-;-;0,000;-
29.08.2025 14:15;29.08.2025 14:30;-;-;-;-;0,000;-
29.08.2025 14:30;29.08.2025 14:45;-;-;-;-;0,000;-
29.08.2025 14:45;29.08.2025 15:00;-;-;-;-;0,000;-
29.08.2025 15:00;29.08.2025 15:15;-;-;-;-;0,000;-
29.08.2025 15:15;29.08.2025 15:30;-;-;-;-;0,000;-
29.08.2025 15:30;29.08.2025 15:45;-;-;-;-;0,000;-
29.08.2025 15:45;29.08.2025 16:00;-;-;-;-;0,000;-
29.08.2025 16:00;29.08.2025 16:15;-;-;-;-;0,000;-
29.08.2025 16:15;29.08.2025 16:30;-;-;-;-;0,000;-
29.08.2025 16:30;29.08.2025 16:45;-;-;-;-;0,000;-
29.08.2025 16:45;29.08.2025 17:00;-;-;-;-;0,000;-
29.08.2025 17:00;29.08.2025 17:15;-;-;-;-;0,000;-
29.08.2025 17:15;29.08.2025 17:30;-;-;-;-;0,000;-
29.08.2025 17:30;29.08.2025 17:45;-;-;-;-;0,000;-
29.08.2025 17:45;29.08.2025 18:00;-;-;-;-;0,000;-
29.08.2025 18:00;29.08.2025 18:15;-;-;-;-;0,000;-
29.08.2025 18:15;29.08.2025 18:30;-;-;-;-;0,000;-
29.08.2025 18:30;29.08.2025 18:45;-;-;-;-;0,000;-
29.08.2025 18:45;29.08.2025 19:00;-;-;-;-;0,000;-
29.08.2025 19:00;29.08.2025 19:15;-;-;-;-;0,000;-
29.08.2025 19:15;29.08.2025 19:30;-;-;-;-;0,000;-
29.08.2025 19:30;29.08.2025 19:45;-;-;-;-;0,000;-
29.08.2025 19:45;29.08.2025 20:00;-;-;-;-;0,000;-
29.08.2025 20:00;29.08.2025 20:15;-;-;-;-;0,000;-
29.08.2025 20:15;29.08.2025 20:30;-;-;-;-;0,000;-
29.08.2025 20:30;29.08.2025 20:45;-;-;-;-;0,000;-
29.08.2025 20:45;29.08.2025 21:00;-;-;-;-;0,000;-
29.08.2025 21:00;29.08.2025 21:15;-;-;-;-;0,000;-
29.08.2025 21:15;29.08.2025 21:30;-;-;-;-;0,000;-
29.08.2025 21:30;29.08.2025 21:45;-;-;-;-;0,000;-
29.08.2025 21:45;29.08.2025 22:00;-;-;-;-;0,000;-
29.08.2025 22:00;29.08.2025 22:15;-;-;-;-;0,000;-
29.08.2025 22:15;29.08.2025 22:30;-;-;-;-;0,000;-
29.08.2025 22:30;29.08.2025 22:45;-;-;-;-;0,000;-
29.08.2025 22:45;29.08.2025 23:00;-;-;-;-;0,000;-
29.08.2025 23:00;29.08.2025 23:15;-;-;-;-;0,000;-
29.08.2025 23:15;29.08.2025 23:30;-;-;-;-;0,000;-
29.08.2025 23:30;29.08.2025 23:45;-;-;-;-;0,000;-
29.08.2025 23:45;30.08.2025 00:00;-;-;-;-;0,000;-
30.08.2025 00:00;30.08.2025 00:15;-;-;-;-;0,000;-
30.08.2025 00:15;30.08.2025 00:30;-;-;-;-;0,000;-
30.08.2025 00:30;30.08.2025 00:45;-;-;-;-;0,000;-
30.08.2025 00:45;30.08.2025 01:00;-;-;-;-;0,000;-
30.08.2025 01:00;30.08.2025 01:15;-;-;-;-;0,000;-
30.08.2025 01:15;30.08.2025 01:30;-;-;-;-;0,000;-
30.08.2025 01:30;30.08.2025 01:45;-;-;-;-;0,000;-
30.08.2025 01:45;30.08.2025 02:00;-;-;-;-;0,000;-
30.08.2025 02:00;30.08.2025 02:15;-;-;-;-;0,000;-
30.08.2025 02:15;30.08.2025 02:30;-;-;-;-;0,000;-
30.08.2025 02:30;30.08.2025 02:45;-;-;-;-;0,000;-
30.08.2025 02:45;30.08.2025 03:00;-;-;-;-;0,000;-
30.08.2025 03:00;30.08.2025 03:15;-;-;-;-;0,000;-
30.08.2025 03:15;30.08.2025 03:30;-;-;-;-;0,000;-
30.08.2025 03:30;30.08.2025 03:45;-;-;-;-;0,000;-
30.08.2025 03:45;30.08.2025 04:00;-;-;-;-;0,000;-
30.08.2025 04:00;30.08.2025 04:15;-;-;-;-;0,000;-
30.08.2025 04:15;30.08.2025 04:30;-;-;-;-;0,000;-
30.08.2025 04:30;30.08.2025 04:45;-;-;-;-;0,000;-
30.08.2025 04:45;30.08.2025 05:00;-;-;-;-;0,000;-
30.08.2025 05:00;30.08.2025 05:15;-;-;-;-;0,000;-
30.08.2025 05:15;30.08.2025 05:30;-;-;-;-;0,000;-
30.08.2025 05:30;30.08.2025 05:45;-;-;-;-;0,000;-
30.08.2025 05:45;30.08.2025 06:00;-;-;-;-;0,000;-
30.08.2025 06:00;30.08.2025 06:15;-;-;-;-;0,000;-
30.08.2025 06:15;30.08.2025 06:30;-;-;-;-;0,000;-
30.08.2025 06:30;30.08.2025 06:45;-;-;-;-;0,000;-
30.08.2025 06:45;30.08.2025 07:00;-;-;-;-;0,000;-
30.08.2025 07:00;30.08.2025 07:15;-;-;-;-;0,000;-
30.08.2025 07:15;30.08.2025 07:30;-;-;-;-;0,000;-
30.08.2025 07:30;30.08.2025 07:45;-;-;-;-;0,000;-
30.08.2025 07:45;30.08.2025 08:00;-;-;-;-;0,000;-
30.08.2025 08:00;30.08.2025 08:15;-;-;-;-;0,000;-
30.08.2025 08:15;30.08.2025 08:30;-;-;-;-;0,000;-
30.08.2025 08:30;30.08.2025 08:45;-;-;-;-;0,000;-
30.08.2025 08:45;30.08.2025 09:00;-;-;-;-;0,000;-
30.08.2025 09:00;30.08.2025 09:15;-;-;-;-;0,000;-
30.08.2025 09:15;30.08.2025 09:30;-;-;-;-;0,000;-
30.08.2025 09:30;30.08.2025 09:45;-;-;-;-;0,000;-
30.08.2025 09:45;30.08.2025 10:00;-;-;-;-;0,000;-
30.08.2025 10:00;30.08.2025 10:15;-;-;-;-;0,000;-
30.08.2025 10:15;30.08.2025 10:30;-;-;-;-;0,000;-
30.08.2025 10:30;30.08.2025 10:45;-;-;-;-;0,000;-
30.08.2025 10:45;30.08.2025 11:00;-;-;-;-;0,000;-
30.08.2025 11:00;30.08.2025 11:15;-;-;-;-;0,000;-
30.08.2025 11:15;30.08.2025 11:30;-;-;-;-;0,000;-
30.08.2025 11:30;30.08.2025 11:45;-;-;-;-;0,000;-
30.08.2025 11:45;30.08.2025 12:00;-;-;-;-;0,000;-
30.08.2025 12:00;30.08.2025 12:15;-;-;-;-;0,000;-
30.08.2025 12:15;30.08.2025 12:30;-;-;-;-;0,000;-
30.08.2025 12:30;30.08.2025 12:45;-;-;-;-;0,000;-
30.08.2025 12:45;30.08.2025 13:00;-;-;-;-;0,000;-
30.08.2025 13:00;30.08.2025 13:15;-;-;-;-;0,000;-
30.08.2025 13:15;30.08.2025 13:30;-;-;-;-;0,000;-
30.08.2025 13:30;30.08.2025 13:45;-;-;-;-;0,000;-
30.08.2025 13:45;30.08.2025 14:00;-;-;-;-;0,000;-
30.08.2025 14:00;30.08.2025 14:15;-;-;-;-;0,000;-
30.08.2025 14:15;30.08.2025 14:30;-;-;-;-;0,000;-
30.08.2025 14:30;30.08.2025 14:45;-;-;-;-;0,000;-
30.08.2025 14:45;30.08.2025 15:00;-;-;-;-;0,000;-
30.08.2025 15:00;30.08.2025 15:15;-;-;-;-;0,000;-
30.08.2025 15:15;30.08.2025 15:30;-;-;-;-;0,000;-
30.08.2025 15:30;30.08.2025 15:45;-;-;-;-;0,000;-
30.08.2025 15:45;30.08.2025 16:00;-;-;-;-;0,000;-
30.08.2025 16:00;30.08.2025 16:15;-;-;-;-;0,000;-
30.08.2025 16:15;30.08.2025 16:30;-;-;-;-;0,000;-
30.08.2025 16:30;30.08.2025 16:45;-;-;-;-;0,000;-
30.08.2025 16:45;30.08.2025 17:00;-;-;-;-;0,000;-
30.08.2025 17:00;30.08.2025 17:15;-;-;-;-;0,000;-
30.08.2025 17:15;30.08.2025 17:30;-;-;-;-;0,000;-
30.08.2025 17:30;30.08.2025 17:45;-;-;-;-;0,000;-
30.08.2025 17:45;30.08.2025 18:00;-;-;-;-;0,000;-
30.08.2025 18:00;30.08.2025 18:15;-;-;-;-;0,000;-
30.08.2025 18:15;30.08.2025 18:30;-;-;-;-;0,000;-
30.08.2025 18:30;30.08.2025 18:45;-;-;-;-;0,000;-
30.08.2025 18:45;30.08.2025 19:00;-;-;-;-;0,000;-
30.08.2025 19:00;30.08.2025 19:15;-;-;-;-;0,000;-
30.08.2025 19:15;30.08.2025 19:30;-;-;-;-;0,000;-
30.08.2025 19:30;30.08.2025 19:45;-;-;-;-;0,000;-
30.08.2025 19:45;30.08.2025 20:00;-;-;-;-;0,000;-
30.08.2025 20:00;30.08.2025 20:15;-;-;-;-;0,000;-
30.08.2025 20:15;30.08.2025 20:30;-;-;-;-;0,000;-
30.08.2025 20:30;30.08.2025 20:45;-;-;-;-;0,000;-
30.08.2025 20:45;30.08.2025 21:00;-;-;-;-;0,000;-
30.08.2025 21:00;30.08.2025 21:15;-;-;-;-;0,000;-
30.08.2025 21:15;30.08.2025 21:30;-;-;-;-;0,000;-
30.08.2025 21:30;30.08.2025 21:45;-;-;-;-;0,000;-
30.08.2025 21:45;30.08.2025 22:00;-;-;-;-;0,000;-
30.08.2025 22:00;30.08.2025 22:15;-;-;-;-;0,000;-
30.08.2025 22:15;30.08.2025 22:30;-;-;-;-;0,000;-
30.08.2025 22:30;30.08.2025 22:45;-;-;-;-;0,000;-
30.08.2025 22:45;30.08.2025 23:00;-;-;-;-;0,000;-
30.08.2025 23:00;30.08.2025 23:15;-;-;-;-;0,000;-
30.08.2025 23:15;30.08.2025 23:30;-;-;-;-;0,000;-
30.08.2025 23:30;30.08.2025 23:45;-;-;-;-;0,000;-
30.08.2025 23:45;31.08.2025 00:00;-;-;-;-;0,000;-
31.08.2025 00:00;31.08.2025 00:15;-;-;-;-;0,000;-
31.08.2025 00:15;31.08.2025 00:30;-;-;-;-;0,000;-
31.08.2025 00:30;31.08.2025 00:45;-;-;-;-;0,000;-
31.08.2025 00:45;31.08.2025 01:00;-;-;-;-;0,000;-
31.08.2025 01:00;31.08.2025 01:15;-;-;-;-;0,000;-
31.08.2025 01:15;31.08.2025 01:30;-;-;-;-;0,000;-
31.08.2025 01:30;31.08.2025 01:45;-;-;-;-;0,000;-
31.08.2025 01:45;31.08.2025 02:00;-;-;-;-;0,000;-
31.08.2025 02:00;31.08.2025 02:15;-;-;-;-;0,000;-
31.08.2025 02:15;31.08.2025 02:30;-;-;-;-;0,000;-
31.08.2025 02:30;31.08.2025 02:45;-;-;-;-;0,000;-
31.08.2025 02:45;31.08.2025 03:00;-;-;-;-;0,000;-
31.08.2025 03:00;31.08.2025 03:15;-;-;-;-;0,000;-
31.08.2025 03:15;31.08.2025 03:30;-;-;-;-;0,000;-
31.08.2025 03:30;31.08.2025 03:45;-;-;-;-;0,000;-
31.08.2025 03:45;31.08.2025 04:00;-;-;-;-;0,000;-
31.08.2025 04:00;31.08.2025 04:15;-;-;-;-;0,000;-
31.08.2025 04:15;31.08.2025 04:30;-;-;-;-;0,000;-
31.08.2025 04:30;31.08.2025 04:45;-;-;-;-;0,000;-
31.08.2025 04:45;31.08.2025 05:00;-;-;-;-;0,000;-
31.08.2025 05:00;31.08.2025 05:15;-;-;-;-;0,000;-
31.08.2025 05:15;31.08.2025 05:30;-;-;-;-;0,000;-
31.08.2025 05:30;31.08.2025 05:45;-;-;-;-;0,000;-
31.08.2025 05:45;31.08.2025 06:00;-;-;-;-;0,000;-
31.08.2025 06:00;31.08.2025 06:15;-;-;-;-;0,000;-
31.08.2025 06:15;31.08.2025 06:30;-;-;-;-;0,000;-
31.08.2025 06:30;31.08.2025 06:45;-;-;-;-;0,000;-
31.08.2025 06:45;31.08.2025 07:00;-;-;-;-;0,000;-
31.08.2025 07:00;31.08.2025 07:15;-;-;-;-;0,000;-
31.08.2025 07:15;31.08.2025 07:30;-;-;-;-;0,000;-
31.08.2025 07:30;31.08.2025 07:45;-;-;-;-;0,000;-
31.08.2025 07:45;31.08.2025 08:00;-;-;-;-;0,000;-
31.08.2025 08:00;31.08.2025 08:15;-;-;-;-;0,000;-
31.08.2025 08:15;31.08.2025 08:30;-;-;-;-;0,000;-
31.08.2025 08:30;31.08.2025 08:45;-;-;-;-;0,000;-
31.08.2025 08:45;31.08.2025 09:00;-;-;-;-;0,000;-
31.08.2025 09:00;31.08.2025 09:15;-;-;-;-;0,000;-
31.08.2025 09:15;31.08.2025 09:30;-;-;-;-;0,000;-
31.08.2025 09:30;31.08.2025 09:45;-;-;-;-;0,000;-
31.08.2025 09:45;31.08.2025 10:00;-;-;-;-;0,000;-
31.08.2025 10:00;31.08.2025 10:15;-;-;-;-;0,000;-
31.08.2025 10:15;31.08.2025 10:30;-;-;-;-;0,000;-
31.08.2025 10:30;31.08.2025 10:45;-;-;-;-;0,000;-
31.08.2025 10:45;31.08.2025 11:00;-;-;-;-;0,000;-
31.08.2025 11:00;31.08.2025 11:15;-;-;-;-;0,000;-
31.08.2025 11:15;31.08.2025 11:30;-;-;-;-;0,000;-
31.08.2025 11:30;31.08.2025 11:45;-;-;-;-;0,000;-
31.08.2025 11:45;31.08.2025 12:00;-;-;-;-;0,000;-
31.08.2025 12:00;31.08.2025 12:15;-;-;-;-;0,000;-
31.08.2025 12:15;31.08.2025 12:30;-;-;-;-;0,000;-
31.08.2025 12:30;31.08.2025 12:45;-;-;-;-;0,000;-
31.08.2025 12:45;31.08.2025 13:00;-;-;-;-;0,000;-
31.08.2025 13:00;31.08.2025 13:15;-;-;-;-;0,000;-
31.08.2025 13:15;31.08.2025 13:30;-;-;-;-;0,000;-
31.08.2025 13:30;31.08.2025 13:45;-;-;-;-;0,000;-
31.08.2025 13:45;31.08.2025 14:00;-;-;-;-;0,000;-
31.08.2025 14:00;31.08.2025 14:15;-;-;-;-;0,000;-
31.08.2025 14:15;31.08.2025 14:30;-;-;-;-;0,000;-
31.08.2025 14:30;31.08.2025 14:45;-;-;-;-;0,000;-
31.08.2025 14:45;31.08.2025 15:00;-;-;-;-;0,000;-
31.08.2025 15:00;31.08.2025 15:15;-;-;-;-;0,000;-
31.08.2025 15:15;31.08.2025 15:30;-;-;-;-;0,000;-
31.08.2025 15:30;31.08.2025 15:45;-;-;-;-;0,000;-
31.08.2025 15:45;31.08.2025 16:00;-;-;-;-;0,000;-
31.08.2025 16:00;31.08.2025 16:15;-;-;-;-;0,000;-
31.08.2025 16:15;31.08.2025 16:30;-;-;-;-;0,000;-
31.08.2025 16:30;31.08.2025 16:45;-;-;-;-;0,000;-
31.08.2025 16:45;31.08.2025 17:00;-;-;-;-;0,000;-
31.08.2025 17:00;31.08.2025 17:15;-;-;-;-;0,000;-
31.08.2025 17:15;31.08.2025 17:30;-;-;-;-;0,000;-
31.08.2025 17:30;31.08.2025 17:45;-;-;-;-;0,000;-
31.08.2025 17:45;31.08.2025 18:00;-;-;-;-;0,000;-
31.08.2025 18:00;31.08.2025 18:15;-;-;-;-;0,000;-
31.08.2025 18:15;31.08.2025 18:30;-;-;-;-;0,000;-
31.08.2025 18:30;31.08.2025 18:45;-;-;-;-;0,000;-
31.08.2025 18:45;31.08.2025 19:00;-;-;-;-;0,000;-
31.08.2025 19:00;31.08.2025 19:15;-;-;-;-;0,000;-
31.08.2025 19:15;31.08.2025 19:30;-;-;-;-;0,000;-
31.08.2025 19:30;31.08.2025 19:45;-;-;-;-;0,000;-
31.08.2025 19:45;31.08.2025 20:00;-;-;-;-;0,000;-
31.08.2025 20:00;31.08.2025 20:15;-;-;-;-;0,000;-
31.08.2025 20:15;31.08.2025 20:30;-;-;-;-;0,000;-
31.08.2025 20:30;31.08.2025 20:45;-;-;-;-;0,000;-
31.08.2025 20:45;31.08.2025 21:00;-;-;-;-;0,000;-
31.08.2025 21:00;31.08.2025 21:15;-;-;-;-;0,000;-
31.08.2025 21:15;31.08.2025 21:30;-;-;-;-;0,000;-
31.08.2025 21:30;31.08.2025 21:45;-;-;-;-;0,000;-
31.08.2025 21:45;31.08.2025 22:00;-;-;-;-;0,000;-
31.08.2025 22:00;31.08.2025 22:15;-;-;-;-;0,000;-
31.08.2025 22:15;31.08.2025 22:30;-;-;-;-;0,000;-
31.08.2025 22:30;31.08.2025 22:45;-;-;-;-;0,000;-
31.08.2025 22:45;31.08.2025 23:00;-;-;-;-;0,000;-
31.08.2025 23:00;31.08.2025 23:15;-;-;-;-;0,000;-
31.08.2025 23:15;31.08.2025 23:30;-;-;-;-;0,000;-
31.08.2025 23:30;31.08.2025 23:45;-;-;-;-;0,000;-
31.08.2025 23:45;01.09.2025 00:00;-;-;-;-;0,000;-
01.09.2025 00:00;01.09.2025 00:15;-;-;-;-;0,000;-
01.09.2025 00:15;01.09.2025 00:30;-;-;-;-;0,000;-
01.09.2025 00:30;01.09.2025 00:45;-;-;-;-;0,000;-
01.09.2025 00:45;01.09.2025 01:00;-;-;-;-;0,000;-
01.09.2025 01:00;01.09.2025 01:15;-;-;-;-;0,000;-
01.09.2025 01:15;01.09.2025 01:30;-;-;-;-;0,000;-
01.09.2025 01:30;01.09.2025 01:45;-;-;-;-;0,000;-
01.09.2025 01:45;01.09.2025 02:00;-;-;-;-;0,000;-
01.09.2025 02:00;01.09.2025 02:15;-;-;-;-;0,000;-
01.09.2025 02:15;01.09.2025 02:30;-;-;-;-;0,000;-
01.09.2025 02:30;01.09.2025 02:45;-;-;-;-;0,000;-
01.09.2025 02:45;01.09.2025 03:00;-;-;-;-;0,000;-
01.09.2025 03:00;01.09.2025 03:15;-;-;-;-;0,000;-
01.09.2025 03:15;01.09.2025 03:30;-;-;-;-;0,000;-
01.09.2025 03:30;01.09.2025 03:45;-;-;-;-;0,000;-
01.09.2025 03:45;01.09.2025 04:00;-;-;-;-;0,000;-
01.09.2025 04:00;01.09.2025 04:15;-;-;-;-;0,000;-
01.09.2025 04:15;01.09.2025 04:30;-;-;-;-;0,000;-
01.09.2025 04:30;01.09.2025 04:45;-;-;-;-;0,000;-
01.09.2025 04:45;01.09.2025 05:00;-;-;-;-;0,000;-
01.09.2025 05:00;01.09.2025 05:15;-;-;-;-;0,000;-
01.09.2025 05:15;01.09.2025 05:30;-;-;-;-;0,000;-
01.09.2025 05:30;01.09.2025 05:45;-;-;-;-;0,000;-
01.09.2025 05:45;01.09.2025 06:00;-;-;-;-;0,000;-
01.09.2025 06:00;01.09.2025 06:15;-;-;-;-;0,000;-
01.09.2025 06:15;01.09.2025 06:30;-;-;-;-;0,000;-
01.09.2025 06:30;01.09.2025 06:45;-;-;-;-;0,000;-
01.09.2025 06:45;01.09.2025 07:00;-;-;-;-;0,000;-
01.09.2025 07:00;01.09.2025 07:15;-;-;-;-;0,000;-
01.09.2025 07:15;01.09.2025 07:30;-;-;-;-;0,000;-
01.09.2025 07:30;01.09.2025 07:45;-;-;-;-;0,000;-
01.09.2025 07:45;01.09.2025 08:00;-;-;-;-;0,000;-
01.09.2025 08:00;01.09.2025 08:15;-;-;-;-;0,000;-
01.09.2025 08:15;01.09.2025 08:30;-;-;-;-;0,000;-
01.09.2025 08:30;01.09.2025 08:45;-;-;-;-;0,000;-
01.09.2025 08:45;01.09.2025 09:00;-;-;-;-;0,000;-
01.09.2025 09:00;01.09.2025 09:15;-;-;-;-;0,000;-
01.09.2025 09:15;01.09.2025 09:30;-;-;-;-;0,000;-
01.09.2025 09:30;01.09.2025 09:45;-;-;-;-;0,000;-
01.09.2025 09:45;01.09.2025 10:00;-;-;-;-;0,000;-
01.09.2025 10:00;01.09.2025 10:15;-;-;-;-;0,000;-
01.09.2025 10:15;01.09.2025 10:30;-;-;-;-;0,000;-
01.09.2025 10:30;01.09.2025 10:45;-;-;-;-;0,000;-
01.09.2025 10:45;01.09.2025 11:00;-;-;-;-;0,000;-
01.09.2025 11:00;01.09.2025 11:15;-;-;-;-;0,000;-
01.09.2025 11:15;01.09.2025 11:30;-;-;-;-;0,000;-
01.09.2025 11:30;01.09.2025 11:45;-;-;-;-;0,000;-
01.09.2025 11:45;01.09.2025 12:00;-;-;-;-;0,000;-
01.09.2025 12:00;01.09.2025 12:15;-;-;-;-;0,000;-
01.09.2025 12:15;01.09.2025 12:30;-;-;-;-;0,000;-
01.09.2025 12:30;01.09.2025 12:45;-;-;-;-;0,000;-
01.09.2025 12:45;01.09.2025 13:00;-;-;-;-;0,000;-
01.09.2025 13:00;01.09.2025 13:15;-;-;-;-;0,000;-
01.09.2025 13:15;01.09.2025 13:30;-;-;-;-;0,000;-
01.09.2025 13:30;01.09.2025 13:45;-;-;-;-;0,000;-
01.09.2025 13:45;01.09.2025 14:00;-;-;-;-;0,000;-
01.09.2025 14:00;01.09.2025 14:15;-;-;-;-;0,250;-
01.09.2025 14:15;01.09.2025 14:30;-;-;-;-;0,250;-
01.09.2025 14:30;01.09.2025 14:45;-;-;-;-;0,250;-
01.09.2025 14:45;01.09.2025 15:00;-;-;-;-;0,250;-
01.09.2025 15:00;01.09.2025 15:15;-;-;-;-;17,250;-
01.09.2025 15:15;01.09.2025 15:30;-;-;-;-;17,250;-
01.09.2025 15:30;01.09.2025 15:45;-;-;-;-;17,250;-
01.09.2025 15:45;01.09.2025 16:00;-;-;-;-;17,250;-
01.09.2025 16:00;01.09.2025 16:15;-;-;-;-;30,250;-
01.09.2025 16:15;01.09.2025 16:30;-;-;-;-;30,250;-
01.09.2025 16:30;01.09.2025 16:45;-;-;-;-;30,250;-
01.09.2025 16:45;01.09.2025 17:00;-;-;-;-;30,250;-
01.09.2025 17:00;01.09.2025 17:15;-;-;-;-;51,250;-
01.09.2025 17:15;01.09.2025 17:30;-;-;-;-;51,250;-
01.09.2025 17:30;01.09.2025 17:45;-;-;-;-;51,250;-
01.09.2025 17:45;01.09.2025 18:00;-;-;-;-;51,250;-
01.09.2025 18:00;01.09.2025 18:15;-;-;-;-;61,750;-
01.09.2025 18:15;01.09.2025 18:30;-;-;-;-;61,750;-
01.09.2025 18:30;01.09.2025 18:45;-;-;-;-;61,750;-
01.09.2025 18:45;01.09.2025 19:00;-;-;-;-;61,750;-
01.09.2025 19:00;01.09.2025 19:15;-;-;-;-;65,250;-
01.09.2025 19:15;01.09.2025 19:30;-;-;-;-;65,250;-
01.09.2025 19:30;01.09.2025 19:45;-;-;-;-;65,250;-
01.09.2025 19:45;01.09.2025 20:00;-;-;-;-;65,250;-
01.09.2025 20:00;01.09.2025 20:15;-;-;-;-;65,750;-
01.09.2025 20:15;01.09.2025 20:30;-;-;-;-;65,750;-
01.09.2025 20:30;01.09.2025 20:45;-;-;-;-;65,750;-
01.09.2025 20:45;01.09.2025 21:00;-;-;-;-;65,750;-
01.09.2025 21:00;01.09.2025 21:15;-;-;-;-;65,750;-
01.09.2025 21:15;01.09.2025 21:30;-;-;-;-;65,750;-
01.09.2025 21:30;01.09.2025 21:45;-;-;-;-;65,750;-
01.09.2025 21:45;01.09.2025 22:00;-;-;-;-;65,750;-
01.09.2025 22:00;01.09.2025 22:15;-;-;-;-;65,500;-
01.09.2025 22:15;01.09.2025 22:30;-;-;-;-;65,500;-
01.09.2025 22:30;01.09.2025 22:45;-;-;-;-;65,500;-
01.09.2025 22:45;01.09.2025 23:00;-;-;-;-;65,500;-
01.09.2025 23:00;01.09.2025 23:15;-;-;-;-;65,500;-
01.09.2025 23:15;01.09.2025 23:30;-;-;-;-;65,500;-
01.09.2025 23:30;01.09.2025 23:45;-;-;-;-;65,500;-
01.09.2025 23:45;02.09.2025 00:00;-;-;-;-;65,500;-
02.09.2025 00:00;02.09.2025 00:15;-;-;-;-;58,000;-
02.09.2025 00:15;02.09.2025 00:30;-;-;-;-;58,000;-
02.09.2025 00:30;02.09.2025 00:45;-;-;-;-;58,000;-
02.09.2025 00:45;02.09.2025 01:00;-;-;-;-;58,000;-
02.09.2025 01:00;02.09.2025 01:15;-;-;-;-;32,000;-
02.09.2025 01:15;02.09.2025 01:30;-;-;-;-;32,000;-
02.09.2025 01:30;02.09.2025 01:45;-;-;-;-;32,000;-
02.09.2025 01:45;02.09.2025 02:00;-;-;-;-;32,000;-
02.09.2025 02:00;02.09.2025 02:15;-;-;-;-;57,750;-
02.09.2025 02:15;02.09.2025 02:30;-;-;-;-;57,750;-
02.09.2025 02:30;02.09.2025 02:45;-;-;-;-;57,750;-
02.09.2025 02:45;02.09.2025 03:00;-;-;-;-;57,750;-
02.09.2025 03:00;02.09.2025 03:15;-;-;-;-;65,750;-
02.09.2025 03:15;02.09.2025 03:30;-;-;-;-;65,750;-
02.09.2025 03:30;02.09.2025 03:45;-;-;-;-;65,750;-
02.09.2025 03:45;02.09.2025 04:00;-;-;-;-;65,750;-
02.09.2025 04:00;02.09.2025 04:15;-;-;-;-;65,750;-
02.09.2025 04:15;02.09.2025 04:30;-;-;-;-;65,750;-
02.09.2025 04:30;02.09.2025 04:45;-;-;-;-;65,750;-
02.09.2025 04:45;02.09.2025 05:00;-;-;-;-;65,750;-
02.09.2025 05:00;02.09.2025 05:15;-;-;-;-;65,750;-
02.09.2025 05:15;02.09.2025 05:30;-;-;-;-;65,750;-
02.09.2025 05:30;02.09.2025 05:45;-;-;-;-;65,750;-
02.09.2025 05:45;02.09.2025 06:00;-;-;-;-;65,750;-
02.09.2025 06:00;02.09.2025 06:15;-;-;-;-;65,750;-
02.09.2025 06:15;02.09.2025 06:30;-;-;-;-;65,750;-
02.09.2025 06:30;02.09.2025 06:45;-;-;-;-;65,750;-
02.09.2025 06:45;02.09.2025 07:00;-;-;-;-;65,750;-
02.09.2025 07:00;02.09.2025 07:15;-;-;-;-;65,750;-
02.09.2025 07:15;02.09.2025 07:30;-;-;-;-;65,750;-
02.09.2025 07:30;02.09.2025 07:45;-;-;-;-;65,750;-
02.09.2025 07:45;02.09.2025 08:00;-;-;-;-;65,750;-
02.09.2025 08:00;02.09.2025 08:15;-;-;-;-;67,250;-
02.09.2025 08:15;02.09.2025 08:30;-;-;-;-;67,250;-
02.09.2025 08:30;02.09.2025 08:45;-;-;-;-;67,250;-
02.09.2025 08:45;02.09.2025 09:00;-;-;-;-;67,250;-
02.09.2025 09:00;02.09.2025 09:15;-;-;-;-;72,500;-
02.09.2025 09:15;02.09.2025 09:30;-;-;-;-;72,500;-
02.09.2025 09:30;02.09.2025 09:45;-;-;-;-;72,500;-
02.09.2025 09:45;02.09.2025 10:00;-;-;-;-;72,500;-
02.09.2025 10:00;02.09.2025 10:15;-;-;-;-;69,500;-
02.09.2025 10:15;02.09.2025 10:30;-;-;-;-;69,500;-
02.09.2025 10:30;02.09.2025 10:45;-;-;-;-;69,500;-
02.09.2025 10:45;02.09.2025 11:00;-;-;-;-;69,500;-
02.09.2025 11:00;02.09.2025 11:15;-;-;-;-;62,500;-
02.09.2025 11:15;02.09.2025 11:30;-;-;-;-;62,500;-
02.09.2025 11:30;02.09.2025 11:45;-;-;-;-;62,500;-
02.09.2025 11:45;02.09.2025 12:00;-;-;-;-;62,500;-
02.09.2025 12:00;02.09.2025 12:15;-;-;-;-;25,000;-
02.09.2025 12:15;02.09.2025 12:30;-;-;-;-;25,000;-
02.09.2025 12:30;02.09.2025 12:45;-;-;-;-;25,000;-
02.09.2025 12:45;02.09.2025 13:00;-;-;-;-;25,000;-
02.09.2025 13:00;02.09.2025 13:15;-;-;-;-;18,250;-
02.09.2025 13:15;02.09.2025 13:30;-;-;-;-;18,250;-
02.09.2025 13:30;02.09.2025 13:45;-;-;-;-;18,250;-
02.09.2025 13:45;02.09.2025 14:00;-;-;-;-;18,250;-
02.09.2025 14:00;02.09.2025 14:15;-;-;-;-;18,750;-
02.09.2025 14:15;02.09.2025 14:30;-;-;-;-;18,750;-
02.09.2025 14:30;02.09.2025 14:45;-;-;-;-;18,750;-
02.09.2025 14:45;02.09.2025 15:00;-;-;-;-;18,750;-
02.09.2025 15:00;02.09.2025 15:15;-;-;-;-;19,000;-
02.09.2025 15:15;02.09.2025 15:30;-;-;-;-;19,000;-
02.09.2025 15:30;02.09.2025 15:45;-;-;-;-;19,000;-
02.09.2025 15:45;02.09.2025 16:00;-;-;-;-;19,000;-
02.09.2025 16:00;02.09.2025 16:15;-;-;-;-;18,500;-
02.09.2025 16:15;02.09.2025 16:30;-;-;-;-;18,500;-
02.09.2025 16:30;02.09.2025 16:45;-;-;-;-;18,500;-
02.09.2025 16:45;02.09.2025 17:00;-;-;-;-;18,500;-
02.09.2025 17:00;02.09.2025 17:15;-;-;-;-;19,750;-
02.09.2025 17:15;02.09.2025 17:30;-;-;-;-;19,750;-
02.09.2025 17:30;02.09.2025 17:45;-;-;-;-;19,750;-
02.09.2025 17:45;02.09.2025 18:00;-;-;-;-;19,750;-
02.09.2025 18:00;02.09.2025 18:15;-;-;-;-;44,250;-
02.09.2025 18:15;02.09.2025 18:30;-;-;-;-;44,250;-
02.09.2025 18:30;02.09.2025 18:45;-;-;-;-;44,250;-
02.09.2025 18:45;02.09.2025 19:00;-;-;-;-;44,250;-
02.09.2025 19:00;02.09.2025 19:15;-;-;-;-;69,500;-
02.09.2025 19:15;02.09.2025 19:30;-;-;-;-;69,500;-
02.09.2025 19:30;02.09.2025 19:45;-;-;-;-;69,500;-
02.09.2025 19:45;02.09.2025 20:00;-;-;-;-;69,500;-
02.09.2025 20:00;02.09.2025 20:15;-;-;-;-;70,500;-
02.09.2025 20:15;02.09.2025 20:30;-;-;-;-;70,500;-
02.09.2025 20:30;02.09.2025 20:45;-;-;-;-;70,500;-
02.09.2025 20:45;02.09.2025 21:00;-;-;-;-;70,500;-
02.09.2025 21:00;02.09.2025 21:15;-;-;-;-;70,500;-
02.09.2025 21:15;02.09.2025 21:30;-;-;-;-;70,500;-
02.09.2025 21:30;02.09.2025 21:45;-;-;-;-;70,500;-
02.09.2025 21:45;02.09.2025 22:00;-;-;-;-;70,500;-
02.09.2025 22:00;02.09.2025 22:15;-;-;-;-;47,250;-
02.09.2025 22:15;02.09.2025 22:30;-;-;-;-;47,250;-
02.09.2025 22:30;02.09.2025 22:45;-;-;-;-;47,250;-
02.09.2025 22:45;02.09.2025 23:00;-;-;-;-;47,250;-
02.09.2025 23:00;02.09.2025 23:15;-;-;-;-;2,750;-
02.09.2025 23:15;02.09.2025 23:30;-;-;-;-;2,750;-
02.09.2025 23:30;02.09.2025 23:45;-;-;-;-;2,750;-
02.09.2025 23:45;03.09.2025 00:00;-;-;-;-;2,750;-
03.09.2025 00:00;03.09.2025 00:15;-;-;-;-;0,000;-
03.09.2025 00:15;03.09.2025 00:30;-;-;-;-;0,000;-
03.09.2025 00:30;03.09.2025 00:45;-;-;-;-;0,000;-
03.09.2025 00:45;03.09.2025 01:00;-;-;-;-;0,000;-
03.09.2025 01:00;03.09.2025 01:15;-;-;-;-;0,000;-
03.09.2025 01:15;03.09.2025 01:30;-;-;-;-;0,000;-
03.09.2025 01:30;03.09.2025 01:45;-;-;-;-;0,000;-
03.09.2025 01:45;03.09.2025 02:00;-;-;-;-;0,000;-
03.09.2025 02:00;03.09.2025 02:15;-;-;-;-;0,000;-
03.09.2025 02:15;03.09.2025 02:30;-;-;-;-;0,000;-
03.09.2025 02:30;03.09.2025 02:45;-;-;-;-;0,000;-
03.09.2025 02:45;03.09.2025 03:00;-;-;-;-;0,000;-
03.09.2025 03:00;03.09.2025 03:15;-;-;-;-;0,000;-
03.09.2025 03:15;03.09.2025 03:30;-;-;-;-;0,000;-
03.09.2025 03:30;03.09.2025 03:45;-;-;-;-;0,000;-
03.09.2025 03:45;03.09.2025 04:00;-;-;-;-;0,000;-
03.09.2025 04:00;03.09.2025 04:15;-;-;-;-;0,000;-
03.09.2025 04:15;03.09.2025 04:30;-;-;-;-;0,000;-
03.09.2025 04:30;03.09.2025 04:45;-;-;-;-;0,000;-
03.09.2025 04:45;03.09.2025 05:00;-;-;-;-;0,000;-
03.09.2025 05:00;03.09.2025 05:15;-;-;-;-;0,000;-
03.09.2025 05:15;03.09.2025 05:30;-;-;-;-;0,000;-
03.09.2025 05:30;03.09.2025 05:45;-;-;-;-;0,000;-
03.09.2025 05:45;03.09.2025 06:00;-;-;-;-;0,000;-
03.09.2025 06:00;03.09.2025 06:15;-;-;-;-;0,000;-
03.09.2025 06:15;03.09.2025 06:30;-;-;-;-;0,000;-
03.09.2025 06:30;03.09.2025 06:45;-;-;-;-;0,000;-
03.09.2025 06:45;03.09.2025 07:00;-;-;-;-;0,000;-
03.09.2025 07:00;03.09.2025 07:15;-;-;-;-;0,000;-
03.09.2025 07:15;03.09.2025 07:30;-;-;-;-;0,000;-
03.09.2025 07:30;03.09.2025 07:45;-;-;-;-;0,000;-
03.09.2025 07:45;03.09.2025 08:00;-;-;-;-;0,000;-
03.09.2025 08:00;03.09.2025 08:15;-;-;-;-;0,000;-
03.09.2025 08:15;03.09.2025 08:30;-;-;-;-;0,000;-
03.09.2025 08:30;03.09.2025 08:45;-;-;-;-;0,000;-
03.09.2025 08:45;03.09.2025 09:00;-;-;-;-;0,000;-
03.09.2025 09:00;03.09.2025 09:15;-;-;-;-;0,000;-
03.09.2025 09:15;03.09.2025 09:30;-;-;-;-;0,000;-
03.09.2025 09:30;03.09.2025 09:45;-;-;-;-;0,000;-
03.09.2025 09:45;03.09.2025 10:00;-;-;-;-;0,000;-
03.09.2025 10:00;03.09.2025 10:15;-;-;-;-;0,000;-
03.09.2025 10:15;03.09.2025 10:30;-;-;-;-;0,000;-
03.09.2025 10:30;03.09.2025 10:45;-;-;-;-;0,000;-
03.09.2025 10:45;03.09.2025 11:00;-;-;-;-;0,000;-
03.09.2025 11:00;03.09.2025 11:15;-;-;-;-;0,000;-
03.09.2025 11:15;03.09.2025 11:30;-;-;-;-;0,000;-
03.09.2025 11:30;03.09.2025 11:45;-;-;-;-;0,000;-
03.09.2025 11:45;03.09.2025 12:00;-;-;-;-;0,000;-
03.09.2025 12:00;03.09.2025 12:15;-;-;-;-;0,000;-
03.09.2025 12:15;03.09.2025 12:30;-;-;-;-;0,000;-
03.09.2025 12:30;03.09.2025 12:45;-;-;-;-;0,000;-
03.09.2025 12:45;03.09.2025 13:00;-;-;-;-;0,000;-
03.09.2025 13:00;03.09.2025 13:15;-;-;-;-;0,000;-
03.09.2025 13:15;03.09.2025 13:30;-;-;-;-;0,000;-
03.09.2025 13:30;03.09.2025 13:45;-;-;-;-;0,000;-
03.09.2025 13:45;03.09.2025 14:00;-;-;-;-;0,000;-
03.09.2025 14:00;03.09.2025 14:15;-;-;-;-;0,000;-
03.09.2025 14:15;03.09.2025 14:30;-;-;-;-;0,000;-
03.09.2025 14:30;03.09.2025 14:45;-;-;-;-;0,000;-
03.09.2025 14:45;03.09.2025 15:00;-;-;-;-;0,000;-
03.09.2025 15:00;03.09.2025 15:15;-;-;-;-;0,000;-
03.09.2025 15:15;03.09.2025 15:30;-;-;-;-;0,000;-
03.09.2025 15:30;03.09.2025 15:45;-;-;-;-;0,000;-
03.09.2025 15:45;03.09.2025 16:00;-;-;-;-;0,000;-
03.09.2025 16:00;03.09.2025 16:15;-;-;-;-;0,000;-
03.09.2025 16:15;03.09.2025 16:30;-;-;-;-;0,000;-
03.09.2025 16:30;03.09.2025 16:45;-;-;-;-;0,000;-
03.09.2025 16:45;03.09.2025 17:00;-;-;-;-;0,000;-
03.09.2025 17:00;03.09.2025 17:15;-;-;-;-;0,000;-
03.09.2025 17:15;03.09.2025 17:30;-;-;-;-;0,000;-
03.09.2025 17:30;03.09.2025 17:45;-;-;-;-;0,000;-
03.09.2025 17:45;03.09.2025 18:00;-;-;-;-;0,000;-
03.09.2025 18:00;03.09.2025 18:15;-;-;-;-;0,000;-
03.09.2025 18:15;03.09.2025 18:30;-;-;-;-;0,000;-
03.09.2025 18:30;03.09.2025 18:45;-;-;-;-;0,000;-
03.09.2025 18:45;03.09.2025 19:00;-;-;-;-;0,000;-
03.09.2025 19:00;03.09.2025 19:15;-;-;-;-;0,000;-
03.09.2025 19:15;03.09.2025 19:30;-;-;-;-;0,000;-
03.09.2025 19:30;03.09.2025 19:45;-;-;-;-;0,000;-
03.09.2025 19:45;03.09.2025 20:00;-;-;-;-;0,000;-
03.09.2025 20:00;03.09.2025 20:15;-;-;-;-;0,000;-
03.09.2025 20:15;03.09.2025 20:30;-;-;-;-;0,000;-
03.09.2025 20:30;03.09.2025 20:45;-;-;-;-;0,000;-
03.09.2025 20:45;03.09.2025 21:00;-;-;-;-;0,000;-
03.09.2025 21:00;03.09.2025 21:15;-;-;-;-;0,000;-
03.09.2025 21:15;03.09.2025 21:30;-;-;-;-;0,000;-
03.09.2025 21:30;03.09.2025 21:45;-;-;-;-;0,000;-
03.09.2025 21:45;03.09.2025 22:00;-;-;-;-;0,000;-
03.09.2025 22:00;03.09.2025 22:15;-;-;-;-;0,000;-
03.09.2025 22:15;03.09.2025 22:30;-;-;-;-;0,000;-
03.09.2025 22:30;03.09.2025 22:45;-;-;-;-;0,000;-
03.09.2025 22:45;03.09.2025 23:00;-;-;-;-;0,000;-
03.09.2025 23:00;03.09.2025 23:15;-;-;-;-;-;-
03.09.2025 23:15;03.09.2025 23:30;-;-;-;-;-;-
03.09.2025 23:30;03.09.2025 23:45;-;-;-;-;-;-
03.09.2025 23:45;04.09.2025 00:00;-;-;-;-;-;-
04.09.2025 00:00;04.09.2025 00:15;-;-;-;-;-;-
04.09.2025 00:15;04.09.2025 00:30;-;-;-;-;-;-
04.09.2025 00:30;04.09.2025 00:45;-;-;-;-;-;-
04.09.2025 00:45;04.09.2025 01:00;-;-;-;-;-;-
04.09.2025 01:00;04.09.2025 01:15;-;-;-;-;-;-
04.09.2025 01:15;04.09.2025 01:30;-;-;-;-;-;-
04.09.2025 01:30;04.09.2025 01:45;-;-;-;-;-;-
04.09.2025 01:45;04.09.2025 02:00;-;-;-;-;-;-
04.09.2025 02:00;04.09.2025 02:15;-;-;-;-;-;-
04.09.2025 02:15;04.09.2025 02:30;-;-;-;-;-;-
04.09.2025 02:30;04.09.2025 02:45;-;-;-;-;-;-
04.09.2025 02:45;04.09.2025 03:00;-;-;-;-;-;-
04.09.2025 03:00;04.09.2025 03:15;-;-;-;-;-;-
04.09.2025 03:15;04.09.2025 03:30;-;-;-;-;-;-
04.09.2025 03:30;04.09.2025 03:45;-;-;-;-;-;-
04.09.2025 03:45;04.09.2025 04:00;-;-;-;-;-;-
04.09.2025 04:00;04.09.2025 04:15;-;-;-;-;-;-
04.09.2025 04:15;04.09.2025 04:30;-;-;-;-;-;-
04.09.2025 04:30;04.09.2025 04:45;-;-;-;-;-;-
04.09.2025 04:45;04.09.2025 05:00;-;-;-;-;-;-
04.09.2025 05:00;04.09.2025 05:15;-;-;-;-;-;-
04.09.2025 05:15;04.09.2025 05:30;-;-;-;-;-;-
04.09.2025 05:30;04.09.2025 05:45;-;-;-;-;-;-
04.09.2025 05:45;04.09.2025 06:00;-;-;-;-;-;-
04.09.2025 06:00;04.09.2025 06:15;-;-;-;-;-;-
04.09.2025 06:15;04.09.2025 06:30;-;-;-;-;-;-
04.09.2025 06:30;04.09.2025 06:45;-;-;-;-;-;-
04.09.2025 06:45;04.09.2025 07:00;-;-;-;-;-;-
04.09.2025 07:00;04.09.2025 07:15;-;-;-;-;-;-
04.09.2025 07:15;04.09.2025 07:30;-;-;-;-;-;-
04.09.2025 07:30;04.09.2025 07:45;-;-;-;-;-;-
04.09.2025 07:45;04.09.2025 08:00;-;-;-;-;-;-
04.09.2025 08:00;04.09.2025 08:15;-;-;-;-;-;-
04.09.2025 08:15;04.09.2025 08:30;-;-;-;-;-;-
04.09.2025 08:30;04.09.2025 08:45;-;-;-;-;-;-
04.09.2025 08:45;04.09.2025 09:00;-;-;-;-;-;-
04.09.2025 09:00;04.09.2025 09:15;-;-;-;-;-;-
04.09.2025 09:15;04.09.2025 09:30;-;-;-;-;-;-
04.09.2025 09:30;04.09.2025 09:45;-;-;-;-;-;-
04.09.2025 09:45;04.09.2025 10:00;-;-;-;-;-;-
04.09.2025 10:00;04.09.2025 10:15;-;-;-;-;-;-
04.09.2025 10:15;04.09.2025 10:30;-;-;-;-;-;-
04.09.2025 10:30;04.09.2025 10:45;-;-;-;-;-;-
04.09.2025 10:45;04.09.2025 11:00;-;-;-;-;-;-
04.09.2025 11:00;04.09.2025 11:15;-;-;-;-;-;-
04.09.2025 11:15;04.09.2025 11:30;-;-;-;-;-;-
04.09.2025 11:30;04.09.2025 11:45;-;-;-;-;-;-
04.09.2025 11:45;04.09.2025 12:00;-;-;-;-;-;-
04.09.2025 12:00;04.09.2025 12:15;-;-;-;-;-;-
04.09.2025 12:15;04.09.2025 12:30;-;-;-;-;-;-
04.09.2025 12:30;04.09.2025 12:45;-;-;-;-;-;-
04.09.2025 12:45;04.09.2025 13:00;-;-;-;-;-;-
04.09.2025 13:00;04.09.2025 13:15;-;-;-;-;-;-
04.09.2025 13:15;04.09.2025 13:30;-;-;-;-;-;-
04.09.2025 13:30;04.09.2025 13:45;-;-;-;-;-;-
04.09.2025 13:45;04.09.2025 14:00;-;-;-;-;-;-
04.09.2025 14:00;04.09.2025 14:15;-;-;-;-;-;-
04.09.2025 14:15;04.09.2025 14:30;-;-;-;-;-;-
04.09.2025 14:30;04.09.2025 14:45;-;-;-;-;-;-
04.09.2025 14:45;04.09.2025 15:00;-;-;-;-;-;-
04.09.2025 15:00;04.09.2025 15:15;-;-;-;-;-;-
04.09.2025 15:15;04.09.2025 15:30;-;-;-;-;-;-
04.09.2025 15:30;04.09.2025 15:45;-;-;-;-;-;-
04.09.2025 15:45;04.09.2025 16:00;-;-;-;-;-;-
04.09.2025 16:00;04.09.2025 16:15;-;-;-;-;-;-
04.09.2025 16:15;04.09.2025 16:30;-;-;-;-;-;-
04.09.2025 16:30;04.09.2025 16:45;-;-;-;-;-;-
04.09.2025 16:45;04.09.2025 17:00;-;-;-;-;-;-
04.09.2025 17:00;04.09.2025 17:15;-;-;-;-;-;-
04.09.2025 17:15;04.09.2025 17:30;-;-;-;-;-;-
04.09.2025 17:30;04.09.2025 17:45;-;-;-;-;-;-
04.09.2025 17:45;04.09.2025 18:00;-;-;-;-;-;-
04.09.2025 18:00;04.09.2025 18:15;-;-;-;-;-;-
04.09.2025 18:15;04.09.2025 18:30;-;-;-;-;-;-
04.09.2025 18:30;04.09.2025 18:45;-;-;-;-;-;-
04.09.2025 18:45;04.09.2025 19:00;-;-;-;-;-;-
04.09.2025 19:00;04.09.2025 19:15;-;-;-;-;-;-
04.09.2025 19:15;04.09.2025 19:30;-;-;-;-;-;-
04.09.2025 19:30;04.09.2025 19:45;-;-;-;-;-;-
04.09.2025 19:45;04.09.2025 20:00;-;-;-;-;-;-
04.09.2025 20:00;04.09.2025 20:15;-;-;-;-;-;-
04.09.2025 20:15;04.09.2025 20:30;-;-;-;-;-;-
04.09.2025 20:30;04.09.2025 20:45;-;-;-;-;-;-
04.09.2025 20:45;04.09.2025 21:00;-;-;-;-;-;-
04.09.2025 21:00;04.09.2025 21:15;-;-;-;-;-;-
04.09.2025 21:15;04.09.2025 21:30;-;-;-;-;-;-
04.09.2025 21:30;04.09.2025 21:45;-;-;-;-;-;-
04.09.2025 21:45;04.09.2025 22:00;-;-;-;-;-;-
04.09.2025 22:00;04.09.2025 22:15;-;-;-;-;-;-
04.09.2025 22:15;04.09.2025 22:30;-;-;-;-;-;-
04.09.2025 22:30;04.09.2025 22:45;-;-;-;-;-;-
04.09.2025 22:45;04.09.2025 23:00;-;-;-;-;-;-
04.09.2025 23:00;04.09.2025 23:15;-;-;-;-;-;-
04.09.2025 23:15;04.09.2025 23:30;-;-;-;-;-;-
04.09.2025 23:30;04.09.2025 23:45;-;-;-;-;-;-
04.09.2025 23:45;05.09.2025 00:00;-;-;-;-;-;-
05.09.2025 00:00;05.09.2025 00:15;-;-;-;-;-;-
05.09.2025 00:15;05.09.2025 00:30;-;-;-;-;-;-
05.09.2025 00:30;05.09.2025 00:45;-;-;-;-;-;-
05.09.2025 00:45;05.09.2025 01:00;-;-;-;-;-;-
05.09.2025 01:00;05.09.2025 01:15;-;-;-;-;-;-
05.09.2025 01:15;05.09.2025 01:30;-;-;-;-;-;-
05.09.2025 01:30;05.09.2025 01:45;-;-;-;-;-;-
05.09.2025 01:45;05.09.2025 02:00;-;-;-;-;-;-
05.09.2025 02:00;05.09.2025 02:15;-;-;-;-;-;-
05.09.2025 02:15;05.09.2025 02:30;-;-;-;-;-;-
05.09.2025 02:30;05.09.2025 02:45;-;-;-;-;-;-
05.09.2025 02:45;05.09.2025 03:00;-;-;-;-;-;-
05.09.2025 03:00;05.09.2025 03:15;-;-;-;-;-;-
05.09.2025 03:15;05.09.2025 03:30;-;-;-;-;-;-
05.09.2025 03:30;05.09.2025 03:45;-;-;-;-;-;-
05.09.2025 03:45;05.09.2025 04:00;-;-;-;-;-;-
05.09.2025 04:00;05.09.2025 04:15;-;-;-;-;-;-
05.09.2025 04:15;05.09.2025 04:30;-;-;-;-;-;-
05.09.2025 04:30;05.09.2025 04:45;-;-;-;-;-;-
05.09.2025 04:45;05.09.2025 05:00;-;-;-;-;-;-
05.09.2025 05:00;05.09.2025 05:15;-;-;-;-;-;-
05.09.2025 05:15;05.09.2025 05:30;-;-;-;-;-;-
05.09.2025 05:30;05.09.2025 05:45;-;-;-;-;-;-
05.09.2025 05:45;05.09.2025 06:00;-;-;-;-;-;-
05.09.2025 06:00;05.09.2025 06:15;-;-;-;-;-;-
05.09.2025 06:15;05.09.2025 06:30;-;-;-;-;-;-
05.09.2025 06:30;05.09.2025 06:45;-;-;-;-;-;-
05.09.2025 06:45;05.09.2025 07:00;-;-;-;-;-;-
05.09.2025 07:00;05.09.2025 07:15;-;-;-;-;-;-
05.09.2025 07:15;05.09.2025 07:30;-;-;-;-;-;-
05.09.2025 07:30;05.09.2025 07:45;-;-;-;-;-;-
05.09.2025 07:45;05.09.2025 08:00;-;-;-;-;-;-
05.09.2025 08:00;05.09.2025 08:15;-;-;-;-;-;-
05.09.2025 08:15;05.09.2025 08:30;-;-;-;-;-;-
05.09.2025 08:30;05.09.2025 08:45;-;-;-;-;-;-
05.09.2025 08:45;05.09.2025 09:00;-;-;-;-;-;-
05.09.2025 09:00;05.09.2025 09:15;-;-;-;-;-;-
05.09.2025 09:15;05.09.2025 09:30;-;-;-;-;-;-
05.09.2025 09:30;05.09.2025 09:45;-;-;-;-;-;-
05.09.2025 09:45;05.09.2025 10:00;-;-;-;-;-;-
05.09.2025 10:00;05.09.2025 10:15;-;-;-;-;-;-
05.09.2025 10:15;05.09.2025 10:30;-;-;-;-;-;-
05.09.2025 10:30;05.09.2025 10:45;-;-;-;-;-;-
05.09.2025 10:45;05.09.2025 11:00;-;-;-;-;-;-
05.09.2025 11:00;05.09.2025 11:15;-;-;-;-;-;-
05.09.2025 11:15;05.09.2025 11:30;-;-;-;-;-;-
05.09.2025 11:30;05.09.2025 11:45;-;-;-;-;-;-
05.09.2025 11:45;05.09.2025 12:00;-;-;-;-;-;-
05.09.2025 12:00;05.09.2025 12:15;-;-;-;-;-;-
05.09.2025 12:15;05.09.2025 12:30;-;-;-;-;-;-
05.09.2025 12:30;05.09.2025 12:45;-;-;-;-;-;-
05.09.2025 12:45;05.09.2025 13:00;-;-;-;-;-;-
05.09.2025 13:00;05.09.2025 13:15;-;-;-;-;-;-
05.09.2025 13:15;05.09.2025 13:30;-;-;-;-;-;-
05.09.2025 13:30;05.09.2025 13:45;-;-;-;-;-;-
05.09.2025 13:45;05.09.2025 14:00;-;-;-;-;-;-
05.09.2025 14:00;05.09.2025 14:15;-;-;-;-;-;-
05.09.2025 14:15;05.09.2025 14:30;-;-;-;-;-;-
05.09.2025 14:30;05.09.2025 14:45;-;-;-;-;-;-
05.09.2025 14:45;05.09.2025 15:00;-;-;-;-;-;-
05.09.2025 15:00;05.09.2025 15:15;-;-;-;-;-;-
05.09.2025 15:15;05.09.2025 15:30;-;-;-;-;-;-
05.09.2025 15:30;05.09.2025 15:45;-;-;-;-;-;-
05.09.2025 15:45;05.09.2025 16:00;-;-;-;-;-;-
05.09.2025 16:00;05.09.2025 16:15;-;-;-;-;-;-
05.09.2025 16:15;05.09.2025 16:30;-;-;-;-;-;-
05.09.2025 16:30;05.09.2025 16:45;-;-;-;-;-;-
05.09.2025 16:45;05.09.2025 17:00;-;-;-;-;-;-
05.09.2025 17:00;05.09.2025 17:15;-;-;-;-;-;-
05.09.2025 17:15;05.09.2025 17:30;-;-;-;-;-;-
05.09.2025 17:30;05.09.2025 17:45;-;-;-;-;-;-
05.09.2025 17:45;05.09.2025 18:00;-;-;-;-;-;-
05.09.2025 18:00;05.09.2025 18:15;-;-;-;-;-;-
05.09.2025 18:15;05.09.2025 18:30;-;-;-;-;-;-
05.09.2025 18:30;05.09.2025 18:45;-;-;-;-;-;-
05.09.2025 18:45;05.09.2025 19:00;-;-;-;-;-;-
05.09.2025 19:00;05.09.2025 19:15;-;-;-;-;-;-
05.09.2025 19:15;05.09.2025 19:30;-;-;-;-;-;-
05.09.2025 19:30;05.09.2025 19:45;-;-;-;-;-;-
05.09.2025 19:45;05.09.2025 20:00;-;-;-;-;-;-
05.09.2025 20:00;05.09.2025 20:15;-;-;-;-;-;-
05.09.2025 20:15;05.09.2025 20:30;-;-;-;-;-;-
05.09.2025 20:30;05.09.2025 20:45;-;-;-;-;-;-
05.09.2025 20:45;05.09.2025 21:00;-;-;-;-;-;-
05.09.2025 21:00;05.09.2025 21:15;-;-;-;-;-;-
05.09.2025 21:15;05.09.2025 21:30;-;-;-;-;-;-
05.09.2025 21:30;05.09.2025 21:45;-;-;-;-;-;-
05.09.2025 21:45;05.09.2025 22:00;-;-;-;-;-;-
05.09.2025 22:00;05.09.2025 22:15;-;-;-;-;-;-
05.09.2025 22:15;05.09.2025 22:30;-;-;-;-;-;-
05.09.2025 22:30;05.09.2025 22:45;-;-;-;-;-;-
05.09.2025 22:45;05.09.2025 23:00;-;-;-;-;-;-
05.09.2025 23:00;05.09.2025 23:15;-;-;-;-;-;-
05.09.2025 23:15;05.09.2025 23:30;-;-;-;-;-;-
05.09.2025 23:30;05.09.2025 23:45;-;-;-;-;-;-
05.09.2025 23:45;06.09.2025 00:00;-;-;-;-;-;-
