Datum von;Datum bis;Generation_DE Irsching 3 [MW] Berechnete Auflösungen;Generation_DE Irsching 4 [MW] Berechnete Auflösungen;Generation_DE Irsching 6 [MW] Berechnete Auflösungen;Generation_DE Irsching 5 DT [MW] Berechnete Auflösungen;Generation_DE Irsching 5 GT2 [MW] Berechnete Auflösungen;Generation_DE Irsching 5 GT1 [MW] Berechnete Auflösungen
26.08.2025 00:00;26.08.2025 00:15;-;134,250;-;0,000;-;-
26.08.2025 00:15;26.08.2025 00:30;-;134,250;-;0,000;-;-
26.08.2025 00:30;26.08.2025 00:45;-;134,250;-;0,000;-;-
26.08.2025 00:45;26.08.2025 01:00;-;134,250;-;0,000;-;-
26.08.2025 01:00;26.08.2025 01:15;-;134,250;-;0,000;-;-
26.08.2025 01:15;26.08.2025 01:30;-;134,250;-;0,000;-;-
26.08.2025 01:30;26.08.2025 01:45;-;134,250;-;0,000;-;-
26.08.2025 01:45;26.08.2025 02:00;-;134,250;-;0,000;-;-
26.08.2025 02:00;26.08.2025 02:15;-;134,250;-;0,000;-;-
26.08.2025 02:15;26.08.2025 02:30;-;134,250;-;0,000;-;-
26.08.2025 02:30;26.08.2025 02:45;-;134,250;-;0,000;-;-
26.08.2025 02:45;26.08.2025 03:00;-;134,250;-;0,000;-;-
26.08.2025 03:00;26.08.2025 03:15;-;134,250;-;0,000;-;-
26.08.2025 03:15;26.08.2025 03:30;-;134,250;-;0,000;-;-
26.08.2025 03:30;26.08.2025 03:45;-;134,250;-;0,000;-;-
26.08.2025 03:45;26.08.2025 04:00;-;134,250;-;0,000;-;-
26.08.2025 04:00;26.08.2025 04:15;-;134,250;-;0,000;-;-
26.08.2025 04:15;26.08.2025 04:30;-;134,250;-;0,000;-;-
26.08.2025 04:30;26.08.2025 04:45;-;134,250;-;0,000;-;-
26.08.2025 04:45;26.08.2025 05:00;-;134,250;-;0,000;-;-
26.08.2025 05:00;26.08.2025 05:15;-;134,250;-;0,000;-;-
26.08.2025 05:15;26.08.2025 05:30;-;134,250;-;0,000;-;-
26.08.2025 05:30;26.08.2025 05:45;-;134,250;-;0,000;-;-
26.08.2025 05:45;26.08.2025 06:00;-;134,250;-;0,000;-;-
26.08.2025 06:00;26.08.2025 06:15;-;134,250;-;0,000;-;-
26.08.2025 06:15;26.08.2025 06:30;-;134,250;-;0,000;-;-
26.08.2025 06:30;26.08.2025 06:45;-;134,250;-;0,000;-;-
26.08.2025 06:45;26.08.2025 07:00;-;134,250;-;0,000;-;-
26.08.2025 07:00;26.08.2025 07:15;-;134,250;-;0,000;-;-
26.08.2025 07:15;26.08.2025 07:30;-;134,250;-;0,000;-;-
26.08.2025 07:30;26.08.2025 07:45;-;134,250;-;0,000;-;-
26.08.2025 07:45;26.08.2025 08:00;-;134,250;-;0,000;-;-
26.08.2025 08:00;26.08.2025 08:15;-;95,750;-;0,000;-;-
26.08.2025 08:15;26.08.2025 08:30;-;95,750;-;0,000;-;-
26.08.2025 08:30;26.08.2025 08:45;-;95,750;-;0,000;-;-
26.08.2025 08:45;26.08.2025 09:00;-;95,750;-;0,000;-;-
26.08.2025 09:00;26.08.2025 09:15;-;4,000;-;0,000;-;-
26.08.2025 09:15;26.08.2025 09:30;-;4,000;-;0,000;-;-
26.08.2025 09:30;26.08.2025 09:45;-;4,000;-;0,000;-;-
26.08.2025 09:45;26.08.2025 10:00;-;4,000;-;0,000;-;-
26.08.2025 10:00;26.08.2025 10:15;-;0,000;-;0,000;-;-
26.08.2025 10:15;26.08.2025 10:30;-;0,000;-;0,000;-;-
26.08.2025 10:30;26.08.2025 10:45;-;0,000;-;0,000;-;-
26.08.2025 10:45;26.08.2025 11:00;-;0,000;-;0,000;-;-
26.08.2025 11:00;26.08.2025 11:15;-;0,000;-;0,000;-;-
26.08.2025 11:15;26.08.2025 11:30;-;0,000;-;0,000;-;-
26.08.2025 11:30;26.08.2025 11:45;-;0,000;-;0,000;-;-
26.08.2025 11:45;26.08.2025 12:00;-;0,000;-;0,000;-;-
26.08.2025 12:00;26.08.2025 12:15;-;0,000;-;0,000;-;-
26.08.2025 12:15;26.08.2025 12:30;-;0,000;-;0,000;-;-
26.08.2025 12:30;26.08.2025 12:45;-;0,000;-;0,000;-;-
26.08.2025 12:45;26.08.2025 13:00;-;0,000;-;0,000;-;-
26.08.2025 13:00;26.08.2025 13:15;-;0,000;-;0,000;-;-
26.08.2025 13:15;26.08.2025 13:30;-;0,000;-;0,000;-;-
26.08.2025 13:30;26.08.2025 13:45;-;0,000;-;0,000;-;-
26.08.2025 13:45;26.08.2025 14:00;-;0,000;-;0,000;-;-
26.08.2025 14:00;26.08.2025 14:15;-;0,000;-;0,000;-;-
26.08.2025 14:15;26.08.2025 14:30;-;0,000;-;0,000;-;-
26.08.2025 14:30;26.08.2025 14:45;-;0,000;-;0,000;-;-
26.08.2025 14:45;26.08.2025 15:00;-;0,000;-;0,000;-;-
26.08.2025 15:00;26.08.2025 15:15;-;0,000;-;0,000;-;-
26.08.2025 15:15;26.08.2025 15:30;-;0,000;-;0,000;-;-
26.08.2025 15:30;26.08.2025 15:45;-;0,000;-;0,000;-;-
26.08.2025 15:45;26.08.2025 16:00;-;0,000;-;0,000;-;-
26.08.2025 16:00;26.08.2025 16:15;-;62,750;-;0,000;-;-
26.08.2025 16:15;26.08.2025 16:30;-;62,750;-;0,000;-;-
26.08.2025 16:30;26.08.2025 16:45;-;62,750;-;0,000;-;-
26.08.2025 16:45;26.08.2025 17:00;-;62,750;-;0,000;-;-
26.08.2025 17:00;26.08.2025 17:15;-;125,000;-;0,000;-;-
26.08.2025 17:15;26.08.2025 17:30;-;125,000;-;0,000;-;-
26.08.2025 17:30;26.08.2025 17:45;-;125,000;-;0,000;-;-
26.08.2025 17:45;26.08.2025 18:00;-;125,000;-;0,000;-;-
26.08.2025 18:00;26.08.2025 18:15;-;129,000;-;0,000;-;-
26.08.2025 18:15;26.08.2025 18:30;-;129,000;-;0,000;-;-
26.08.2025 18:30;26.08.2025 18:45;-;129,000;-;0,000;-;-
26.08.2025 18:45;26.08.2025 19:00;-;129,000;-;0,000;-;-
26.08.2025 19:00;26.08.2025 19:15;-;130,000;-;0,000;-;-
26.08.2025 19:15;26.08.2025 19:30;-;130,000;-;0,000;-;-
26.08.2025 19:30;26.08.2025 19:45;-;130,000;-;0,000;-;-
26.08.2025 19:45;26.08.2025 20:00;-;130,000;-;0,000;-;-
26.08.2025 20:00;26.08.2025 20:15;-;130,750;-;0,000;-;-
26.08.2025 20:15;26.08.2025 20:30;-;130,750;-;0,000;-;-
26.08.2025 20:30;26.08.2025 20:45;-;130,750;-;0,000;-;-
26.08.2025 20:45;26.08.2025 21:00;-;130,750;-;0,000;-;-
26.08.2025 21:00;26.08.2025 21:15;-;132,500;-;0,000;-;-
26.08.2025 21:15;26.08.2025 21:30;-;132,500;-;0,000;-;-
26.08.2025 21:30;26.08.2025 21:45;-;132,500;-;0,000;-;-
26.08.2025 21:45;26.08.2025 22:00;-;132,500;-;0,000;-;-
26.08.2025 22:00;26.08.2025 22:15;-;132,500;-;0,000;-;-
26.08.2025 22:15;26.08.2025 22:30;-;132,500;-;0,000;-;-
26.08.2025 22:30;26.08.2025 22:45;-;132,500;-;0,000;-;-
26.08.2025 22:45;26.08.2025 23:00;-;132,500;-;0,000;-;-
26.08.2025 23:00;26.08.2025 23:15;-;132,500;-;0,000;-;-
26.08.2025 23:15;26.08.2025 23:30;-;132,500;-;0,000;-;-
26.08.2025 23:30;26.08.2025 23:45;-;132,500;-;0,000;-;-
26.08.2025 23:45;27.08.2025 00:00;-;132,500;-;0,000;-;-
27.08.2025 00:00;27.08.2025 00:15;-;134,000;-;0,000;-;-
27.08.2025 00:15;27.08.2025 00:30;-;134,000;-;0,000;-;-
27.08.2025 00:30;27.08.2025 00:45;-;134,000;-;0,000;-;-
27.08.2025 00:45;27.08.2025 01:00;-;134,000;-;0,000;-;-
27.08.2025 01:00;27.08.2025 01:15;-;134,500;-;0,000;-;-
27.08.2025 01:15;27.08.2025 01:30;-;134,500;-;0,000;-;-
27.08.2025 01:30;27.08.2025 01:45;-;134,500;-;0,000;-;-
27.08.2025 01:45;27.08.2025 02:00;-;134,500;-;0,000;-;-
27.08.2025 02:00;27.08.2025 02:15;-;133,000;-;0,000;-;-
27.08.2025 02:15;27.08.2025 02:30;-;133,000;-;0,000;-;-
27.08.2025 02:30;27.08.2025 02:45;-;133,000;-;0,000;-;-
27.08.2025 02:45;27.08.2025 03:00;-;133,000;-;0,000;-;-
27.08.2025 03:00;27.08.2025 03:15;-;132,250;-;0,000;-;-
27.08.2025 03:15;27.08.2025 03:30;-;132,250;-;0,000;-;-
27.08.2025 03:30;27.08.2025 03:45;-;132,250;-;0,000;-;-
27.08.2025 03:45;27.08.2025 04:00;-;132,250;-;0,000;-;-
27.08.2025 04:00;27.08.2025 04:15;-;133,750;-;0,000;-;-
27.08.2025 04:15;27.08.2025 04:30;-;133,750;-;0,000;-;-
27.08.2025 04:30;27.08.2025 04:45;-;133,750;-;0,000;-;-
27.08.2025 04:45;27.08.2025 05:00;-;133,750;-;0,000;-;-
27.08.2025 05:00;27.08.2025 05:15;-;134,250;-;0,000;-;-
27.08.2025 05:15;27.08.2025 05:30;-;134,250;-;0,000;-;-
27.08.2025 05:30;27.08.2025 05:45;-;134,250;-;0,000;-;-
27.08.2025 05:45;27.08.2025 06:00;-;134,250;-;0,000;-;-
27.08.2025 06:00;27.08.2025 06:15;-;114,750;-;0,000;-;-
27.08.2025 06:15;27.08.2025 06:30;-;114,750;-;0,000;-;-
27.08.2025 06:30;27.08.2025 06:45;-;114,750;-;0,000;-;-
27.08.2025 06:45;27.08.2025 07:00;-;114,750;-;0,000;-;-
27.08.2025 07:00;27.08.2025 07:15;-;114,750;-;0,000;-;-
27.08.2025 07:15;27.08.2025 07:30;-;114,750;-;0,000;-;-
27.08.2025 07:30;27.08.2025 07:45;-;114,750;-;0,000;-;-
27.08.2025 07:45;27.08.2025 08:00;-;114,750;-;0,000;-;-
27.08.2025 08:00;27.08.2025 08:15;-;112,250;-;0,000;-;-
27.08.2025 08:15;27.08.2025 08:30;-;112,250;-;0,000;-;-
27.08.2025 08:30;27.08.2025 08:45;-;112,250;-;0,000;-;-
27.08.2025 08:45;27.08.2025 09:00;-;112,250;-;0,000;-;-
27.08.2025 09:00;27.08.2025 09:15;-;87,250;-;0,000;-;-
27.08.2025 09:15;27.08.2025 09:30;-;87,250;-;0,000;-;-
27.08.2025 09:30;27.08.2025 09:45;-;87,250;-;0,000;-;-
27.08.2025 09:45;27.08.2025 10:00;-;87,250;-;0,000;-;-
27.08.2025 10:00;27.08.2025 10:15;-;4,000;-;0,000;-;-
27.08.2025 10:15;27.08.2025 10:30;-;4,000;-;0,000;-;-
27.08.2025 10:30;27.08.2025 10:45;-;4,000;-;0,000;-;-
27.08.2025 10:45;27.08.2025 11:00;-;4,000;-;0,000;-;-
27.08.2025 11:00;27.08.2025 11:15;-;0,000;-;0,000;-;-
27.08.2025 11:15;27.08.2025 11:30;-;0,000;-;0,000;-;-
27.08.2025 11:30;27.08.2025 11:45;-;0,000;-;0,000;-;-
27.08.2025 11:45;27.08.2025 12:00;-;0,000;-;0,000;-;-
27.08.2025 12:00;27.08.2025 12:15;-;0,000;-;0,000;-;-
27.08.2025 12:15;27.08.2025 12:30;-;0,000;-;0,000;-;-
27.08.2025 12:30;27.08.2025 12:45;-;0,000;-;0,000;-;-
27.08.2025 12:45;27.08.2025 13:00;-;0,000;-;0,000;-;-
27.08.2025 13:00;27.08.2025 13:15;-;0,000;-;0,000;-;-
27.08.2025 13:15;27.08.2025 13:30;-;0,000;-;0,000;-;-
27.08.2025 13:30;27.08.2025 13:45;-;0,000;-;0,000;-;-
27.08.2025 13:45;27.08.2025 14:00;-;0,000;-;0,000;-;-
27.08.2025 14:00;27.08.2025 14:15;-;0,000;-;0,000;-;-
27.08.2025 14:15;27.08.2025 14:30;-;0,000;-;0,000;-;-
27.08.2025 14:30;27.08.2025 14:45;-;0,000;-;0,000;-;-
27.08.2025 14:45;27.08.2025 15:00;-;0,000;-;0,000;-;-
27.08.2025 15:00;27.08.2025 15:15;-;0,000;-;0,000;-;-
27.08.2025 15:15;27.08.2025 15:30;-;0,000;-;0,000;-;-
27.08.2025 15:30;27.08.2025 15:45;-;0,000;-;0,000;-;-
27.08.2025 15:45;27.08.2025 16:00;-;0,000;-;0,000;-;-
27.08.2025 16:00;27.08.2025 16:15;-;51,500;-;19,750;-;-
27.08.2025 16:15;27.08.2025 16:30;-;51,500;-;19,750;-;-
27.08.2025 16:30;27.08.2025 16:45;-;51,500;-;19,750;-;-
27.08.2025 16:45;27.08.2025 17:00;-;51,500;-;19,750;-;-
27.08.2025 17:00;27.08.2025 17:15;-;107,000;-;45,750;-;-
27.08.2025 17:15;27.08.2025 17:30;-;107,000;-;45,750;-;-
27.08.2025 17:30;27.08.2025 17:45;-;107,000;-;45,750;-;-
27.08.2025 17:45;27.08.2025 18:00;-;107,000;-;45,750;-;-
27.08.2025 18:00;27.08.2025 18:15;-;126,750;-;150,500;-;-
27.08.2025 18:15;27.08.2025 18:30;-;126,750;-;150,500;-;-
27.08.2025 18:30;27.08.2025 18:45;-;126,750;-;150,500;-;-
27.08.2025 18:45;27.08.2025 19:00;-;126,750;-;150,500;-;-
27.08.2025 19:00;27.08.2025 19:15;-;128,500;-;181,750;-;-
27.08.2025 19:15;27.08.2025 19:30;-;128,500;-;181,750;-;-
27.08.2025 19:30;27.08.2025 19:45;-;128,500;-;181,750;-;-
27.08.2025 19:45;27.08.2025 20:00;-;128,500;-;181,750;-;-
27.08.2025 20:00;27.08.2025 20:15;-;128,750;-;185,250;-;-
27.08.2025 20:15;27.08.2025 20:30;-;128,750;-;185,250;-;-
27.08.2025 20:30;27.08.2025 20:45;-;128,750;-;185,250;-;-
27.08.2025 20:45;27.08.2025 21:00;-;128,750;-;185,250;-;-
27.08.2025 21:00;27.08.2025 21:15;-;129,500;-;188,750;-;-
27.08.2025 21:15;27.08.2025 21:30;-;129,500;-;188,750;-;-
27.08.2025 21:30;27.08.2025 21:45;-;129,500;-;188,750;-;-
27.08.2025 21:45;27.08.2025 22:00;-;129,500;-;188,750;-;-
27.08.2025 22:00;27.08.2025 22:15;-;131,250;-;186,500;-;-
27.08.2025 22:15;27.08.2025 22:30;-;131,250;-;186,500;-;-
27.08.2025 22:30;27.08.2025 22:45;-;131,250;-;186,500;-;-
27.08.2025 22:45;27.08.2025 23:00;-;131,250;-;186,500;-;-
27.08.2025 23:00;27.08.2025 23:15;-;131,500;-;177,000;-;-
27.08.2025 23:15;27.08.2025 23:30;-;131,500;-;177,000;-;-
27.08.2025 23:30;27.08.2025 23:45;-;131,500;-;177,000;-;-
27.08.2025 23:45;28.08.2025 00:00;-;131,500;-;177,000;-;-
28.08.2025 00:00;28.08.2025 00:15;-;101,750;-;136,250;-;-
28.08.2025 00:15;28.08.2025 00:30;-;101,750;-;136,250;-;-
28.08.2025 00:30;28.08.2025 00:45;-;101,750;-;136,250;-;-
28.08.2025 00:45;28.08.2025 01:00;-;101,750;-;136,250;-;-
28.08.2025 01:00;28.08.2025 01:15;-;92,500;-;134,000;-;-
28.08.2025 01:15;28.08.2025 01:30;-;92,500;-;134,000;-;-
28.08.2025 01:30;28.08.2025 01:45;-;92,500;-;134,000;-;-
28.08.2025 01:45;28.08.2025 02:00;-;92,500;-;134,000;-;-
28.08.2025 02:00;28.08.2025 02:15;-;127,000;-;133,000;-;-
28.08.2025 02:15;28.08.2025 02:30;-;127,000;-;133,000;-;-
28.08.2025 02:30;28.08.2025 02:45;-;127,000;-;133,000;-;-
28.08.2025 02:45;28.08.2025 03:00;-;127,000;-;133,000;-;-
28.08.2025 03:00;28.08.2025 03:15;-;123,750;-;133,000;-;-
28.08.2025 03:15;28.08.2025 03:30;-;123,750;-;133,000;-;-
28.08.2025 03:30;28.08.2025 03:45;-;123,750;-;133,000;-;-
28.08.2025 03:45;28.08.2025 04:00;-;123,750;-;133,000;-;-
28.08.2025 04:00;28.08.2025 04:15;-;127,000;-;132,750;-;-
28.08.2025 04:15;28.08.2025 04:30;-;127,000;-;132,750;-;-
28.08.2025 04:30;28.08.2025 04:45;-;127,000;-;132,750;-;-
28.08.2025 04:45;28.08.2025 05:00;-;127,000;-;132,750;-;-
28.08.2025 05:00;28.08.2025 05:15;-;125,000;-;133,750;-;-
28.08.2025 05:15;28.08.2025 05:30;-;125,000;-;133,750;-;-
28.08.2025 05:30;28.08.2025 05:45;-;125,000;-;133,750;-;-
28.08.2025 05:45;28.08.2025 06:00;-;125,000;-;133,750;-;-
28.08.2025 06:00;28.08.2025 06:15;-;133,000;-;190,500;-;-
28.08.2025 06:15;28.08.2025 06:30;-;133,000;-;190,500;-;-
28.08.2025 06:30;28.08.2025 06:45;-;133,000;-;190,500;-;-
28.08.2025 06:45;28.08.2025 07:00;-;133,000;-;190,500;-;-
28.08.2025 07:00;28.08.2025 07:15;-;134,000;-;194,500;-;-
28.08.2025 07:15;28.08.2025 07:30;-;134,000;-;194,500;-;-
28.08.2025 07:30;28.08.2025 07:45;-;134,000;-;194,500;-;-
28.08.2025 07:45;28.08.2025 08:00;-;134,000;-;194,500;-;-
28.08.2025 08:00;28.08.2025 08:15;-;134,000;-;193,250;-;-
28.08.2025 08:15;28.08.2025 08:30;-;134,000;-;193,250;-;-
28.08.2025 08:30;28.08.2025 08:45;-;134,000;-;193,250;-;-
28.08.2025 08:45;28.08.2025 09:00;-;134,000;-;193,250;-;-
28.08.2025 09:00;28.08.2025 09:15;-;133,750;-;193,000;-;-
28.08.2025 09:15;28.08.2025 09:30;-;133,750;-;193,000;-;-
28.08.2025 09:30;28.08.2025 09:45;-;133,750;-;193,000;-;-
28.08.2025 09:45;28.08.2025 10:00;-;133,750;-;193,000;-;-
28.08.2025 10:00;28.08.2025 10:15;-;132,250;-;181,000;-;-
28.08.2025 10:15;28.08.2025 10:30;-;132,250;-;181,000;-;-
28.08.2025 10:30;28.08.2025 10:45;-;132,250;-;181,000;-;-
28.08.2025 10:45;28.08.2025 11:00;-;132,250;-;181,000;-;-
28.08.2025 11:00;28.08.2025 11:15;-;131,250;-;176,250;-;-
28.08.2025 11:15;28.08.2025 11:30;-;131,250;-;176,250;-;-
28.08.2025 11:30;28.08.2025 11:45;-;131,250;-;176,250;-;-
28.08.2025 11:45;28.08.2025 12:00;-;131,250;-;176,250;-;-
28.08.2025 12:00;28.08.2025 12:15;-;131,250;-;170,000;-;-
28.08.2025 12:15;28.08.2025 12:30;-;131,250;-;170,000;-;-
28.08.2025 12:30;28.08.2025 12:45;-;131,250;-;170,000;-;-
28.08.2025 12:45;28.08.2025 13:00;-;131,250;-;170,000;-;-
28.08.2025 13:00;28.08.2025 13:15;-;132,500;-;162,250;-;-
28.08.2025 13:15;28.08.2025 13:30;-;132,500;-;162,250;-;-
28.08.2025 13:30;28.08.2025 13:45;-;132,500;-;162,250;-;-
28.08.2025 13:45;28.08.2025 14:00;-;132,500;-;162,250;-;-
28.08.2025 14:00;28.08.2025 14:15;-;132,500;-;155,000;-;-
28.08.2025 14:15;28.08.2025 14:30;-;132,500;-;155,000;-;-
28.08.2025 14:30;28.08.2025 14:45;-;132,500;-;155,000;-;-
28.08.2025 14:45;28.08.2025 15:00;-;132,500;-;155,000;-;-
28.08.2025 15:00;28.08.2025 15:15;-;132,500;-;135,000;-;-
28.08.2025 15:15;28.08.2025 15:30;-;132,500;-;135,000;-;-
28.08.2025 15:30;28.08.2025 15:45;-;132,500;-;135,000;-;-
28.08.2025 15:45;28.08.2025 16:00;-;132,500;-;135,000;-;-
28.08.2025 16:00;28.08.2025 16:15;-;134,250;-;146,500;-;-
28.08.2025 16:15;28.08.2025 16:30;-;134,250;-;146,500;-;-
28.08.2025 16:30;28.08.2025 16:45;-;134,250;-;146,500;-;-
28.08.2025 16:45;28.08.2025 17:00;-;134,250;-;146,500;-;-
28.08.2025 17:00;28.08.2025 17:15;-;132,750;-;185,500;-;-
28.08.2025 17:15;28.08.2025 17:30;-;132,750;-;185,500;-;-
28.08.2025 17:30;28.08.2025 17:45;-;132,750;-;185,500;-;-
28.08.2025 17:45;28.08.2025 18:00;-;132,750;-;185,500;-;-
28.08.2025 18:00;28.08.2025 18:15;-;132,250;-;193,250;-;-
28.08.2025 18:15;28.08.2025 18:30;-;132,250;-;193,250;-;-
28.08.2025 18:30;28.08.2025 18:45;-;132,250;-;193,250;-;-
28.08.2025 18:45;28.08.2025 19:00;-;132,250;-;193,250;-;-
28.08.2025 19:00;28.08.2025 19:15;-;132,250;-;193,500;-;-
28.08.2025 19:15;28.08.2025 19:30;-;132,250;-;193,500;-;-
28.08.2025 19:30;28.08.2025 19:45;-;132,250;-;193,500;-;-
28.08.2025 19:45;28.08.2025 20:00;-;132,250;-;193,500;-;-
28.08.2025 20:00;28.08.2025 20:15;-;132,250;-;193,750;-;-
28.08.2025 20:15;28.08.2025 20:30;-;132,250;-;193,750;-;-
28.08.2025 20:30;28.08.2025 20:45;-;132,250;-;193,750;-;-
28.08.2025 20:45;28.08.2025 21:00;-;132,250;-;193,750;-;-
28.08.2025 21:00;28.08.2025 21:15;-;132,250;-;179,750;-;-
28.08.2025 21:15;28.08.2025 21:30;-;132,250;-;179,750;-;-
28.08.2025 21:30;28.08.2025 21:45;-;132,250;-;179,750;-;-
28.08.2025 21:45;28.08.2025 22:00;-;132,250;-;179,750;-;-
28.08.2025 22:00;28.08.2025 22:15;-;132,250;-;188,750;-;-
28.08.2025 22:15;28.08.2025 22:30;-;132,250;-;188,750;-;-
28.08.2025 22:30;28.08.2025 22:45;-;132,250;-;188,750;-;-
28.08.2025 22:45;28.08.2025 23:00;-;132,250;-;188,750;-;-
28.08.2025 23:00;28.08.2025 23:15;-;132,250;-;174,000;-;-
28.08.2025 23:15;28.08.2025 23:30;-;132,250;-;174,000;-;-
28.08.2025 23:30;28.08.2025 23:45;-;132,250;-;174,000;-;-
28.08.2025 23:45;29.08.2025 00:00;-;132,250;-;174,000;-;-
29.08.2025 00:00;29.08.2025 00:15;-;129,750;-;143,250;-;-
29.08.2025 00:15;29.08.2025 00:30;-;129,750;-;143,250;-;-
29.08.2025 00:30;29.08.2025 00:45;-;129,750;-;143,250;-;-
29.08.2025 00:45;29.08.2025 01:00;-;129,750;-;143,250;-;-
29.08.2025 01:00;29.08.2025 01:15;-;127,750;-;133,000;-;-
29.08.2025 01:15;29.08.2025 01:30;-;127,750;-;133,000;-;-
29.08.2025 01:30;29.08.2025 01:45;-;127,750;-;133,000;-;-
29.08.2025 01:45;29.08.2025 02:00;-;127,750;-;133,000;-;-
29.08.2025 02:00;29.08.2025 02:15;-;128,000;-;132,750;-;-
29.08.2025 02:15;29.08.2025 02:30;-;128,000;-;132,750;-;-
29.08.2025 02:30;29.08.2025 02:45;-;128,000;-;132,750;-;-
29.08.2025 02:45;29.08.2025 03:00;-;128,000;-;132,750;-;-
29.08.2025 03:00;29.08.2025 03:15;-;126,000;-;133,000;-;-
29.08.2025 03:15;29.08.2025 03:30;-;126,000;-;133,000;-;-
29.08.2025 03:30;29.08.2025 03:45;-;126,000;-;133,000;-;-
29.08.2025 03:45;29.08.2025 04:00;-;126,000;-;133,000;-;-
29.08.2025 04:00;29.08.2025 04:15;-;120,000;-;139,250;-;-
29.08.2025 04:15;29.08.2025 04:30;-;120,000;-;139,250;-;-
29.08.2025 04:30;29.08.2025 04:45;-;120,000;-;139,250;-;-
29.08.2025 04:45;29.08.2025 05:00;-;120,000;-;139,250;-;-
29.08.2025 05:00;29.08.2025 05:15;-;133,750;-;180,750;-;-
29.08.2025 05:15;29.08.2025 05:30;-;133,750;-;180,750;-;-
29.08.2025 05:30;29.08.2025 05:45;-;133,750;-;180,750;-;-
29.08.2025 05:45;29.08.2025 06:00;-;133,750;-;180,750;-;-
29.08.2025 06:00;29.08.2025 06:15;-;135,000;-;193,750;-;-
29.08.2025 06:15;29.08.2025 06:30;-;135,000;-;193,750;-;-
29.08.2025 06:30;29.08.2025 06:45;-;135,000;-;193,750;-;-
29.08.2025 06:45;29.08.2025 07:00;-;135,000;-;193,750;-;-
29.08.2025 07:00;29.08.2025 07:15;-;135,000;-;195,000;-;-
29.08.2025 07:15;29.08.2025 07:30;-;135,000;-;195,000;-;-
29.08.2025 07:30;29.08.2025 07:45;-;135,000;-;195,000;-;-
29.08.2025 07:45;29.08.2025 08:00;-;135,000;-;195,000;-;-
29.08.2025 08:00;29.08.2025 08:15;-;135,000;-;182,250;-;-
29.08.2025 08:15;29.08.2025 08:30;-;135,000;-;182,250;-;-
29.08.2025 08:30;29.08.2025 08:45;-;135,000;-;182,250;-;-
29.08.2025 08:45;29.08.2025 09:00;-;135,000;-;182,250;-;-
29.08.2025 09:00;29.08.2025 09:15;-;63,750;-;168,750;-;-
29.08.2025 09:15;29.08.2025 09:30;-;63,750;-;168,750;-;-
29.08.2025 09:30;29.08.2025 09:45;-;63,750;-;168,750;-;-
29.08.2025 09:45;29.08.2025 10:00;-;63,750;-;168,750;-;-
29.08.2025 10:00;29.08.2025 10:15;-;0,000;-;60,500;-;-
29.08.2025 10:15;29.08.2025 10:30;-;0,000;-;60,500;-;-
29.08.2025 10:30;29.08.2025 10:45;-;0,000;-;60,500;-;-
29.08.2025 10:45;29.08.2025 11:00;-;0,000;-;60,500;-;-
29.08.2025 11:00;29.08.2025 11:15;-;0,000;-;0,000;-;-
29.08.2025 11:15;29.08.2025 11:30;-;0,000;-;0,000;-;-
29.08.2025 11:30;29.08.2025 11:45;-;0,000;-;0,000;-;-
29.08.2025 11:45;29.08.2025 12:00;-;0,000;-;0,000;-;-
29.08.2025 12:00;29.08.2025 12:15;-;0,000;-;0,000;-;-
29.08.2025 12:15;29.08.2025 12:30;-;0,000;-;0,000;-;-
29.08.2025 12:30;29.08.2025 12:45;-;0,000;-;0,000;-;-
29.08.2025 12:45;29.08.2025 13:00;-;0,000;-;0,000;-;-
29.08.2025 13:00;29.08.2025 13:15;-;0,000;-;0,000;-;-
29.08.2025 13:15;29.08.2025 13:30;-;0,000;-;0,000;-;-
29.08.2025 13:30;29.08.2025 13:45;-;0,000;-;0,000;-;-
29.08.2025 13:45;29.08.2025 14:00;-;0,000;-;0,000;-;-
29.08.2025 14:00;29.08.2025 14:15;-;0,000;-;0,000;-;-
29.08.2025 14:15;29.08.2025 14:30;-;0,000;-;0,000;-;-
29.08.2025 14:30;29.08.2025 14:45;-;0,000;-;0,000;-;-
29.08.2025 14:45;29.08.2025 15:00;-;0,000;-;0,000;-;-
29.08.2025 15:00;29.08.2025 15:15;-;0,000;-;0,000;-;-
29.08.2025 15:15;29.08.2025 15:30;-;0,000;-;0,000;-;-
29.08.2025 15:30;29.08.2025 15:45;-;0,000;-;0,000;-;-
29.08.2025 15:45;29.08.2025 16:00;-;0,000;-;0,000;-;-
29.08.2025 16:00;29.08.2025 16:15;-;13,750;-;0,000;-;-
29.08.2025 16:15;29.08.2025 16:30;-;13,750;-;0,000;-;-
29.08.2025 16:30;29.08.2025 16:45;-;13,750;-;0,000;-;-
29.08.2025 16:45;29.08.2025 17:00;-;13,750;-;0,000;-;-
29.08.2025 17:00;29.08.2025 17:15;-;114,750;-;82,250;-;-
29.08.2025 17:15;29.08.2025 17:30;-;114,750;-;82,250;-;-
29.08.2025 17:30;29.08.2025 17:45;-;114,750;-;82,250;-;-
29.08.2025 17:45;29.08.2025 18:00;-;114,750;-;82,250;-;-
29.08.2025 18:00;29.08.2025 18:15;-;130,250;-;173,500;-;-
29.08.2025 18:15;29.08.2025 18:30;-;130,250;-;173,500;-;-
29.08.2025 18:30;29.08.2025 18:45;-;130,250;-;173,500;-;-
29.08.2025 18:45;29.08.2025 19:00;-;130,250;-;173,500;-;-
29.08.2025 19:00;29.08.2025 19:15;-;132,000;-;192,750;-;-
29.08.2025 19:15;29.08.2025 19:30;-;132,000;-;192,750;-;-
29.08.2025 19:30;29.08.2025 19:45;-;132,000;-;192,750;-;-
29.08.2025 19:45;29.08.2025 20:00;-;132,000;-;192,750;-;-
29.08.2025 20:00;29.08.2025 20:15;-;132,750;-;193,750;-;-
29.08.2025 20:15;29.08.2025 20:30;-;132,750;-;193,750;-;-
29.08.2025 20:30;29.08.2025 20:45;-;132,750;-;193,750;-;-
29.08.2025 20:45;29.08.2025 21:00;-;132,750;-;193,750;-;-
29.08.2025 21:00;29.08.2025 21:15;-;132,500;-;195,000;-;-
29.08.2025 21:15;29.08.2025 21:30;-;132,500;-;195,000;-;-
29.08.2025 21:30;29.08.2025 21:45;-;132,500;-;195,000;-;-
29.08.2025 21:45;29.08.2025 22:00;-;132,500;-;195,000;-;-
29.08.2025 22:00;29.08.2025 22:15;-;132,500;-;195,500;-;-
29.08.2025 22:15;29.08.2025 22:30;-;132,500;-;195,500;-;-
29.08.2025 22:30;29.08.2025 22:45;-;132,500;-;195,500;-;-
29.08.2025 22:45;29.08.2025 23:00;-;132,500;-;195,500;-;-
29.08.2025 23:00;29.08.2025 23:15;-;132,500;-;196,250;-;-
29.08.2025 23:15;29.08.2025 23:30;-;132,500;-;196,250;-;-
29.08.2025 23:30;29.08.2025 23:45;-;132,500;-;196,250;-;-
29.08.2025 23:45;30.08.2025 00:00;-;132,500;-;196,250;-;-
30.08.2025 00:00;30.08.2025 00:15;-;113,750;-;123,750;-;-
30.08.2025 00:15;30.08.2025 00:30;-;113,750;-;123,750;-;-
30.08.2025 00:30;30.08.2025 00:45;-;113,750;-;123,750;-;-
30.08.2025 00:45;30.08.2025 01:00;-;113,750;-;123,750;-;-
30.08.2025 01:00;30.08.2025 01:15;-;94,500;-;70,000;-;-
30.08.2025 01:15;30.08.2025 01:30;-;94,500;-;70,000;-;-
30.08.2025 01:30;30.08.2025 01:45;-;94,500;-;70,000;-;-
30.08.2025 01:45;30.08.2025 02:00;-;94,500;-;70,000;-;-
30.08.2025 02:00;30.08.2025 02:15;-;7,250;-;69,000;-;-
30.08.2025 02:15;30.08.2025 02:30;-;7,250;-;69,000;-;-
30.08.2025 02:30;30.08.2025 02:45;-;7,250;-;69,000;-;-
30.08.2025 02:45;30.08.2025 03:00;-;7,250;-;69,000;-;-
30.08.2025 03:00;30.08.2025 03:15;-;0,000;-;85,500;-;-
30.08.2025 03:15;30.08.2025 03:30;-;0,000;-;85,500;-;-
30.08.2025 03:30;30.08.2025 03:45;-;0,000;-;85,500;-;-
30.08.2025 03:45;30.08.2025 04:00;-;0,000;-;85,500;-;-
30.08.2025 04:00;30.08.2025 04:15;-;0,000;-;86,250;-;-
30.08.2025 04:15;30.08.2025 04:30;-;0,000;-;86,250;-;-
30.08.2025 04:30;30.08.2025 04:45;-;0,000;-;86,250;-;-
30.08.2025 04:45;30.08.2025 05:00;-;0,000;-;86,250;-;-
30.08.2025 05:00;30.08.2025 05:15;-;0,000;-;87,250;-;-
30.08.2025 05:15;30.08.2025 05:30;-;0,000;-;87,250;-;-
30.08.2025 05:30;30.08.2025 05:45;-;0,000;-;87,250;-;-
30.08.2025 05:45;30.08.2025 06:00;-;0,000;-;87,250;-;-
30.08.2025 06:00;30.08.2025 06:15;-;0,000;-;90,500;-;-
30.08.2025 06:15;30.08.2025 06:30;-;0,000;-;90,500;-;-
30.08.2025 06:30;30.08.2025 06:45;-;0,000;-;90,500;-;-
30.08.2025 06:45;30.08.2025 07:00;-;0,000;-;90,500;-;-
30.08.2025 07:00;30.08.2025 07:15;-;0,000;-;94,250;-;-
30.08.2025 07:15;30.08.2025 07:30;-;0,000;-;94,250;-;-
30.08.2025 07:30;30.08.2025 07:45;-;0,000;-;94,250;-;-
30.08.2025 07:45;30.08.2025 08:00;-;0,000;-;94,250;-;-
30.08.2025 08:00;30.08.2025 08:15;-;0,000;-;39,750;-;-
30.08.2025 08:15;30.08.2025 08:30;-;0,000;-;39,750;-;-
30.08.2025 08:30;30.08.2025 08:45;-;0,000;-;39,750;-;-
30.08.2025 08:45;30.08.2025 09:00;-;0,000;-;39,750;-;-
30.08.2025 09:00;30.08.2025 09:15;-;0,000;-;0,000;-;-
30.08.2025 09:15;30.08.2025 09:30;-;0,000;-;0,000;-;-
30.08.2025 09:30;30.08.2025 09:45;-;0,000;-;0,000;-;-
30.08.2025 09:45;30.08.2025 10:00;-;0,000;-;0,000;-;-
30.08.2025 10:00;30.08.2025 10:15;-;0,000;-;0,000;-;-
30.08.2025 10:15;30.08.2025 10:30;-;0,000;-;0,000;-;-
30.08.2025 10:30;30.08.2025 10:45;-;0,000;-;0,000;-;-
30.08.2025 10:45;30.08.2025 11:00;-;0,000;-;0,000;-;-
30.08.2025 11:00;30.08.2025 11:15;-;0,000;-;0,000;-;-
30.08.2025 11:15;30.08.2025 11:30;-;0,000;-;0,000;-;-
30.08.2025 11:30;30.08.2025 11:45;-;0,000;-;0,000;-;-
30.08.2025 11:45;30.08.2025 12:00;-;0,000;-;0,000;-;-
30.08.2025 12:00;30.08.2025 12:15;-;0,000;-;0,000;-;-
30.08.2025 12:15;30.08.2025 12:30;-;0,000;-;0,000;-;-
30.08.2025 12:30;30.08.2025 12:45;-;0,000;-;0,000;-;-
30.08.2025 12:45;30.08.2025 13:00;-;0,000;-;0,000;-;-
30.08.2025 13:00;30.08.2025 13:15;-;0,000;-;0,000;-;-
30.08.2025 13:15;30.08.2025 13:30;-;0,000;-;0,000;-;-
30.08.2025 13:30;30.08.2025 13:45;-;0,000;-;0,000;-;-
30.08.2025 13:45;30.08.2025 14:00;-;0,000;-;0,000;-;-
30.08.2025 14:00;30.08.2025 14:15;-;0,000;-;0,000;-;-
30.08.2025 14:15;30.08.2025 14:30;-;0,000;-;0,000;-;-
30.08.2025 14:30;30.08.2025 14:45;-;0,000;-;0,000;-;-
30.08.2025 14:45;30.08.2025 15:00;-;0,000;-;0,000;-;-
30.08.2025 15:00;30.08.2025 15:15;-;0,000;-;0,000;-;-
30.08.2025 15:15;30.08.2025 15:30;-;0,000;-;0,000;-;-
30.08.2025 15:30;30.08.2025 15:45;-;0,000;-;0,000;-;-
30.08.2025 15:45;30.08.2025 16:00;-;0,000;-;0,000;-;-
30.08.2025 16:00;30.08.2025 16:15;-;0,000;-;0,000;-;-
30.08.2025 16:15;30.08.2025 16:30;-;0,000;-;0,000;-;-
30.08.2025 16:30;30.08.2025 16:45;-;0,000;-;0,000;-;-
30.08.2025 16:45;30.08.2025 17:00;-;0,000;-;0,000;-;-
30.08.2025 17:00;30.08.2025 17:15;-;5,250;-;43,000;-;-
30.08.2025 17:15;30.08.2025 17:30;-;5,250;-;43,000;-;-
30.08.2025 17:30;30.08.2025 17:45;-;5,250;-;43,000;-;-
30.08.2025 17:45;30.08.2025 18:00;-;5,250;-;43,000;-;-
30.08.2025 18:00;30.08.2025 18:15;-;68,250;-;165,500;-;-
30.08.2025 18:15;30.08.2025 18:30;-;68,250;-;165,500;-;-
30.08.2025 18:30;30.08.2025 18:45;-;68,250;-;165,500;-;-
30.08.2025 18:45;30.08.2025 19:00;-;68,250;-;165,500;-;-
30.08.2025 19:00;30.08.2025 19:15;-;126,500;-;192,500;-;-
30.08.2025 19:15;30.08.2025 19:30;-;126,500;-;192,500;-;-
30.08.2025 19:30;30.08.2025 19:45;-;126,500;-;192,500;-;-
30.08.2025 19:45;30.08.2025 20:00;-;126,500;-;192,500;-;-
30.08.2025 20:00;30.08.2025 20:15;-;132,500;-;195,500;-;-
30.08.2025 20:15;30.08.2025 20:30;-;132,500;-;195,500;-;-
30.08.2025 20:30;30.08.2025 20:45;-;132,500;-;195,500;-;-
30.08.2025 20:45;30.08.2025 21:00;-;132,500;-;195,500;-;-
30.08.2025 21:00;30.08.2025 21:15;-;133,250;-;193,500;-;-
30.08.2025 21:15;30.08.2025 21:30;-;133,250;-;193,500;-;-
30.08.2025 21:30;30.08.2025 21:45;-;133,250;-;193,500;-;-
30.08.2025 21:45;30.08.2025 22:00;-;133,250;-;193,500;-;-
30.08.2025 22:00;30.08.2025 22:15;-;125,500;-;155,250;-;-
30.08.2025 22:15;30.08.2025 22:30;-;125,500;-;155,250;-;-
30.08.2025 22:30;30.08.2025 22:45;-;125,500;-;155,250;-;-
30.08.2025 22:45;30.08.2025 23:00;-;125,500;-;155,250;-;-
30.08.2025 23:00;30.08.2025 23:15;-;0,000;-;0,000;-;-
30.08.2025 23:15;30.08.2025 23:30;-;0,000;-;0,000;-;-
30.08.2025 23:30;30.08.2025 23:45;-;0,000;-;0,000;-;-
30.08.2025 23:45;31.08.2025 00:00;-;0,000;-;0,000;-;-
31.08.2025 00:00;31.08.2025 00:15;-;0,000;-;0,000;-;-
31.08.2025 00:15;31.08.2025 00:30;-;0,000;-;0,000;-;-
31.08.2025 00:30;31.08.2025 00:45;-;0,000;-;0,000;-;-
31.08.2025 00:45;31.08.2025 01:00;-;0,000;-;0,000;-;-
31.08.2025 01:00;31.08.2025 01:15;-;5,750;-;63,750;-;-
31.08.2025 01:15;31.08.2025 01:30;-;5,750;-;63,750;-;-
31.08.2025 01:30;31.08.2025 01:45;-;5,750;-;63,750;-;-
31.08.2025 01:45;31.08.2025 02:00;-;5,750;-;63,750;-;-
31.08.2025 02:00;31.08.2025 02:15;-;0,000;-;68,250;-;-
31.08.2025 02:15;31.08.2025 02:30;-;0,000;-;68,250;-;-
31.08.2025 02:30;31.08.2025 02:45;-;0,000;-;68,250;-;-
31.08.2025 02:45;31.08.2025 03:00;-;0,000;-;68,250;-;-
31.08.2025 03:00;31.08.2025 03:15;-;0,000;-;65,250;-;-
31.08.2025 03:15;31.08.2025 03:30;-;0,000;-;65,250;-;-
31.08.2025 03:30;31.08.2025 03:45;-;0,000;-;65,250;-;-
31.08.2025 03:45;31.08.2025 04:00;-;0,000;-;65,250;-;-
31.08.2025 04:00;31.08.2025 04:15;-;0,000;-;63,250;-;-
31.08.2025 04:15;31.08.2025 04:30;-;0,000;-;63,250;-;-
31.08.2025 04:30;31.08.2025 04:45;-;0,000;-;63,250;-;-
31.08.2025 04:45;31.08.2025 05:00;-;0,000;-;63,250;-;-
31.08.2025 05:00;31.08.2025 05:15;-;0,000;-;76,000;-;-
31.08.2025 05:15;31.08.2025 05:30;-;0,000;-;76,000;-;-
31.08.2025 05:30;31.08.2025 05:45;-;0,000;-;76,000;-;-
31.08.2025 05:45;31.08.2025 06:00;-;0,000;-;76,000;-;-
31.08.2025 06:00;31.08.2025 06:15;-;0,000;-;89,000;-;-
31.08.2025 06:15;31.08.2025 06:30;-;0,000;-;89,000;-;-
31.08.2025 06:30;31.08.2025 06:45;-;0,000;-;89,000;-;-
31.08.2025 06:45;31.08.2025 07:00;-;0,000;-;89,000;-;-
31.08.2025 07:00;31.08.2025 07:15;-;0,000;-;67,250;-;-
31.08.2025 07:15;31.08.2025 07:30;-;0,000;-;67,250;-;-
31.08.2025 07:30;31.08.2025 07:45;-;0,000;-;67,250;-;-
31.08.2025 07:45;31.08.2025 08:00;-;0,000;-;67,250;-;-
31.08.2025 08:00;31.08.2025 08:15;-;0,000;-;19,750;-;-
31.08.2025 08:15;31.08.2025 08:30;-;0,000;-;19,750;-;-
31.08.2025 08:30;31.08.2025 08:45;-;0,000;-;19,750;-;-
31.08.2025 08:45;31.08.2025 09:00;-;0,000;-;19,750;-;-
31.08.2025 09:00;31.08.2025 09:15;-;0,000;-;0,000;-;-
31.08.2025 09:15;31.08.2025 09:30;-;0,000;-;0,000;-;-
31.08.2025 09:30;31.08.2025 09:45;-;0,000;-;0,000;-;-
31.08.2025 09:45;31.08.2025 10:00;-;0,000;-;0,000;-;-
31.08.2025 10:00;31.08.2025 10:15;-;0,000;-;0,000;-;-
31.08.2025 10:15;31.08.2025 10:30;-;0,000;-;0,000;-;-
31.08.2025 10:30;31.08.2025 10:45;-;0,000;-;0,000;-;-
31.08.2025 10:45;31.08.2025 11:00;-;0,000;-;0,000;-;-
31.08.2025 11:00;31.08.2025 11:15;-;0,000;-;0,000;-;-
31.08.2025 11:15;31.08.2025 11:30;-;0,000;-;0,000;-;-
31.08.2025 11:30;31.08.2025 11:45;-;0,000;-;0,000;-;-
31.08.2025 11:45;31.08.2025 12:00;-;0,000;-;0,000;-;-
31.08.2025 12:00;31.08.2025 12:15;-;0,000;-;0,000;-;-
31.08.2025 12:15;31.08.2025 12:30;-;0,000;-;0,000;-;-
31.08.2025 12:30;31.08.2025 12:45;-;0,000;-;0,000;-;-
31.08.2025 12:45;31.08.2025 13:00;-;0,000;-;0,000;-;-
31.08.2025 13:00;31.08.2025 13:15;-;0,000;-;0,000;-;-
31.08.2025 13:15;31.08.2025 13:30;-;0,000;-;0,000;-;-
31.08.2025 13:30;31.08.2025 13:45;-;0,000;-;0,000;-;-
31.08.2025 13:45;31.08.2025 14:00;-;0,000;-;0,000;-;-
31.08.2025 14:00;31.08.2025 14:15;-;0,000;-;0,000;-;-
31.08.2025 14:15;31.08.2025 14:30;-;0,000;-;0,000;-;-
31.08.2025 14:30;31.08.2025 14:45;-;0,000;-;0,000;-;-
31.08.2025 14:45;31.08.2025 15:00;-;0,000;-;0,000;-;-
31.08.2025 15:00;31.08.2025 15:15;-;0,000;-;0,000;-;-
31.08.2025 15:15;31.08.2025 15:30;-;0,000;-;0,000;-;-
31.08.2025 15:30;31.08.2025 15:45;-;0,000;-;0,000;-;-
31.08.2025 15:45;31.08.2025 16:00;-;0,000;-;0,000;-;-
31.08.2025 16:00;31.08.2025 16:15;-;0,000;-;0,000;-;-
31.08.2025 16:15;31.08.2025 16:30;-;0,000;-;0,000;-;-
31.08.2025 16:30;31.08.2025 16:45;-;0,000;-;0,000;-;-
31.08.2025 16:45;31.08.2025 17:00;-;0,000;-;0,000;-;-
31.08.2025 17:00;31.08.2025 17:15;-;33,250;-;13,750;-;-
31.08.2025 17:15;31.08.2025 17:30;-;33,250;-;13,750;-;-
31.08.2025 17:30;31.08.2025 17:45;-;33,250;-;13,750;-;-
31.08.2025 17:45;31.08.2025 18:00;-;33,250;-;13,750;-;-
31.08.2025 18:00;31.08.2025 18:15;-;120,500;-;113,250;-;-
31.08.2025 18:15;31.08.2025 18:30;-;120,500;-;113,250;-;-
31.08.2025 18:30;31.08.2025 18:45;-;120,500;-;113,250;-;-
31.08.2025 18:45;31.08.2025 19:00;-;120,500;-;113,250;-;-
31.08.2025 19:00;31.08.2025 19:15;-;128,750;-;186,000;-;-
31.08.2025 19:15;31.08.2025 19:30;-;128,750;-;186,000;-;-
31.08.2025 19:30;31.08.2025 19:45;-;128,750;-;186,000;-;-
31.08.2025 19:45;31.08.2025 20:00;-;128,750;-;186,000;-;-
31.08.2025 20:00;31.08.2025 20:15;-;130,500;-;191,500;-;-
31.08.2025 20:15;31.08.2025 20:30;-;130,500;-;191,500;-;-
31.08.2025 20:30;31.08.2025 20:45;-;130,500;-;191,500;-;-
31.08.2025 20:45;31.08.2025 21:00;-;130,500;-;191,500;-;-
31.08.2025 21:00;31.08.2025 21:15;-;131,250;-;192,500;-;-
31.08.2025 21:15;31.08.2025 21:30;-;131,250;-;192,500;-;-
31.08.2025 21:30;31.08.2025 21:45;-;131,250;-;192,500;-;-
31.08.2025 21:45;31.08.2025 22:00;-;131,250;-;192,500;-;-
31.08.2025 22:00;31.08.2025 22:15;-;132,500;-;174,000;-;-
31.08.2025 22:15;31.08.2025 22:30;-;132,500;-;174,000;-;-
31.08.2025 22:30;31.08.2025 22:45;-;132,500;-;174,000;-;-
31.08.2025 22:45;31.08.2025 23:00;-;132,500;-;174,000;-;-
31.08.2025 23:00;31.08.2025 23:15;-;128,000;-;147,750;-;-
31.08.2025 23:15;31.08.2025 23:30;-;128,000;-;147,750;-;-
31.08.2025 23:30;31.08.2025 23:45;-;128,000;-;147,750;-;-
31.08.2025 23:45;01.09.2025 00:00;-;128,000;-;147,750;-;-
01.09.2025 00:00;01.09.2025 00:15;-;122,250;-;149,000;-;-
01.09.2025 00:15;01.09.2025 00:30;-;122,250;-;149,000;-;-
01.09.2025 00:30;01.09.2025 00:45;-;122,250;-;149,000;-;-
01.09.2025 00:45;01.09.2025 01:00;-;122,250;-;149,000;-;-
01.09.2025 01:00;01.09.2025 01:15;-;124,750;-;144,250;-;-
01.09.2025 01:15;01.09.2025 01:30;-;124,750;-;144,250;-;-
01.09.2025 01:30;01.09.2025 01:45;-;124,750;-;144,250;-;-
01.09.2025 01:45;01.09.2025 02:00;-;124,750;-;144,250;-;-
01.09.2025 02:00;01.09.2025 02:15;-;129,250;-;151,250;-;-
01.09.2025 02:15;01.09.2025 02:30;-;129,250;-;151,250;-;-
01.09.2025 02:30;01.09.2025 02:45;-;129,250;-;151,250;-;-
01.09.2025 02:45;01.09.2025 03:00;-;129,250;-;151,250;-;-
01.09.2025 03:00;01.09.2025 03:15;-;128,000;-;140,000;-;-
01.09.2025 03:15;01.09.2025 03:30;-;128,000;-;140,000;-;-
01.09.2025 03:30;01.09.2025 03:45;-;128,000;-;140,000;-;-
01.09.2025 03:45;01.09.2025 04:00;-;128,000;-;140,000;-;-
01.09.2025 04:00;01.09.2025 04:15;-;129,750;-;140,500;-;-
01.09.2025 04:15;01.09.2025 04:30;-;129,750;-;140,500;-;-
01.09.2025 04:30;01.09.2025 04:45;-;129,750;-;140,500;-;-
01.09.2025 04:45;01.09.2025 05:00;-;129,750;-;140,500;-;-
01.09.2025 05:00;01.09.2025 05:15;-;130,250;-;134,250;-;-
01.09.2025 05:15;01.09.2025 05:30;-;130,250;-;134,250;-;-
01.09.2025 05:30;01.09.2025 05:45;-;130,250;-;134,250;-;-
01.09.2025 05:45;01.09.2025 06:00;-;130,250;-;134,250;-;-
01.09.2025 06:00;01.09.2025 06:15;-;136,250;-;133,000;-;-
01.09.2025 06:15;01.09.2025 06:30;-;136,250;-;133,000;-;-
01.09.2025 06:30;01.09.2025 06:45;-;136,250;-;133,000;-;-
01.09.2025 06:45;01.09.2025 07:00;-;136,250;-;133,000;-;-
01.09.2025 07:00;01.09.2025 07:15;-;136,250;-;136,000;-;-
01.09.2025 07:15;01.09.2025 07:30;-;136,250;-;136,000;-;-
01.09.2025 07:30;01.09.2025 07:45;-;136,250;-;136,000;-;-
01.09.2025 07:45;01.09.2025 08:00;-;136,250;-;136,000;-;-
01.09.2025 08:00;01.09.2025 08:15;-;85,500;-;154,750;-;-
01.09.2025 08:15;01.09.2025 08:30;-;85,500;-;154,750;-;-
01.09.2025 08:30;01.09.2025 08:45;-;85,500;-;154,750;-;-
01.09.2025 08:45;01.09.2025 09:00;-;85,500;-;154,750;-;-
01.09.2025 09:00;01.09.2025 09:15;-;3,000;-;142,500;-;-
01.09.2025 09:15;01.09.2025 09:30;-;3,000;-;142,500;-;-
01.09.2025 09:30;01.09.2025 09:45;-;3,000;-;142,500;-;-
01.09.2025 09:45;01.09.2025 10:00;-;3,000;-;142,500;-;-
01.09.2025 10:00;01.09.2025 10:15;-;0,000;-;143,500;-;-
01.09.2025 10:15;01.09.2025 10:30;-;0,000;-;143,500;-;-
01.09.2025 10:30;01.09.2025 10:45;-;0,000;-;143,500;-;-
01.09.2025 10:45;01.09.2025 11:00;-;0,000;-;143,500;-;-
01.09.2025 11:00;01.09.2025 11:15;-;0,000;-;51,000;-;-
01.09.2025 11:15;01.09.2025 11:30;-;0,000;-;51,000;-;-
01.09.2025 11:30;01.09.2025 11:45;-;0,000;-;51,000;-;-
01.09.2025 11:45;01.09.2025 12:00;-;0,000;-;51,000;-;-
01.09.2025 12:00;01.09.2025 12:15;-;0,000;-;0,000;-;-
01.09.2025 12:15;01.09.2025 12:30;-;0,000;-;0,000;-;-
01.09.2025 12:30;01.09.2025 12:45;-;0,000;-;0,000;-;-
01.09.2025 12:45;01.09.2025 13:00;-;0,000;-;0,000;-;-
01.09.2025 13:00;01.09.2025 13:15;-;0,000;-;0,000;-;-
01.09.2025 13:15;01.09.2025 13:30;-;0,000;-;0,000;-;-
01.09.2025 13:30;01.09.2025 13:45;-;0,000;-;0,000;-;-
01.09.2025 13:45;01.09.2025 14:00;-;0,000;-;0,000;-;-
01.09.2025 14:00;01.09.2025 14:15;-;0,000;-;0,000;-;-
01.09.2025 14:15;01.09.2025 14:30;-;0,000;-;0,000;-;-
01.09.2025 14:30;01.09.2025 14:45;-;0,000;-;0,000;-;-
01.09.2025 14:45;01.09.2025 15:00;-;0,000;-;0,000;-;-
01.09.2025 15:00;01.09.2025 15:15;-;1,750;-;0,000;-;-
01.09.2025 15:15;01.09.2025 15:30;-;1,750;-;0,000;-;-
01.09.2025 15:30;01.09.2025 15:45;-;1,750;-;0,000;-;-
01.09.2025 15:45;01.09.2025 16:00;-;1,750;-;0,000;-;-
01.09.2025 16:00;01.09.2025 16:15;-;62,500;-;27,750;-;-
01.09.2025 16:15;01.09.2025 16:30;-;62,500;-;27,750;-;-
01.09.2025 16:30;01.09.2025 16:45;-;62,500;-;27,750;-;-
01.09.2025 16:45;01.09.2025 17:00;-;62,500;-;27,750;-;-
01.09.2025 17:00;01.09.2025 17:15;-;130,500;-;164,250;-;-
01.09.2025 17:15;01.09.2025 17:30;-;130,500;-;164,250;-;-
01.09.2025 17:30;01.09.2025 17:45;-;130,500;-;164,250;-;-
01.09.2025 17:45;01.09.2025 18:00;-;130,500;-;164,250;-;-
01.09.2025 18:00;01.09.2025 18:15;-;132,250;-;191,750;-;-
01.09.2025 18:15;01.09.2025 18:30;-;132,250;-;191,750;-;-
01.09.2025 18:30;01.09.2025 18:45;-;132,250;-;191,750;-;-
01.09.2025 18:45;01.09.2025 19:00;-;132,250;-;191,750;-;-
01.09.2025 19:00;01.09.2025 19:15;-;133,000;-;193,000;-;-
01.09.2025 19:15;01.09.2025 19:30;-;133,000;-;193,000;-;-
01.09.2025 19:30;01.09.2025 19:45;-;133,000;-;193,000;-;-
01.09.2025 19:45;01.09.2025 20:00;-;133,000;-;193,000;-;-
01.09.2025 20:00;01.09.2025 20:15;-;133,250;-;194,250;-;-
01.09.2025 20:15;01.09.2025 20:30;-;133,250;-;194,250;-;-
01.09.2025 20:30;01.09.2025 20:45;-;133,250;-;194,250;-;-
01.09.2025 20:45;01.09.2025 21:00;-;133,250;-;194,250;-;-
01.09.2025 21:00;01.09.2025 21:15;-;133,250;-;195,000;-;-
01.09.2025 21:15;01.09.2025 21:30;-;133,250;-;195,000;-;-
01.09.2025 21:30;01.09.2025 21:45;-;133,250;-;195,000;-;-
01.09.2025 21:45;01.09.2025 22:00;-;133,250;-;195,000;-;-
01.09.2025 22:00;01.09.2025 22:15;-;133,750;-;196,000;-;-
01.09.2025 22:15;01.09.2025 22:30;-;133,750;-;196,000;-;-
01.09.2025 22:30;01.09.2025 22:45;-;133,750;-;196,000;-;-
01.09.2025 22:45;01.09.2025 23:00;-;133,750;-;196,000;-;-
01.09.2025 23:00;01.09.2025 23:15;-;134,250;-;196,000;-;-
01.09.2025 23:15;01.09.2025 23:30;-;134,250;-;196,000;-;-
01.09.2025 23:30;01.09.2025 23:45;-;134,250;-;196,000;-;-
01.09.2025 23:45;02.09.2025 00:00;-;134,250;-;196,000;-;-
02.09.2025 00:00;02.09.2025 00:15;-;135,250;-;195,250;-;-
02.09.2025 00:15;02.09.2025 00:30;-;135,250;-;195,250;-;-
02.09.2025 00:30;02.09.2025 00:45;-;135,250;-;195,250;-;-
02.09.2025 00:45;02.09.2025 01:00;-;135,250;-;195,250;-;-
02.09.2025 01:00;02.09.2025 01:15;-;135,500;-;188,250;-;-
02.09.2025 01:15;02.09.2025 01:30;-;135,500;-;188,250;-;-
02.09.2025 01:30;02.09.2025 01:45;-;135,500;-;188,250;-;-
02.09.2025 01:45;02.09.2025 02:00;-;135,500;-;188,250;-;-
02.09.2025 02:00;02.09.2025 02:15;-;135,500;-;188,000;-;-
02.09.2025 02:15;02.09.2025 02:30;-;135,500;-;188,000;-;-
02.09.2025 02:30;02.09.2025 02:45;-;135,500;-;188,000;-;-
02.09.2025 02:45;02.09.2025 03:00;-;135,500;-;188,000;-;-
02.09.2025 03:00;02.09.2025 03:15;-;135,500;-;192,250;-;-
02.09.2025 03:15;02.09.2025 03:30;-;135,500;-;192,250;-;-
02.09.2025 03:30;02.09.2025 03:45;-;135,500;-;192,250;-;-
02.09.2025 03:45;02.09.2025 04:00;-;135,500;-;192,250;-;-
02.09.2025 04:00;02.09.2025 04:15;-;135,750;-;195,500;-;-
02.09.2025 04:15;02.09.2025 04:30;-;135,750;-;195,500;-;-
02.09.2025 04:30;02.09.2025 04:45;-;135,750;-;195,500;-;-
02.09.2025 04:45;02.09.2025 05:00;-;135,750;-;195,500;-;-
02.09.2025 05:00;02.09.2025 05:15;-;136,000;-;197,250;-;-
02.09.2025 05:15;02.09.2025 05:30;-;136,000;-;197,250;-;-
02.09.2025 05:30;02.09.2025 05:45;-;136,000;-;197,250;-;-
02.09.2025 05:45;02.09.2025 06:00;-;136,000;-;197,250;-;-
02.09.2025 06:00;02.09.2025 06:15;-;136,000;-;198,000;-;-
02.09.2025 06:15;02.09.2025 06:30;-;136,000;-;198,000;-;-
02.09.2025 06:30;02.09.2025 06:45;-;136,000;-;198,000;-;-
02.09.2025 06:45;02.09.2025 07:00;-;136,000;-;198,000;-;-
02.09.2025 07:00;02.09.2025 07:15;-;136,000;-;198,500;-;-
02.09.2025 07:15;02.09.2025 07:30;-;136,000;-;198,500;-;-
02.09.2025 07:30;02.09.2025 07:45;-;136,000;-;198,500;-;-
02.09.2025 07:45;02.09.2025 08:00;-;136,000;-;198,500;-;-
02.09.2025 08:00;02.09.2025 08:15;-;132,750;-;198,500;-;-
02.09.2025 08:15;02.09.2025 08:30;-;132,750;-;198,500;-;-
02.09.2025 08:30;02.09.2025 08:45;-;132,750;-;198,500;-;-
02.09.2025 08:45;02.09.2025 09:00;-;132,750;-;198,500;-;-
02.09.2025 09:00;02.09.2025 09:15;-;89,750;-;192,000;-;-
02.09.2025 09:15;02.09.2025 09:30;-;89,750;-;192,000;-;-
02.09.2025 09:30;02.09.2025 09:45;-;89,750;-;192,000;-;-
02.09.2025 09:45;02.09.2025 10:00;-;89,750;-;192,000;-;-
02.09.2025 10:00;02.09.2025 10:15;-;4,000;-;150,250;-;-
02.09.2025 10:15;02.09.2025 10:30;-;4,000;-;150,250;-;-
02.09.2025 10:30;02.09.2025 10:45;-;4,000;-;150,250;-;-
02.09.2025 10:45;02.09.2025 11:00;-;4,000;-;150,250;-;-
02.09.2025 11:00;02.09.2025 11:15;-;0,000;-;93,000;-;-
02.09.2025 11:15;02.09.2025 11:30;-;0,000;-;93,000;-;-
02.09.2025 11:30;02.09.2025 11:45;-;0,000;-;93,000;-;-
02.09.2025 11:45;02.09.2025 12:00;-;0,000;-;93,000;-;-
02.09.2025 12:00;02.09.2025 12:15;-;0,000;-;84,250;-;-
02.09.2025 12:15;02.09.2025 12:30;-;0,000;-;84,250;-;-
02.09.2025 12:30;02.09.2025 12:45;-;0,000;-;84,250;-;-
02.09.2025 12:45;02.09.2025 13:00;-;0,000;-;84,250;-;-
02.09.2025 13:00;02.09.2025 13:15;-;0,000;-;81,500;-;-
02.09.2025 13:15;02.09.2025 13:30;-;0,000;-;81,500;-;-
02.09.2025 13:30;02.09.2025 13:45;-;0,000;-;81,500;-;-
02.09.2025 13:45;02.09.2025 14:00;-;0,000;-;81,500;-;-
02.09.2025 14:00;02.09.2025 14:15;-;0,000;-;74,000;-;-
02.09.2025 14:15;02.09.2025 14:30;-;0,000;-;74,000;-;-
02.09.2025 14:30;02.09.2025 14:45;-;0,000;-;74,000;-;-
02.09.2025 14:45;02.09.2025 15:00;-;0,000;-;74,000;-;-
02.09.2025 15:00;02.09.2025 15:15;-;0,000;-;73,250;-;-
02.09.2025 15:15;02.09.2025 15:30;-;0,000;-;73,250;-;-
02.09.2025 15:30;02.09.2025 15:45;-;0,000;-;73,250;-;-
02.09.2025 15:45;02.09.2025 16:00;-;0,000;-;73,250;-;-
02.09.2025 16:00;02.09.2025 16:15;-;1,750;-;112,000;-;-
02.09.2025 16:15;02.09.2025 16:30;-;1,750;-;112,000;-;-
02.09.2025 16:30;02.09.2025 16:45;-;1,750;-;112,000;-;-
02.09.2025 16:45;02.09.2025 17:00;-;1,750;-;112,000;-;-
02.09.2025 17:00;02.09.2025 17:15;-;70,000;-;144,000;-;-
02.09.2025 17:15;02.09.2025 17:30;-;70,000;-;144,000;-;-
02.09.2025 17:30;02.09.2025 17:45;-;70,000;-;144,000;-;-
02.09.2025 17:45;02.09.2025 18:00;-;70,000;-;144,000;-;-
02.09.2025 18:00;02.09.2025 18:15;-;131,000;-;175,250;-;-
02.09.2025 18:15;02.09.2025 18:30;-;131,000;-;175,250;-;-
02.09.2025 18:30;02.09.2025 18:45;-;131,000;-;175,250;-;-
02.09.2025 18:45;02.09.2025 19:00;-;131,000;-;175,250;-;-
02.09.2025 19:00;02.09.2025 19:15;-;134,000;-;195,750;-;-
02.09.2025 19:15;02.09.2025 19:30;-;134,000;-;195,750;-;-
02.09.2025 19:30;02.09.2025 19:45;-;134,000;-;195,750;-;-
02.09.2025 19:45;02.09.2025 20:00;-;134,000;-;195,750;-;-
02.09.2025 20:00;02.09.2025 20:15;-;135,000;-;197,500;-;-
02.09.2025 20:15;02.09.2025 20:30;-;135,000;-;197,500;-;-
02.09.2025 20:30;02.09.2025 20:45;-;135,000;-;197,500;-;-
02.09.2025 20:45;02.09.2025 21:00;-;135,000;-;197,500;-;-
02.09.2025 21:00;02.09.2025 21:15;-;136,000;-;196,000;-;-
02.09.2025 21:15;02.09.2025 21:30;-;136,000;-;196,000;-;-
02.09.2025 21:30;02.09.2025 21:45;-;136,000;-;196,000;-;-
02.09.2025 21:45;02.09.2025 22:00;-;136,000;-;196,000;-;-
02.09.2025 22:00;02.09.2025 22:15;-;136,250;-;196,000;-;-
02.09.2025 22:15;02.09.2025 22:30;-;136,250;-;196,000;-;-
02.09.2025 22:30;02.09.2025 22:45;-;136,250;-;196,000;-;-
02.09.2025 22:45;02.09.2025 23:00;-;136,250;-;196,000;-;-
02.09.2025 23:00;02.09.2025 23:15;-;136,250;-;179,250;-;-
02.09.2025 23:15;02.09.2025 23:30;-;136,250;-;179,250;-;-
02.09.2025 23:30;02.09.2025 23:45;-;136,250;-;179,250;-;-
02.09.2025 23:45;03.09.2025 00:00;-;136,250;-;179,250;-;-
03.09.2025 00:00;03.09.2025 00:15;-;106,250;-;84,500;-;-
03.09.2025 00:15;03.09.2025 00:30;-;106,250;-;84,500;-;-
03.09.2025 00:30;03.09.2025 00:45;-;106,250;-;84,500;-;-
03.09.2025 00:45;03.09.2025 01:00;-;106,250;-;84,500;-;-
03.09.2025 01:00;03.09.2025 01:15;-;23,500;-;62,750;-;-
03.09.2025 01:15;03.09.2025 01:30;-;23,500;-;62,750;-;-
03.09.2025 01:30;03.09.2025 01:45;-;23,500;-;62,750;-;-
03.09.2025 01:45;03.09.2025 02:00;-;23,500;-;62,750;-;-
03.09.2025 02:00;03.09.2025 02:15;-;0,000;-;62,750;-;-
03.09.2025 02:15;03.09.2025 02:30;-;0,000;-;62,750;-;-
03.09.2025 02:30;03.09.2025 02:45;-;0,000;-;62,750;-;-
03.09.2025 02:45;03.09.2025 03:00;-;0,000;-;62,750;-;-
03.09.2025 03:00;03.09.2025 03:15;-;0,000;-;62,750;-;-
03.09.2025 03:15;03.09.2025 03:30;-;0,000;-;62,750;-;-
03.09.2025 03:30;03.09.2025 03:45;-;0,000;-;62,750;-;-
03.09.2025 03:45;03.09.2025 04:00;-;0,000;-;62,750;-;-
03.09.2025 04:00;03.09.2025 04:15;-;0,000;-;62,500;-;-
03.09.2025 04:15;03.09.2025 04:30;-;0,000;-;62,500;-;-
03.09.2025 04:30;03.09.2025 04:45;-;0,000;-;62,500;-;-
03.09.2025 04:45;03.09.2025 05:00;-;0,000;-;62,500;-;-
03.09.2025 05:00;03.09.2025 05:15;-;0,000;-;64,000;-;-
03.09.2025 05:15;03.09.2025 05:30;-;0,000;-;64,000;-;-
03.09.2025 05:30;03.09.2025 05:45;-;0,000;-;64,000;-;-
03.09.2025 05:45;03.09.2025 06:00;-;0,000;-;64,000;-;-
03.09.2025 06:00;03.09.2025 06:15;-;0,000;-;86,500;-;-
03.09.2025 06:15;03.09.2025 06:30;-;0,000;-;86,500;-;-
03.09.2025 06:30;03.09.2025 06:45;-;0,000;-;86,500;-;-
03.09.2025 06:45;03.09.2025 07:00;-;0,000;-;86,500;-;-
03.09.2025 07:00;03.09.2025 07:15;-;0,000;-;84,250;-;-
03.09.2025 07:15;03.09.2025 07:30;-;0,000;-;84,250;-;-
03.09.2025 07:30;03.09.2025 07:45;-;0,000;-;84,250;-;-
03.09.2025 07:45;03.09.2025 08:00;-;0,000;-;84,250;-;-
03.09.2025 08:00;03.09.2025 08:15;-;0,000;-;24,000;-;-
03.09.2025 08:15;03.09.2025 08:30;-;0,000;-;24,000;-;-
03.09.2025 08:30;03.09.2025 08:45;-;0,000;-;24,000;-;-
03.09.2025 08:45;03.09.2025 09:00;-;0,000;-;24,000;-;-
03.09.2025 09:00;03.09.2025 09:15;-;0,000;-;0,000;-;-
03.09.2025 09:15;03.09.2025 09:30;-;0,000;-;0,000;-;-
03.09.2025 09:30;03.09.2025 09:45;-;0,000;-;0,000;-;-
03.09.2025 09:45;03.09.2025 10:00;-;0,000;-;0,000;-;-
03.09.2025 10:00;03.09.2025 10:15;-;0,000;-;0,000;-;-
03.09.2025 10:15;03.09.2025 10:30;-;0,000;-;0,000;-;-
03.09.2025 10:30;03.09.2025 10:45;-;0,000;-;0,000;-;-
03.09.2025 10:45;03.09.2025 11:00;-;0,000;-;0,000;-;-
03.09.2025 11:00;03.09.2025 11:15;-;0,000;-;0,000;-;-
03.09.2025 11:15;03.09.2025 11:30;-;0,000;-;0,000;-;-
03.09.2025 11:30;03.09.2025 11:45;-;0,000;-;0,000;-;-
03.09.2025 11:45;03.09.2025 12:00;-;0,000;-;0,000;-;-
03.09.2025 12:00;03.09.2025 12:15;-;0,000;-;0,000;-;-
03.09.2025 12:15;03.09.2025 12:30;-;0,000;-;0,000;-;-
03.09.2025 12:30;03.09.2025 12:45;-;0,000;-;0,000;-;-
03.09.2025 12:45;03.09.2025 13:00;-;0,000;-;0,000;-;-
03.09.2025 13:00;03.09.2025 13:15;-;0,000;-;0,000;-;-
03.09.2025 13:15;03.09.2025 13:30;-;0,000;-;0,000;-;-
03.09.2025 13:30;03.09.2025 13:45;-;0,000;-;0,000;-;-
03.09.2025 13:45;03.09.2025 14:00;-;0,000;-;0,000;-;-
03.09.2025 14:00;03.09.2025 14:15;-;0,000;-;0,000;-;-
03.09.2025 14:15;03.09.2025 14:30;-;0,000;-;0,000;-;-
03.09.2025 14:30;03.09.2025 14:45;-;0,000;-;0,000;-;-
03.09.2025 14:45;03.09.2025 15:00;-;0,000;-;0,000;-;-
03.09.2025 15:00;03.09.2025 15:15;-;0,000;-;0,000;-;-
03.09.2025 15:15;03.09.2025 15:30;-;0,000;-;0,000;-;-
03.09.2025 15:30;03.09.2025 15:45;-;0,000;-;0,000;-;-
03.09.2025 15:45;03.09.2025 16:00;-;0,000;-;0,000;-;-
03.09.2025 16:00;03.09.2025 16:15;-;0,000;-;0,000;-;-
03.09.2025 16:15;03.09.2025 16:30;-;0,000;-;0,000;-;-
03.09.2025 16:30;03.09.2025 16:45;-;0,000;-;0,000;-;-
03.09.2025 16:45;03.09.2025 17:00;-;0,000;-;0,000;-;-
03.09.2025 17:00;03.09.2025 17:15;-;0,000;-;0,000;-;-
03.09.2025 17:15;03.09.2025 17:30;-;0,000;-;0,000;-;-
03.09.2025 17:30;03.09.2025 17:45;-;0,000;-;0,000;-;-
03.09.2025 17:45;03.09.2025 18:00;-;0,000;-;0,000;-;-
03.09.2025 18:00;03.09.2025 18:15;-;0,000;-;0,000;-;-
03.09.2025 18:15;03.09.2025 18:30;-;0,000;-;0,000;-;-
03.09.2025 18:30;03.09.2025 18:45;-;0,000;-;0,000;-;-
03.09.2025 18:45;03.09.2025 19:00;-;0,000;-;0,000;-;-
03.09.2025 19:00;03.09.2025 19:15;-;0,000;-;0,000;-;-
03.09.2025 19:15;03.09.2025 19:30;-;0,000;-;0,000;-;-
03.09.2025 19:30;03.09.2025 19:45;-;0,000;-;0,000;-;-
03.09.2025 19:45;03.09.2025 20:00;-;0,000;-;0,000;-;-
03.09.2025 20:00;03.09.2025 20:15;-;0,000;-;0,000;-;-
03.09.2025 20:15;03.09.2025 20:30;-;0,000;-;0,000;-;-
03.09.2025 20:30;03.09.2025 20:45;-;0,000;-;0,000;-;-
03.09.2025 20:45;03.09.2025 21:00;-;0,000;-;0,000;-;-
03.09.2025 21:00;03.09.2025 21:15;-;0,000;-;0,000;-;-
03.09.2025 21:15;03.09.2025 21:30;-;0,000;-;0,000;-;-
03.09.2025 21:30;03.09.2025 21:45;-;0,000;-;0,000;-;-
03.09.2025 21:45;03.09.2025 22:00;-;0,000;-;0,000;-;-
03.09.2025 22:00;03.09.2025 22:15;-;0,000;-;0,000;-;-
03.09.2025 22:15;03.09.2025 22:30;-;0,000;-;0,000;-;-
03.09.2025 22:30;03.09.2025 22:45;-;0,000;-;0,000;-;-
03.09.2025 22:45;03.09.2025 23:00;-;0,000;-;0,000;-;-
03.09.2025 23:00;03.09.2025 23:15;-;-;-;-;-;-
03.09.2025 23:15;03.09.2025 23:30;-;-;-;-;-;-
03.09.2025 23:30;03.09.2025 23:45;-;-;-;-;-;-
03.09.2025 23:45;04.09.2025 00:00;-;-;-;-;-;-
04.09.2025 00:00;04.09.2025 00:15;-;-;-;-;-;-
04.09.2025 00:15;04.09.2025 00:30;-;-;-;-;-;-
04.09.2025 00:30;04.09.2025 00:45;-;-;-;-;-;-
04.09.2025 00:45;04.09.2025 01:00;-;-;-;-;-;-
04.09.2025 01:00;04.09.2025 01:15;-;-;-;-;-;-
04.09.2025 01:15;04.09.2025 01:30;-;-;-;-;-;-
04.09.2025 01:30;04.09.2025 01:45;-;-;-;-;-;-
04.09.2025 01:45;04.09.2025 02:00;-;-;-;-;-;-
04.09.2025 02:00;04.09.2025 02:15;-;-;-;-;-;-
04.09.2025 02:15;04.09.2025 02:30;-;-;-;-;-;-
04.09.2025 02:30;04.09.2025 02:45;-;-;-;-;-;-
04.09.2025 02:45;04.09.2025 03:00;-;-;-;-;-;-
04.09.2025 03:00;04.09.2025 03:15;-;-;-;-;-;-
04.09.2025 03:15;04.09.2025 03:30;-;-;-;-;-;-
04.09.2025 03:30;04.09.2025 03:45;-;-;-;-;-;-
04.09.2025 03:45;04.09.2025 04:00;-;-;-;-;-;-
04.09.2025 04:00;04.09.2025 04:15;-;-;-;-;-;-
04.09.2025 04:15;04.09.2025 04:30;-;-;-;-;-;-
04.09.2025 04:30;04.09.2025 04:45;-;-;-;-;-;-
04.09.2025 04:45;04.09.2025 05:00;-;-;-;-;-;-
04.09.2025 05:00;04.09.2025 05:15;-;-;-;-;-;-
04.09.2025 05:15;04.09.2025 05:30;-;-;-;-;-;-
04.09.2025 05:30;04.09.2025 05:45;-;-;-;-;-;-
04.09.2025 05:45;04.09.2025 06:00;-;-;-;-;-;-
04.09.2025 06:00;04.09.2025 06:15;-;-;-;-;-;-
04.09.2025 06:15;04.09.2025 06:30;-;-;-;-;-;-
04.09.2025 06:30;04.09.2025 06:45;-;-;-;-;-;-
04.09.2025 06:45;04.09.2025 07:00;-;-;-;-;-;-
04.09.2025 07:00;04.09.2025 07:15;-;-;-;-;-;-
04.09.2025 07:15;04.09.2025 07:30;-;-;-;-;-;-
04.09.2025 07:30;04.09.2025 07:45;-;-;-;-;-;-
04.09.2025 07:45;04.09.2025 08:00;-;-;-;-;-;-
04.09.2025 08:00;04.09.2025 08:15;-;-;-;-;-;-
04.09.2025 08:15;04.09.2025 08:30;-;-;-;-;-;-
04.09.2025 08:30;04.09.2025 08:45;-;-;-;-;-;-
04.09.2025 08:45;04.09.2025 09:00;-;-;-;-;-;-
04.09.2025 09:00;04.09.2025 09:15;-;-;-;-;-;-
04.09.2025 09:15;04.09.2025 09:30;-;-;-;-;-;-
04.09.2025 09:30;04.09.2025 09:45;-;-;-;-;-;-
04.09.2025 09:45;04.09.2025 10:00;-;-;-;-;-;-
04.09.2025 10:00;04.09.2025 10:15;-;-;-;-;-;-
04.09.2025 10:15;04.09.2025 10:30;-;-;-;-;-;-
04.09.2025 10:30;04.09.2025 10:45;-;-;-;-;-;-
04.09.2025 10:45;04.09.2025 11:00;-;-;-;-;-;-
04.09.2025 11:00;04.09.2025 11:15;-;-;-;-;-;-
04.09.2025 11:15;04.09.2025 11:30;-;-;-;-;-;-
04.09.2025 11:30;04.09.2025 11:45;-;-;-;-;-;-
04.09.2025 11:45;04.09.2025 12:00;-;-;-;-;-;-
04.09.2025 12:00;04.09.2025 12:15;-;-;-;-;-;-
04.09.2025 12:15;04.09.2025 12:30;-;-;-;-;-;-
04.09.2025 12:30;04.09.2025 12:45;-;-;-;-;-;-
04.09.2025 12:45;04.09.2025 13:00;-;-;-;-;-;-
04.09.2025 13:00;04.09.2025 13:15;-;-;-;-;-;-
04.09.2025 13:15;04.09.2025 13:30;-;-;-;-;-;-
04.09.2025 13:30;04.09.2025 13:45;-;-;-;-;-;-
04.09.2025 13:45;04.09.2025 14:00;-;-;-;-;-;-
04.09.2025 14:00;04.09.2025 14:15;-;-;-;-;-;-
04.09.2025 14:15;04.09.2025 14:30;-;-;-;-;-;-
04.09.2025 14:30;04.09.2025 14:45;-;-;-;-;-;-
04.09.2025 14:45;04.09.2025 15:00;-;-;-;-;-;-
04.09.2025 15:00;04.09.2025 15:15;-;-;-;-;-;-
04.09.2025 15:15;04.09.2025 15:30;-;-;-;-;-;-
04.09.2025 15:30;04.09.2025 15:45;-;-;-;-;-;-
04.09.2025 15:45;04.09.2025 16:00;-;-;-;-;-;-
04.09.2025 16:00;04.09.2025 16:15;-;-;-;-;-;-
04.09.2025 16:15;04.09.2025 16:30;-;-;-;-;-;-
04.09.2025 16:30;04.09.2025 16:45;-;-;-;-;-;-
04.09.2025 16:45;04.09.2025 17:00;-;-;-;-;-;-
04.09.2025 17:00;04.09.2025 17:15;-;-;-;-;-;-
04.09.2025 17:15;04.09.2025 17:30;-;-;-;-;-;-
04.09.2025 17:30;04.09.2025 17:45;-;-;-;-;-;-
04.09.2025 17:45;04.09.2025 18:00;-;-;-;-;-;-
04.09.2025 18:00;04.09.2025 18:15;-;-;-;-;-;-
04.09.2025 18:15;04.09.2025 18:30;-;-;-;-;-;-
04.09.2025 18:30;04.09.2025 18:45;-;-;-;-;-;-
04.09.2025 18:45;04.09.2025 19:00;-;-;-;-;-;-
04.09.2025 19:00;04.09.2025 19:15;-;-;-;-;-;-
04.09.2025 19:15;04.09.2025 19:30;-;-;-;-;-;-
04.09.2025 19:30;04.09.2025 19:45;-;-;-;-;-;-
04.09.2025 19:45;04.09.2025 20:00;-;-;-;-;-;-
04.09.2025 20:00;04.09.2025 20:15;-;-;-;-;-;-
04.09.2025 20:15;04.09.2025 20:30;-;-;-;-;-;-
04.09.2025 20:30;04.09.2025 20:45;-;-;-;-;-;-
04.09.2025 20:45;04.09.2025 21:00;-;-;-;-;-;-
04.09.2025 21:00;04.09.2025 21:15;-;-;-;-;-;-
04.09.2025 21:15;04.09.2025 21:30;-;-;-;-;-;-
04.09.2025 21:30;04.09.2025 21:45;-;-;-;-;-;-
04.09.2025 21:45;04.09.2025 22:00;-;-;-;-;-;-
04.09.2025 22:00;04.09.2025 22:15;-;-;-;-;-;-
04.09.2025 22:15;04.09.2025 22:30;-;-;-;-;-;-
04.09.2025 22:30;04.09.2025 22:45;-;-;-;-;-;-
04.09.2025 22:45;04.09.2025 23:00;-;-;-;-;-;-
04.09.2025 23:00;04.09.2025 23:15;-;-;-;-;-;-
04.09.2025 23:15;04.09.2025 23:30;-;-;-;-;-;-
04.09.2025 23:30;04.09.2025 23:45;-;-;-;-;-;-
04.09.2025 23:45;05.09.2025 00:00;-;-;-;-;-;-
05.09.2025 00:00;05.09.2025 00:15;-;-;-;-;-;-
05.09.2025 00:15;05.09.2025 00:30;-;-;-;-;-;-
05.09.2025 00:30;05.09.2025 00:45;-;-;-;-;-;-
05.09.2025 00:45;05.09.2025 01:00;-;-;-;-;-;-
05.09.2025 01:00;05.09.2025 01:15;-;-;-;-;-;-
05.09.2025 01:15;05.09.2025 01:30;-;-;-;-;-;-
05.09.2025 01:30;05.09.2025 01:45;-;-;-;-;-;-
05.09.2025 01:45;05.09.2025 02:00;-;-;-;-;-;-
05.09.2025 02:00;05.09.2025 02:15;-;-;-;-;-;-
05.09.2025 02:15;05.09.2025 02:30;-;-;-;-;-;-
05.09.2025 02:30;05.09.2025 02:45;-;-;-;-;-;-
05.09.2025 02:45;05.09.2025 03:00;-;-;-;-;-;-
05.09.2025 03:00;05.09.2025 03:15;-;-;-;-;-;-
05.09.2025 03:15;05.09.2025 03:30;-;-;-;-;-;-
05.09.2025 03:30;05.09.2025 03:45;-;-;-;-;-;-
05.09.2025 03:45;05.09.2025 04:00;-;-;-;-;-;-
05.09.2025 04:00;05.09.2025 04:15;-;-;-;-;-;-
05.09.2025 04:15;05.09.2025 04:30;-;-;-;-;-;-
05.09.2025 04:30;05.09.2025 04:45;-;-;-;-;-;-
05.09.2025 04:45;05.09.2025 05:00;-;-;-;-;-;-
05.09.2025 05:00;05.09.2025 05:15;-;-;-;-;-;-
05.09.2025 05:15;05.09.2025 05:30;-;-;-;-;-;-
05.09.2025 05:30;05.09.2025 05:45;-;-;-;-;-;-
05.09.2025 05:45;05.09.2025 06:00;-;-;-;-;-;-
05.09.2025 06:00;05.09.2025 06:15;-;-;-;-;-;-
05.09.2025 06:15;05.09.2025 06:30;-;-;-;-;-;-
05.09.2025 06:30;05.09.2025 06:45;-;-;-;-;-;-
05.09.2025 06:45;05.09.2025 07:00;-;-;-;-;-;-
05.09.2025 07:00;05.09.2025 07:15;-;-;-;-;-;-
05.09.2025 07:15;05.09.2025 07:30;-;-;-;-;-;-
05.09.2025 07:30;05.09.2025 07:45;-;-;-;-;-;-
05.09.2025 07:45;05.09.2025 08:00;-;-;-;-;-;-
05.09.2025 08:00;05.09.2025 08:15;-;-;-;-;-;-
05.09.2025 08:15;05.09.2025 08:30;-;-;-;-;-;-
05.09.2025 08:30;05.09.2025 08:45;-;-;-;-;-;-
05.09.2025 08:45;05.09.2025 09:00;-;-;-;-;-;-
05.09.2025 09:00;05.09.2025 09:15;-;-;-;-;-;-
05.09.2025 09:15;05.09.2025 09:30;-;-;-;-;-;-
05.09.2025 09:30;05.09.2025 09:45;-;-;-;-;-;-
05.09.2025 09:45;05.09.2025 10:00;-;-;-;-;-;-
05.09.2025 10:00;05.09.2025 10:15;-;-;-;-;-;-
05.09.2025 10:15;05.09.2025 10:30;-;-;-;-;-;-
05.09.2025 10:30;05.09.2025 10:45;-;-;-;-;-;-
05.09.2025 10:45;05.09.2025 11:00;-;-;-;-;-;-
05.09.2025 11:00;05.09.2025 11:15;-;-;-;-;-;-
05.09.2025 11:15;05.09.2025 11:30;-;-;-;-;-;-
05.09.2025 11:30;05.09.2025 11:45;-;-;-;-;-;-
05.09.2025 11:45;05.09.2025 12:00;-;-;-;-;-;-
05.09.2025 12:00;05.09.2025 12:15;-;-;-;-;-;-
05.09.2025 12:15;05.09.2025 12:30;-;-;-;-;-;-
05.09.2025 12:30;05.09.2025 12:45;-;-;-;-;-;-
05.09.2025 12:45;05.09.2025 13:00;-;-;-;-;-;-
05.09.2025 13:00;05.09.2025 13:15;-;-;-;-;-;-
05.09.2025 13:15;05.09.2025 13:30;-;-;-;-;-;-
05.09.2025 13:30;05.09.2025 13:45;-;-;-;-;-;-
05.09.2025 13:45;05.09.2025 14:00;-;-;-;-;-;-
05.09.2025 14:00;05.09.2025 14:15;-;-;-;-;-;-
05.09.2025 14:15;05.09.2025 14:30;-;-;-;-;-;-
05.09.2025 14:30;05.09.2025 14:45;-;-;-;-;-;-
05.09.2025 14:45;05.09.2025 15:00;-;-;-;-;-;-
05.09.2025 15:00;05.09.2025 15:15;-;-;-;-;-;-
05.09.2025 15:15;05.09.2025 15:30;-;-;-;-;-;-
05.09.2025 15:30;05.09.2025 15:45;-;-;-;-;-;-
05.09.2025 15:45;05.09.2025 16:00;-;-;-;-;-;-
05.09.2025 16:00;05.09.2025 16:15;-;-;-;-;-;-
05.09.2025 16:15;05.09.2025 16:30;-;-;-;-;-;-
05.09.2025 16:30;05.09.2025 16:45;-;-;-;-;-;-
05.09.2025 16:45;05.09.2025 17:00;-;-;-;-;-;-
05.09.2025 17:00;05.09.2025 17:15;-;-;-;-;-;-
05.09.2025 17:15;05.09.2025 17:30;-;-;-;-;-;-
05.09.2025 17:30;05.09.2025 17:45;-;-;-;-;-;-
05.09.2025 17:45;05.09.2025 18:00;-;-;-;-;-;-
05.09.2025 18:00;05.09.2025 18:15;-;-;-;-;-;-
05.09.2025 18:15;05.09.2025 18:30;-;-;-;-;-;-
05.09.2025 18:30;05.09.2025 18:45;-;-;-;-;-;-
05.09.2025 18:45;05.09.2025 19:00;-;-;-;-;-;-
05.09.2025 19:00;05.09.2025 19:15;-;-;-;-;-;-
05.09.2025 19:15;05.09.2025 19:30;-;-;-;-;-;-
05.09.2025 19:30;05.09.2025 19:45;-;-;-;-;-;-
05.09.2025 19:45;05.09.2025 20:00;-;-;-;-;-;-
05.09.2025 20:00;05.09.2025 20:15;-;-;-;-;-;-
05.09.2025 20:15;05.09.2025 20:30;-;-;-;-;-;-
05.09.2025 20:30;05.09.2025 20:45;-;-;-;-;-;-
05.09.2025 20:45;05.09.2025 21:00;-;-;-;-;-;-
05.09.2025 21:00;05.09.2025 21:15;-;-;-;-;-;-
05.09.2025 21:15;05.09.2025 21:30;-;-;-;-;-;-
05.09.2025 21:30;05.09.2025 21:45;-;-;-;-;-;-
05.09.2025 21:45;05.09.2025 22:00;-;-;-;-;-;-
05.09.2025 22:00;05.09.2025 22:15;-;-;-;-;-;-
05.09.2025 22:15;05.09.2025 22:30;-;-;-;-;-;-
05.09.2025 22:30;05.09.2025 22:45;-;-;-;-;-;-
05.09.2025 22:45;05.09.2025 23:00;-;-;-;-;-;-
05.09.2025 23:00;05.09.2025 23:15;-;-;-;-;-;-
05.09.2025 23:15;05.09.2025 23:30;-;-;-;-;-;-
05.09.2025 23:30;05.09.2025 23:45;-;-;-;-;-;-
05.09.2025 23:45;06.09.2025 00:00;-;-;-;-;-;-
