Datum von;Datum bis;Generation_DE KW 3 GT31 [MW] Berechnete Auflösungen;Generation_DE BHKW KW5 5A [MW] Berechnete Auflösungen;Generation_DE BHKW KW5 54 [MW] Berechnete Auflösungen;Generation_DE BHKW KW5 56 [MW] Berechnete Auflösungen;Generation_DE BHKW KW5 59 [MW] Berechnete Auflösungen;Generation_DE BHKW KW5 51 [MW] Berechnete Auflösungen;Generation_DE BHKW KW5 53 [MW] Berechnete Auflösungen;Generation_DE BHKW KW5 58 [MW] Berechnete Auflösungen;Generation_DE KW2 DT27 [MW] Berechnete Auflösungen;Generation_DE BHKW KW5 55 [MW] Berechnete Auflösungen;Generation_DE KW2 GT26 [MW] Berechnete Auflösungen;Generation_DE BHKW KW5 52 [MW] Berechnete Auflösungen;Generation_DE KW3 DT32 [MW] Berechnete Auflösungen;Generation_DE BHKW KW5 57 [MW] Berechnete Auflösungen
26.08.2025 00:00;26.08.2025 00:15;102,750;0,000;-;-;-;-;-;-;0,000;-;0,000;-;-;-
26.08.2025 00:15;26.08.2025 00:30;102,750;0,000;-;-;-;-;-;-;0,000;-;0,000;-;-;-
26.08.2025 00:30;26.08.2025 00:45;102,750;0,000;-;-;-;-;-;-;0,000;-;0,000;-;-;-
26.08.2025 00:45;26.08.2025 01:00;102,750;0,000;-;-;-;-;-;-;0,000;-;0,000;-;-;-
26.08.2025 01:00;26.08.2025 01:15;106,250;0,000;-;-;-;-;-;-;0,000;-;0,000;-;-;-
26.08.2025 01:15;26.08.2025 01:30;106,250;0,000;-;-;-;-;-;-;0,000;-;0,000;-;-;-
26.08.2025 01:30;26.08.2025 01:45;106,250;0,000;-;-;-;-;-;-;0,000;-;0,000;-;-;-
26.08.2025 01:45;26.08.2025 02:00;106,250;0,000;-;-;-;-;-;-;0,000;-;0,000;-;-;-
26.08.2025 02:00;26.08.2025 02:15;106,500;0,000;-;-;-;-;-;-;0,000;-;0,000;-;-;-
26.08.2025 02:15;26.08.2025 02:30;106,500;0,000;-;-;-;-;-;-;0,000;-;0,000;-;-;-
26.08.2025 02:30;26.08.2025 02:45;106,500;0,000;-;-;-;-;-;-;0,000;-;0,000;-;-;-
26.08.2025 02:45;26.08.2025 03:00;106,500;0,000;-;-;-;-;-;-;0,000;-;0,000;-;-;-
26.08.2025 03:00;26.08.2025 03:15;103,500;0,000;-;-;-;-;-;-;0,000;-;0,000;-;-;-
26.08.2025 03:15;26.08.2025 03:30;103,500;0,000;-;-;-;-;-;-;0,000;-;0,000;-;-;-
26.08.2025 03:30;26.08.2025 03:45;103,500;0,000;-;-;-;-;-;-;0,000;-;0,000;-;-;-
26.08.2025 03:45;26.08.2025 04:00;103,500;0,000;-;-;-;-;-;-;0,000;-;0,000;-;-;-
26.08.2025 04:00;26.08.2025 04:15;105,500;0,000;-;-;-;-;-;-;0,000;-;0,000;-;-;-
26.08.2025 04:15;26.08.2025 04:30;105,500;0,000;-;-;-;-;-;-;0,000;-;0,000;-;-;-
26.08.2025 04:30;26.08.2025 04:45;105,500;0,000;-;-;-;-;-;-;0,000;-;0,000;-;-;-
26.08.2025 04:45;26.08.2025 05:00;105,500;0,000;-;-;-;-;-;-;0,000;-;0,000;-;-;-
26.08.2025 05:00;26.08.2025 05:15;107,250;0,000;-;-;-;-;-;-;0,000;-;0,000;-;-;-
26.08.2025 05:15;26.08.2025 05:30;107,250;0,000;-;-;-;-;-;-;0,000;-;0,000;-;-;-
26.08.2025 05:30;26.08.2025 05:45;107,250;0,000;-;-;-;-;-;-;0,000;-;0,000;-;-;-
26.08.2025 05:45;26.08.2025 06:00;107,250;0,000;-;-;-;-;-;-;0,000;-;0,000;-;-;-
26.08.2025 06:00;26.08.2025 06:15;107,250;0,000;-;-;-;-;-;-;0,000;-;0,000;-;-;-
26.08.2025 06:15;26.08.2025 06:30;107,250;0,000;-;-;-;-;-;-;0,000;-;0,000;-;-;-
26.08.2025 06:30;26.08.2025 06:45;107,250;0,000;-;-;-;-;-;-;0,000;-;0,000;-;-;-
26.08.2025 06:45;26.08.2025 07:00;107,250;0,000;-;-;-;-;-;-;0,000;-;0,000;-;-;-
26.08.2025 07:00;26.08.2025 07:15;107,250;0,000;-;-;-;-;-;-;0,000;-;0,000;-;-;-
26.08.2025 07:15;26.08.2025 07:30;107,250;0,000;-;-;-;-;-;-;0,000;-;0,000;-;-;-
26.08.2025 07:30;26.08.2025 07:45;107,250;0,000;-;-;-;-;-;-;0,000;-;0,000;-;-;-
26.08.2025 07:45;26.08.2025 08:00;107,250;0,000;-;-;-;-;-;-;0,000;-;0,000;-;-;-
26.08.2025 08:00;26.08.2025 08:15;95,000;0,000;-;-;-;-;-;-;0,000;-;0,000;-;-;-
26.08.2025 08:15;26.08.2025 08:30;95,000;0,000;-;-;-;-;-;-;0,000;-;0,000;-;-;-
26.08.2025 08:30;26.08.2025 08:45;95,000;0,000;-;-;-;-;-;-;0,000;-;0,000;-;-;-
26.08.2025 08:45;26.08.2025 09:00;95,000;0,000;-;-;-;-;-;-;0,000;-;0,000;-;-;-
26.08.2025 09:00;26.08.2025 09:15;72,750;0,000;-;-;-;-;-;-;0,000;-;0,000;-;-;-
26.08.2025 09:15;26.08.2025 09:30;72,750;0,000;-;-;-;-;-;-;0,000;-;0,000;-;-;-
26.08.2025 09:30;26.08.2025 09:45;72,750;0,000;-;-;-;-;-;-;0,000;-;0,000;-;-;-
26.08.2025 09:45;26.08.2025 10:00;72,750;0,000;-;-;-;-;-;-;0,000;-;0,000;-;-;-
26.08.2025 10:00;26.08.2025 10:15;0,000;0,000;-;-;-;-;-;-;0,000;-;0,000;-;-;-
26.08.2025 10:15;26.08.2025 10:30;0,000;0,000;-;-;-;-;-;-;0,000;-;0,000;-;-;-
26.08.2025 10:30;26.08.2025 10:45;0,000;0,000;-;-;-;-;-;-;0,000;-;0,000;-;-;-
26.08.2025 10:45;26.08.2025 11:00;0,000;0,000;-;-;-;-;-;-;0,000;-;0,000;-;-;-
26.08.2025 11:00;26.08.2025 11:15;0,000;0,000;-;-;-;-;-;-;0,000;-;0,000;-;-;-
26.08.2025 11:15;26.08.2025 11:30;0,000;0,000;-;-;-;-;-;-;0,000;-;0,000;-;-;-
26.08.2025 11:30;26.08.2025 11:45;0,000;0,000;-;-;-;-;-;-;0,000;-;0,000;-;-;-
26.08.2025 11:45;26.08.2025 12:00;0,000;0,000;-;-;-;-;-;-;0,000;-;0,000;-;-;-
26.08.2025 12:00;26.08.2025 12:15;0,000;0,000;-;-;-;-;-;-;0,000;-;0,000;-;-;-
26.08.2025 12:15;26.08.2025 12:30;0,000;0,000;-;-;-;-;-;-;0,000;-;0,000;-;-;-
26.08.2025 12:30;26.08.2025 12:45;0,000;0,000;-;-;-;-;-;-;0,000;-;0,000;-;-;-
26.08.2025 12:45;26.08.2025 13:00;0,000;0,000;-;-;-;-;-;-;0,000;-;0,000;-;-;-
26.08.2025 13:00;26.08.2025 13:15;0,000;0,000;-;-;-;-;-;-;0,000;-;0,000;-;-;-
26.08.2025 13:15;26.08.2025 13:30;0,000;0,000;-;-;-;-;-;-;0,000;-;0,000;-;-;-
26.08.2025 13:30;26.08.2025 13:45;0,000;0,000;-;-;-;-;-;-;0,000;-;0,000;-;-;-
26.08.2025 13:45;26.08.2025 14:00;0,000;0,000;-;-;-;-;-;-;0,000;-;0,000;-;-;-
26.08.2025 14:00;26.08.2025 14:15;0,000;0,000;-;-;-;-;-;-;0,000;-;0,000;-;-;-
26.08.2025 14:15;26.08.2025 14:30;0,000;0,000;-;-;-;-;-;-;0,000;-;0,000;-;-;-
26.08.2025 14:30;26.08.2025 14:45;0,000;0,000;-;-;-;-;-;-;0,000;-;0,000;-;-;-
26.08.2025 14:45;26.08.2025 15:00;0,000;0,000;-;-;-;-;-;-;0,000;-;0,000;-;-;-
26.08.2025 15:00;26.08.2025 15:15;0,000;0,000;-;-;-;-;-;-;0,000;-;0,000;-;-;-
26.08.2025 15:15;26.08.2025 15:30;0,000;0,000;-;-;-;-;-;-;0,000;-;0,000;-;-;-
26.08.2025 15:30;26.08.2025 15:45;0,000;0,000;-;-;-;-;-;-;0,000;-;0,000;-;-;-
26.08.2025 15:45;26.08.2025 16:00;0,000;0,000;-;-;-;-;-;-;0,000;-;0,000;-;-;-
26.08.2025 16:00;26.08.2025 16:15;0,000;0,000;-;-;-;-;-;-;0,000;-;0,000;-;-;-
26.08.2025 16:15;26.08.2025 16:30;0,000;0,000;-;-;-;-;-;-;0,000;-;0,000;-;-;-
26.08.2025 16:30;26.08.2025 16:45;0,000;0,000;-;-;-;-;-;-;0,000;-;0,000;-;-;-
26.08.2025 16:45;26.08.2025 17:00;0,000;0,000;-;-;-;-;-;-;0,000;-;0,000;-;-;-
26.08.2025 17:00;26.08.2025 17:15;62,000;0,000;-;-;-;-;-;-;0,000;-;0,000;-;-;-
26.08.2025 17:15;26.08.2025 17:30;62,000;0,000;-;-;-;-;-;-;0,000;-;0,000;-;-;-
26.08.2025 17:30;26.08.2025 17:45;62,000;0,000;-;-;-;-;-;-;0,000;-;0,000;-;-;-
26.08.2025 17:45;26.08.2025 18:00;62,000;0,000;-;-;-;-;-;-;0,000;-;0,000;-;-;-
26.08.2025 18:00;26.08.2025 18:15;94,750;1,500;-;-;-;-;-;-;0,000;-;0,000;-;-;-
26.08.2025 18:15;26.08.2025 18:30;94,750;1,500;-;-;-;-;-;-;0,000;-;0,000;-;-;-
26.08.2025 18:30;26.08.2025 18:45;94,750;1,500;-;-;-;-;-;-;0,000;-;0,000;-;-;-
26.08.2025 18:45;26.08.2025 19:00;94,750;1,500;-;-;-;-;-;-;0,000;-;0,000;-;-;-
26.08.2025 19:00;26.08.2025 19:15;95,500;2,250;-;-;-;-;-;-;0,000;-;0,000;-;-;-
26.08.2025 19:15;26.08.2025 19:30;95,500;2,250;-;-;-;-;-;-;0,000;-;0,000;-;-;-
26.08.2025 19:30;26.08.2025 19:45;95,500;2,250;-;-;-;-;-;-;0,000;-;0,000;-;-;-
26.08.2025 19:45;26.08.2025 20:00;95,500;2,250;-;-;-;-;-;-;0,000;-;0,000;-;-;-
26.08.2025 20:00;26.08.2025 20:15;96,750;2,250;-;-;-;-;-;-;0,000;-;0,000;-;-;-
26.08.2025 20:15;26.08.2025 20:30;96,750;2,250;-;-;-;-;-;-;0,000;-;0,000;-;-;-
26.08.2025 20:30;26.08.2025 20:45;96,750;2,250;-;-;-;-;-;-;0,000;-;0,000;-;-;-
26.08.2025 20:45;26.08.2025 21:00;96,750;2,250;-;-;-;-;-;-;0,000;-;0,000;-;-;-
26.08.2025 21:00;26.08.2025 21:15;98,500;0,500;-;-;-;-;-;-;0,000;-;0,000;-;-;-
26.08.2025 21:15;26.08.2025 21:30;98,500;0,500;-;-;-;-;-;-;0,000;-;0,000;-;-;-
26.08.2025 21:30;26.08.2025 21:45;98,500;0,500;-;-;-;-;-;-;0,000;-;0,000;-;-;-
26.08.2025 21:45;26.08.2025 22:00;98,500;0,500;-;-;-;-;-;-;0,000;-;0,000;-;-;-
26.08.2025 22:00;26.08.2025 22:15;99,500;0,000;-;-;-;-;-;-;0,000;-;0,000;-;-;-
26.08.2025 22:15;26.08.2025 22:30;99,500;0,000;-;-;-;-;-;-;0,000;-;0,000;-;-;-
26.08.2025 22:30;26.08.2025 22:45;99,500;0,000;-;-;-;-;-;-;0,000;-;0,000;-;-;-
26.08.2025 22:45;26.08.2025 23:00;99,500;0,000;-;-;-;-;-;-;0,000;-;0,000;-;-;-
26.08.2025 23:00;26.08.2025 23:15;92,500;0,000;-;-;-;-;-;-;0,000;-;0,000;-;-;-
26.08.2025 23:15;26.08.2025 23:30;92,500;0,000;-;-;-;-;-;-;0,000;-;0,000;-;-;-
26.08.2025 23:30;26.08.2025 23:45;92,500;0,000;-;-;-;-;-;-;0,000;-;0,000;-;-;-
26.08.2025 23:45;27.08.2025 00:00;92,500;0,000;-;-;-;-;-;-;0,000;-;0,000;-;-;-
27.08.2025 00:00;27.08.2025 00:15;95,750;0,000;-;-;-;-;-;-;0,000;-;0,000;-;-;-
27.08.2025 00:15;27.08.2025 00:30;95,750;0,000;-;-;-;-;-;-;0,000;-;0,000;-;-;-
27.08.2025 00:30;27.08.2025 00:45;95,750;0,000;-;-;-;-;-;-;0,000;-;0,000;-;-;-
27.08.2025 00:45;27.08.2025 01:00;95,750;0,000;-;-;-;-;-;-;0,000;-;0,000;-;-;-
27.08.2025 01:00;27.08.2025 01:15;98,500;0,000;-;-;-;-;-;-;0,000;-;0,000;-;-;-
27.08.2025 01:15;27.08.2025 01:30;98,500;0,000;-;-;-;-;-;-;0,000;-;0,000;-;-;-
27.08.2025 01:30;27.08.2025 01:45;98,500;0,000;-;-;-;-;-;-;0,000;-;0,000;-;-;-
27.08.2025 01:45;27.08.2025 02:00;98,500;0,000;-;-;-;-;-;-;0,000;-;0,000;-;-;-
27.08.2025 02:00;27.08.2025 02:15;88,250;0,000;-;-;-;-;-;-;0,000;-;0,000;-;-;-
27.08.2025 02:15;27.08.2025 02:30;88,250;0,000;-;-;-;-;-;-;0,000;-;0,000;-;-;-
27.08.2025 02:30;27.08.2025 02:45;88,250;0,000;-;-;-;-;-;-;0,000;-;0,000;-;-;-
27.08.2025 02:45;27.08.2025 03:00;88,250;0,000;-;-;-;-;-;-;0,000;-;0,000;-;-;-
27.08.2025 03:00;27.08.2025 03:15;84,250;0,000;-;-;-;-;-;-;0,000;-;0,000;-;-;-
27.08.2025 03:15;27.08.2025 03:30;84,250;0,000;-;-;-;-;-;-;0,000;-;0,000;-;-;-
27.08.2025 03:30;27.08.2025 03:45;84,250;0,000;-;-;-;-;-;-;0,000;-;0,000;-;-;-
27.08.2025 03:45;27.08.2025 04:00;84,250;0,000;-;-;-;-;-;-;0,000;-;0,000;-;-;-
27.08.2025 04:00;27.08.2025 04:15;91,500;0,000;-;-;-;-;-;-;0,000;-;0,000;-;-;-
27.08.2025 04:15;27.08.2025 04:30;91,500;0,000;-;-;-;-;-;-;0,000;-;0,000;-;-;-
27.08.2025 04:30;27.08.2025 04:45;91,500;0,000;-;-;-;-;-;-;0,000;-;0,000;-;-;-
27.08.2025 04:45;27.08.2025 05:00;91,500;0,000;-;-;-;-;-;-;0,000;-;0,000;-;-;-
27.08.2025 05:00;27.08.2025 05:15;100,750;0,000;-;-;-;-;-;-;0,000;-;0,000;-;-;-
27.08.2025 05:15;27.08.2025 05:30;100,750;0,000;-;-;-;-;-;-;0,000;-;0,000;-;-;-
27.08.2025 05:30;27.08.2025 05:45;100,750;0,000;-;-;-;-;-;-;0,000;-;0,000;-;-;-
27.08.2025 05:45;27.08.2025 06:00;100,750;0,000;-;-;-;-;-;-;0,000;-;0,000;-;-;-
27.08.2025 06:00;27.08.2025 06:15;103,750;1,250;-;-;-;-;-;-;0,000;-;0,000;-;-;-
27.08.2025 06:15;27.08.2025 06:30;103,750;1,250;-;-;-;-;-;-;0,000;-;0,000;-;-;-
27.08.2025 06:30;27.08.2025 06:45;103,750;1,250;-;-;-;-;-;-;0,000;-;0,000;-;-;-
27.08.2025 06:45;27.08.2025 07:00;103,750;1,250;-;-;-;-;-;-;0,000;-;0,000;-;-;-
27.08.2025 07:00;27.08.2025 07:15;104,000;5,250;-;-;-;-;-;-;0,000;-;0,000;-;-;-
27.08.2025 07:15;27.08.2025 07:30;104,000;5,250;-;-;-;-;-;-;0,000;-;0,000;-;-;-
27.08.2025 07:30;27.08.2025 07:45;104,000;5,250;-;-;-;-;-;-;0,000;-;0,000;-;-;-
27.08.2025 07:45;27.08.2025 08:00;104,000;5,250;-;-;-;-;-;-;0,000;-;0,000;-;-;-
27.08.2025 08:00;27.08.2025 08:15;103,750;2,250;-;-;-;-;-;-;0,000;-;0,000;-;-;-
27.08.2025 08:15;27.08.2025 08:30;103,750;2,250;-;-;-;-;-;-;0,000;-;0,000;-;-;-
27.08.2025 08:30;27.08.2025 08:45;103,750;2,250;-;-;-;-;-;-;0,000;-;0,000;-;-;-
27.08.2025 08:45;27.08.2025 09:00;103,750;2,250;-;-;-;-;-;-;0,000;-;0,000;-;-;-
27.08.2025 09:00;27.08.2025 09:15;94,500;0,000;-;-;-;-;-;-;0,000;-;0,000;-;-;-
27.08.2025 09:15;27.08.2025 09:30;94,500;0,000;-;-;-;-;-;-;0,000;-;0,000;-;-;-
27.08.2025 09:30;27.08.2025 09:45;94,500;0,000;-;-;-;-;-;-;0,000;-;0,000;-;-;-
27.08.2025 09:45;27.08.2025 10:00;94,500;0,000;-;-;-;-;-;-;0,000;-;0,000;-;-;-
27.08.2025 10:00;27.08.2025 10:15;82,000;0,000;-;-;-;-;-;-;0,000;-;0,000;-;-;-
27.08.2025 10:15;27.08.2025 10:30;82,000;0,000;-;-;-;-;-;-;0,000;-;0,000;-;-;-
27.08.2025 10:30;27.08.2025 10:45;82,000;0,000;-;-;-;-;-;-;0,000;-;0,000;-;-;-
27.08.2025 10:45;27.08.2025 11:00;82,000;0,000;-;-;-;-;-;-;0,000;-;0,000;-;-;-
27.08.2025 11:00;27.08.2025 11:15;72,000;0,000;-;-;-;-;-;-;0,000;-;0,000;-;-;-
27.08.2025 11:15;27.08.2025 11:30;72,000;0,000;-;-;-;-;-;-;0,000;-;0,000;-;-;-
27.08.2025 11:30;27.08.2025 11:45;72,000;0,000;-;-;-;-;-;-;0,000;-;0,000;-;-;-
27.08.2025 11:45;27.08.2025 12:00;72,000;0,000;-;-;-;-;-;-;0,000;-;0,000;-;-;-
27.08.2025 12:00;27.08.2025 12:15;64,750;0,000;-;-;-;-;-;-;0,000;-;0,000;-;-;-
27.08.2025 12:15;27.08.2025 12:30;64,750;0,000;-;-;-;-;-;-;0,000;-;0,000;-;-;-
27.08.2025 12:30;27.08.2025 12:45;64,750;0,000;-;-;-;-;-;-;0,000;-;0,000;-;-;-
27.08.2025 12:45;27.08.2025 13:00;64,750;0,000;-;-;-;-;-;-;0,000;-;0,000;-;-;-
27.08.2025 13:00;27.08.2025 13:15;58,500;0,000;-;-;-;-;-;-;0,000;-;0,000;-;-;-
27.08.2025 13:15;27.08.2025 13:30;58,500;0,000;-;-;-;-;-;-;0,000;-;0,000;-;-;-
27.08.2025 13:30;27.08.2025 13:45;58,500;0,000;-;-;-;-;-;-;0,000;-;0,000;-;-;-
27.08.2025 13:45;27.08.2025 14:00;58,500;0,000;-;-;-;-;-;-;0,000;-;0,000;-;-;-
27.08.2025 14:00;27.08.2025 14:15;68,250;0,000;-;-;-;-;-;-;0,000;-;0,000;-;-;-
27.08.2025 14:15;27.08.2025 14:30;68,250;0,000;-;-;-;-;-;-;0,000;-;0,000;-;-;-
27.08.2025 14:30;27.08.2025 14:45;68,250;0,000;-;-;-;-;-;-;0,000;-;0,000;-;-;-
27.08.2025 14:45;27.08.2025 15:00;68,250;0,000;-;-;-;-;-;-;0,000;-;0,000;-;-;-
27.08.2025 15:00;27.08.2025 15:15;71,750;0,000;-;-;-;-;-;-;0,000;-;0,000;-;-;-
27.08.2025 15:15;27.08.2025 15:30;71,750;0,000;-;-;-;-;-;-;0,000;-;0,000;-;-;-
27.08.2025 15:30;27.08.2025 15:45;71,750;0,000;-;-;-;-;-;-;0,000;-;0,000;-;-;-
27.08.2025 15:45;27.08.2025 16:00;71,750;0,000;-;-;-;-;-;-;0,000;-;0,000;-;-;-
27.08.2025 16:00;27.08.2025 16:15;82,500;0,000;-;-;-;-;-;-;0,000;-;0,000;-;-;-
27.08.2025 16:15;27.08.2025 16:30;82,500;0,000;-;-;-;-;-;-;0,000;-;0,000;-;-;-
27.08.2025 16:30;27.08.2025 16:45;82,500;0,000;-;-;-;-;-;-;0,000;-;0,000;-;-;-
27.08.2025 16:45;27.08.2025 17:00;82,500;0,000;-;-;-;-;-;-;0,000;-;0,000;-;-;-
27.08.2025 17:00;27.08.2025 17:15;90,250;0,000;-;-;-;-;-;-;0,000;-;0,000;-;-;-
27.08.2025 17:15;27.08.2025 17:30;90,250;0,000;-;-;-;-;-;-;0,000;-;0,000;-;-;-
27.08.2025 17:30;27.08.2025 17:45;90,250;0,000;-;-;-;-;-;-;0,000;-;0,000;-;-;-
27.08.2025 17:45;27.08.2025 18:00;90,250;0,000;-;-;-;-;-;-;0,000;-;0,000;-;-;-
27.08.2025 18:00;27.08.2025 18:15;92,250;1,000;-;-;-;-;-;-;0,000;-;0,000;-;-;-
27.08.2025 18:15;27.08.2025 18:30;92,250;1,000;-;-;-;-;-;-;0,000;-;0,000;-;-;-
27.08.2025 18:30;27.08.2025 18:45;92,250;1,000;-;-;-;-;-;-;0,000;-;0,000;-;-;-
27.08.2025 18:45;27.08.2025 19:00;92,250;1,000;-;-;-;-;-;-;0,000;-;0,000;-;-;-
27.08.2025 19:00;27.08.2025 19:15;98,250;2,250;-;-;-;-;-;-;0,000;-;0,000;-;-;-
27.08.2025 19:15;27.08.2025 19:30;98,250;2,250;-;-;-;-;-;-;0,000;-;0,000;-;-;-
27.08.2025 19:30;27.08.2025 19:45;98,250;2,250;-;-;-;-;-;-;0,000;-;0,000;-;-;-
27.08.2025 19:45;27.08.2025 20:00;98,250;2,250;-;-;-;-;-;-;0,000;-;0,000;-;-;-
27.08.2025 20:00;27.08.2025 20:15;99,250;2,250;-;-;-;-;-;-;0,000;-;0,000;-;-;-
27.08.2025 20:15;27.08.2025 20:30;99,250;2,250;-;-;-;-;-;-;0,000;-;0,000;-;-;-
27.08.2025 20:30;27.08.2025 20:45;99,250;2,250;-;-;-;-;-;-;0,000;-;0,000;-;-;-
27.08.2025 20:45;27.08.2025 21:00;99,250;2,250;-;-;-;-;-;-;0,000;-;0,000;-;-;-
27.08.2025 21:00;27.08.2025 21:15;95,500;1,250;-;-;-;-;-;-;0,000;-;0,000;-;-;-
27.08.2025 21:15;27.08.2025 21:30;95,500;1,250;-;-;-;-;-;-;0,000;-;0,000;-;-;-
27.08.2025 21:30;27.08.2025 21:45;95,500;1,250;-;-;-;-;-;-;0,000;-;0,000;-;-;-
27.08.2025 21:45;27.08.2025 22:00;95,500;1,250;-;-;-;-;-;-;0,000;-;0,000;-;-;-
27.08.2025 22:00;27.08.2025 22:15;92,250;0,000;-;-;-;-;-;-;0,000;-;0,000;-;-;-
27.08.2025 22:15;27.08.2025 22:30;92,250;0,000;-;-;-;-;-;-;0,000;-;0,000;-;-;-
27.08.2025 22:30;27.08.2025 22:45;92,250;0,000;-;-;-;-;-;-;0,000;-;0,000;-;-;-
27.08.2025 22:45;27.08.2025 23:00;92,250;0,000;-;-;-;-;-;-;0,000;-;0,000;-;-;-
27.08.2025 23:00;27.08.2025 23:15;92,000;0,000;-;-;-;-;-;-;0,000;-;0,000;-;-;-
27.08.2025 23:15;27.08.2025 23:30;92,000;0,000;-;-;-;-;-;-;0,000;-;0,000;-;-;-
27.08.2025 23:30;27.08.2025 23:45;92,000;0,000;-;-;-;-;-;-;0,000;-;0,000;-;-;-
27.08.2025 23:45;28.08.2025 00:00;92,000;0,000;-;-;-;-;-;-;0,000;-;0,000;-;-;-
28.08.2025 00:00;28.08.2025 00:15;93,250;0,000;-;-;-;-;-;-;0,000;-;0,000;-;-;-
28.08.2025 00:15;28.08.2025 00:30;93,250;0,000;-;-;-;-;-;-;0,000;-;0,000;-;-;-
28.08.2025 00:30;28.08.2025 00:45;93,250;0,000;-;-;-;-;-;-;0,000;-;0,000;-;-;-
28.08.2025 00:45;28.08.2025 01:00;93,250;0,000;-;-;-;-;-;-;0,000;-;0,000;-;-;-
28.08.2025 01:00;28.08.2025 01:15;99,500;0,000;-;-;-;-;-;-;0,000;-;0,000;-;-;-
28.08.2025 01:15;28.08.2025 01:30;99,500;0,000;-;-;-;-;-;-;0,000;-;0,000;-;-;-
28.08.2025 01:30;28.08.2025 01:45;99,500;0,000;-;-;-;-;-;-;0,000;-;0,000;-;-;-
28.08.2025 01:45;28.08.2025 02:00;99,500;0,000;-;-;-;-;-;-;0,000;-;0,000;-;-;-
28.08.2025 02:00;28.08.2025 02:15;92,000;0,000;-;-;-;-;-;-;0,000;-;0,000;-;-;-
28.08.2025 02:15;28.08.2025 02:30;92,000;0,000;-;-;-;-;-;-;0,000;-;0,000;-;-;-
28.08.2025 02:30;28.08.2025 02:45;92,000;0,000;-;-;-;-;-;-;0,000;-;0,000;-;-;-
28.08.2025 02:45;28.08.2025 03:00;92,000;0,000;-;-;-;-;-;-;0,000;-;0,000;-;-;-
28.08.2025 03:00;28.08.2025 03:15;91,500;0,000;-;-;-;-;-;-;0,000;-;0,000;-;-;-
28.08.2025 03:15;28.08.2025 03:30;91,500;0,000;-;-;-;-;-;-;0,000;-;0,000;-;-;-
28.08.2025 03:30;28.08.2025 03:45;91,500;0,000;-;-;-;-;-;-;0,000;-;0,000;-;-;-
28.08.2025 03:45;28.08.2025 04:00;91,500;0,000;-;-;-;-;-;-;0,000;-;0,000;-;-;-
28.08.2025 04:00;28.08.2025 04:15;96,500;0,000;-;-;-;-;-;-;0,000;-;0,000;-;-;-
28.08.2025 04:15;28.08.2025 04:30;96,500;0,000;-;-;-;-;-;-;0,000;-;0,000;-;-;-
28.08.2025 04:30;28.08.2025 04:45;96,500;0,000;-;-;-;-;-;-;0,000;-;0,000;-;-;-
28.08.2025 04:45;28.08.2025 05:00;96,500;0,000;-;-;-;-;-;-;0,000;-;0,000;-;-;-
28.08.2025 05:00;28.08.2025 05:15;93,500;0,000;-;-;-;-;-;-;0,000;-;0,000;-;-;-
28.08.2025 05:15;28.08.2025 05:30;93,500;0,000;-;-;-;-;-;-;0,000;-;0,000;-;-;-
28.08.2025 05:30;28.08.2025 05:45;93,500;0,000;-;-;-;-;-;-;0,000;-;0,000;-;-;-
28.08.2025 05:45;28.08.2025 06:00;93,500;0,000;-;-;-;-;-;-;0,000;-;0,000;-;-;-
28.08.2025 06:00;28.08.2025 06:15;100,500;0,000;-;-;-;-;-;-;0,000;-;0,000;-;-;-
28.08.2025 06:15;28.08.2025 06:30;100,500;0,000;-;-;-;-;-;-;0,000;-;0,000;-;-;-
28.08.2025 06:30;28.08.2025 06:45;100,500;0,000;-;-;-;-;-;-;0,000;-;0,000;-;-;-
28.08.2025 06:45;28.08.2025 07:00;100,500;0,000;-;-;-;-;-;-;0,000;-;0,000;-;-;-
28.08.2025 07:00;28.08.2025 07:15;100,750;2,250;-;-;-;-;-;-;0,000;-;0,000;-;-;-
28.08.2025 07:15;28.08.2025 07:30;100,750;2,250;-;-;-;-;-;-;0,000;-;0,000;-;-;-
28.08.2025 07:30;28.08.2025 07:45;100,750;2,250;-;-;-;-;-;-;0,000;-;0,000;-;-;-
28.08.2025 07:45;28.08.2025 08:00;100,750;2,250;-;-;-;-;-;-;0,000;-;0,000;-;-;-
28.08.2025 08:00;28.08.2025 08:15;100,250;0,000;-;-;-;-;-;-;0,000;-;0,000;-;-;-
28.08.2025 08:15;28.08.2025 08:30;100,250;0,000;-;-;-;-;-;-;0,000;-;0,000;-;-;-
28.08.2025 08:30;28.08.2025 08:45;100,250;0,000;-;-;-;-;-;-;0,000;-;0,000;-;-;-
28.08.2025 08:45;28.08.2025 09:00;100,250;0,000;-;-;-;-;-;-;0,000;-;0,000;-;-;-
28.08.2025 09:00;28.08.2025 09:15;100,000;0,000;-;-;-;-;-;-;0,000;-;0,000;-;-;-
28.08.2025 09:15;28.08.2025 09:30;100,000;0,000;-;-;-;-;-;-;0,000;-;0,000;-;-;-
28.08.2025 09:30;28.08.2025 09:45;100,000;0,000;-;-;-;-;-;-;0,000;-;0,000;-;-;-
28.08.2025 09:45;28.08.2025 10:00;100,000;0,000;-;-;-;-;-;-;0,000;-;0,000;-;-;-
28.08.2025 10:00;28.08.2025 10:15;100,000;0,000;-;-;-;-;-;-;0,000;-;0,000;-;-;-
28.08.2025 10:15;28.08.2025 10:30;100,000;0,000;-;-;-;-;-;-;0,000;-;0,000;-;-;-
28.08.2025 10:30;28.08.2025 10:45;100,000;0,000;-;-;-;-;-;-;0,000;-;0,000;-;-;-
28.08.2025 10:45;28.08.2025 11:00;100,000;0,000;-;-;-;-;-;-;0,000;-;0,000;-;-;-
28.08.2025 11:00;28.08.2025 11:15;91,750;0,000;-;-;-;-;-;-;0,000;-;0,000;-;-;-
28.08.2025 11:15;28.08.2025 11:30;91,750;0,000;-;-;-;-;-;-;0,000;-;0,000;-;-;-
28.08.2025 11:30;28.08.2025 11:45;91,750;0,000;-;-;-;-;-;-;0,000;-;0,000;-;-;-
28.08.2025 11:45;28.08.2025 12:00;91,750;0,000;-;-;-;-;-;-;0,000;-;0,000;-;-;-
28.08.2025 12:00;28.08.2025 12:15;83,500;0,000;-;-;-;-;-;-;0,000;-;0,000;-;-;-
28.08.2025 12:15;28.08.2025 12:30;83,500;0,000;-;-;-;-;-;-;0,000;-;0,000;-;-;-
28.08.2025 12:30;28.08.2025 12:45;83,500;0,000;-;-;-;-;-;-;0,000;-;0,000;-;-;-
28.08.2025 12:45;28.08.2025 13:00;83,500;0,000;-;-;-;-;-;-;0,000;-;0,000;-;-;-
28.08.2025 13:00;28.08.2025 13:15;96,500;0,000;-;-;-;-;-;-;0,000;-;0,000;-;-;-
28.08.2025 13:15;28.08.2025 13:30;96,500;0,000;-;-;-;-;-;-;0,000;-;0,000;-;-;-
28.08.2025 13:30;28.08.2025 13:45;96,500;0,000;-;-;-;-;-;-;0,000;-;0,000;-;-;-
28.08.2025 13:45;28.08.2025 14:00;96,500;0,000;-;-;-;-;-;-;0,000;-;0,000;-;-;-
28.08.2025 14:00;28.08.2025 14:15;81,750;0,000;-;-;-;-;-;-;0,000;-;0,000;-;-;-
28.08.2025 14:15;28.08.2025 14:30;81,750;0,000;-;-;-;-;-;-;0,000;-;0,000;-;-;-
28.08.2025 14:30;28.08.2025 14:45;81,750;0,000;-;-;-;-;-;-;0,000;-;0,000;-;-;-
28.08.2025 14:45;28.08.2025 15:00;81,750;0,000;-;-;-;-;-;-;0,000;-;0,000;-;-;-
28.08.2025 15:00;28.08.2025 15:15;79,000;0,000;-;-;-;-;-;-;0,000;-;0,000;-;-;-
28.08.2025 15:15;28.08.2025 15:30;79,000;0,000;-;-;-;-;-;-;0,000;-;0,000;-;-;-
28.08.2025 15:30;28.08.2025 15:45;79,000;0,000;-;-;-;-;-;-;0,000;-;0,000;-;-;-
28.08.2025 15:45;28.08.2025 16:00;79,000;0,000;-;-;-;-;-;-;0,000;-;0,000;-;-;-
28.08.2025 16:00;28.08.2025 16:15;87,000;0,000;-;-;-;-;-;-;0,000;-;0,000;-;-;-
28.08.2025 16:15;28.08.2025 16:30;87,000;0,000;-;-;-;-;-;-;0,000;-;0,000;-;-;-
28.08.2025 16:30;28.08.2025 16:45;87,000;0,000;-;-;-;-;-;-;0,000;-;0,000;-;-;-
28.08.2025 16:45;28.08.2025 17:00;87,000;0,000;-;-;-;-;-;-;0,000;-;0,000;-;-;-
28.08.2025 17:00;28.08.2025 17:15;93,750;0,000;-;-;-;-;-;-;0,000;-;0,000;-;-;-
28.08.2025 17:15;28.08.2025 17:30;93,750;0,000;-;-;-;-;-;-;0,000;-;0,000;-;-;-
28.08.2025 17:30;28.08.2025 17:45;93,750;0,000;-;-;-;-;-;-;0,000;-;0,000;-;-;-
28.08.2025 17:45;28.08.2025 18:00;93,750;0,000;-;-;-;-;-;-;0,000;-;0,000;-;-;-
28.08.2025 18:00;28.08.2025 18:15;96,500;1,750;-;-;-;-;-;-;0,000;-;0,000;-;-;-
28.08.2025 18:15;28.08.2025 18:30;96,500;1,750;-;-;-;-;-;-;0,000;-;0,000;-;-;-
28.08.2025 18:30;28.08.2025 18:45;96,500;1,750;-;-;-;-;-;-;0,000;-;0,000;-;-;-
28.08.2025 18:45;28.08.2025 19:00;96,500;1,750;-;-;-;-;-;-;0,000;-;0,000;-;-;-
28.08.2025 19:00;28.08.2025 19:15;98,250;2,250;-;-;-;-;-;-;0,000;-;0,000;-;-;-
28.08.2025 19:15;28.08.2025 19:30;98,250;2,250;-;-;-;-;-;-;0,000;-;0,000;-;-;-
28.08.2025 19:30;28.08.2025 19:45;98,250;2,250;-;-;-;-;-;-;0,000;-;0,000;-;-;-
28.08.2025 19:45;28.08.2025 20:00;98,250;2,250;-;-;-;-;-;-;0,000;-;0,000;-;-;-
28.08.2025 20:00;28.08.2025 20:15;98,750;2,250;-;-;-;-;-;-;0,000;-;0,000;-;-;-
28.08.2025 20:15;28.08.2025 20:30;98,750;2,250;-;-;-;-;-;-;0,000;-;0,000;-;-;-
28.08.2025 20:30;28.08.2025 20:45;98,750;2,250;-;-;-;-;-;-;0,000;-;0,000;-;-;-
28.08.2025 20:45;28.08.2025 21:00;98,750;2,250;-;-;-;-;-;-;0,000;-;0,000;-;-;-
28.08.2025 21:00;28.08.2025 21:15;99,000;0,000;-;-;-;-;-;-;0,000;-;0,000;-;-;-
28.08.2025 21:15;28.08.2025 21:30;99,000;0,000;-;-;-;-;-;-;0,000;-;0,000;-;-;-
28.08.2025 21:30;28.08.2025 21:45;99,000;0,000;-;-;-;-;-;-;0,000;-;0,000;-;-;-
28.08.2025 21:45;28.08.2025 22:00;99,000;0,000;-;-;-;-;-;-;0,000;-;0,000;-;-;-
28.08.2025 22:00;28.08.2025 22:15;99,500;0,000;-;-;-;-;-;-;0,000;-;0,000;-;-;-
28.08.2025 22:15;28.08.2025 22:30;99,500;0,000;-;-;-;-;-;-;0,000;-;0,000;-;-;-
28.08.2025 22:30;28.08.2025 22:45;99,500;0,000;-;-;-;-;-;-;0,000;-;0,000;-;-;-
28.08.2025 22:45;28.08.2025 23:00;99,500;0,000;-;-;-;-;-;-;0,000;-;0,000;-;-;-
28.08.2025 23:00;28.08.2025 23:15;96,500;0,000;-;-;-;-;-;-;0,000;-;0,000;-;-;-
28.08.2025 23:15;28.08.2025 23:30;96,500;0,000;-;-;-;-;-;-;0,000;-;0,000;-;-;-
28.08.2025 23:30;28.08.2025 23:45;96,500;0,000;-;-;-;-;-;-;0,000;-;0,000;-;-;-
28.08.2025 23:45;29.08.2025 00:00;96,500;0,000;-;-;-;-;-;-;0,000;-;0,000;-;-;-
29.08.2025 00:00;29.08.2025 00:15;90,000;0,000;-;-;-;-;-;-;0,000;-;0,000;-;-;-
29.08.2025 00:15;29.08.2025 00:30;90,000;0,000;-;-;-;-;-;-;0,000;-;0,000;-;-;-
29.08.2025 00:30;29.08.2025 00:45;90,000;0,000;-;-;-;-;-;-;0,000;-;0,000;-;-;-
29.08.2025 00:45;29.08.2025 01:00;90,000;0,000;-;-;-;-;-;-;0,000;-;0,000;-;-;-
29.08.2025 01:00;29.08.2025 01:15;80,000;0,000;-;-;-;-;-;-;0,000;-;0,000;-;-;-
29.08.2025 01:15;29.08.2025 01:30;80,000;0,000;-;-;-;-;-;-;0,000;-;0,000;-;-;-
29.08.2025 01:30;29.08.2025 01:45;80,000;0,000;-;-;-;-;-;-;0,000;-;0,000;-;-;-
29.08.2025 01:45;29.08.2025 02:00;80,000;0,000;-;-;-;-;-;-;0,000;-;0,000;-;-;-
29.08.2025 02:00;29.08.2025 02:15;86,500;0,000;-;-;-;-;-;-;0,000;-;0,000;-;-;-
29.08.2025 02:15;29.08.2025 02:30;86,500;0,000;-;-;-;-;-;-;0,000;-;0,000;-;-;-
29.08.2025 02:30;29.08.2025 02:45;86,500;0,000;-;-;-;-;-;-;0,000;-;0,000;-;-;-
29.08.2025 02:45;29.08.2025 03:00;86,500;0,000;-;-;-;-;-;-;0,000;-;0,000;-;-;-
29.08.2025 03:00;29.08.2025 03:15;69,500;0,000;-;-;-;-;-;-;0,000;-;0,000;-;-;-
29.08.2025 03:15;29.08.2025 03:30;69,500;0,000;-;-;-;-;-;-;0,000;-;0,000;-;-;-
29.08.2025 03:30;29.08.2025 03:45;69,500;0,000;-;-;-;-;-;-;0,000;-;0,000;-;-;-
29.08.2025 03:45;29.08.2025 04:00;69,500;0,000;-;-;-;-;-;-;0,000;-;0,000;-;-;-
29.08.2025 04:00;29.08.2025 04:15;84,500;0,000;-;-;-;-;-;-;0,000;-;0,000;-;-;-
29.08.2025 04:15;29.08.2025 04:30;84,500;0,000;-;-;-;-;-;-;0,000;-;0,000;-;-;-
29.08.2025 04:30;29.08.2025 04:45;84,500;0,000;-;-;-;-;-;-;0,000;-;0,000;-;-;-
29.08.2025 04:45;29.08.2025 05:00;84,500;0,000;-;-;-;-;-;-;0,000;-;0,000;-;-;-
29.08.2025 05:00;29.08.2025 05:15;96,000;0,000;-;-;-;-;-;-;0,000;-;0,000;-;-;-
29.08.2025 05:15;29.08.2025 05:30;96,000;0,000;-;-;-;-;-;-;0,000;-;0,000;-;-;-
29.08.2025 05:30;29.08.2025 05:45;96,000;0,000;-;-;-;-;-;-;0,000;-;0,000;-;-;-
29.08.2025 05:45;29.08.2025 06:00;96,000;0,000;-;-;-;-;-;-;0,000;-;0,000;-;-;-
29.08.2025 06:00;29.08.2025 06:15;101,750;0,000;-;-;-;-;-;-;0,000;-;0,000;-;-;-
29.08.2025 06:15;29.08.2025 06:30;101,750;0,000;-;-;-;-;-;-;0,000;-;0,000;-;-;-
29.08.2025 06:30;29.08.2025 06:45;101,750;0,000;-;-;-;-;-;-;0,000;-;0,000;-;-;-
29.08.2025 06:45;29.08.2025 07:00;101,750;0,000;-;-;-;-;-;-;0,000;-;0,000;-;-;-
29.08.2025 07:00;29.08.2025 07:15;102,000;0,500;-;-;-;-;-;-;0,000;-;0,000;-;-;-
29.08.2025 07:15;29.08.2025 07:30;102,000;0,500;-;-;-;-;-;-;0,000;-;0,000;-;-;-
29.08.2025 07:30;29.08.2025 07:45;102,000;0,500;-;-;-;-;-;-;0,000;-;0,000;-;-;-
29.08.2025 07:45;29.08.2025 08:00;102,000;0,500;-;-;-;-;-;-;0,000;-;0,000;-;-;-
29.08.2025 08:00;29.08.2025 08:15;102,000;0,000;-;-;-;-;-;-;0,000;-;0,000;-;-;-
29.08.2025 08:15;29.08.2025 08:30;102,000;0,000;-;-;-;-;-;-;0,000;-;0,000;-;-;-
29.08.2025 08:30;29.08.2025 08:45;102,000;0,000;-;-;-;-;-;-;0,000;-;0,000;-;-;-
29.08.2025 08:45;29.08.2025 09:00;102,000;0,000;-;-;-;-;-;-;0,000;-;0,000;-;-;-
29.08.2025 09:00;29.08.2025 09:15;87,750;0,000;-;-;-;-;-;-;0,000;-;0,000;-;-;-
29.08.2025 09:15;29.08.2025 09:30;87,750;0,000;-;-;-;-;-;-;0,000;-;0,000;-;-;-
29.08.2025 09:30;29.08.2025 09:45;87,750;0,000;-;-;-;-;-;-;0,000;-;0,000;-;-;-
29.08.2025 09:45;29.08.2025 10:00;87,750;0,000;-;-;-;-;-;-;0,000;-;0,000;-;-;-
29.08.2025 10:00;29.08.2025 10:15;85,750;0,000;-;-;-;-;-;-;0,000;-;0,000;-;-;-
29.08.2025 10:15;29.08.2025 10:30;85,750;0,000;-;-;-;-;-;-;0,000;-;0,000;-;-;-
29.08.2025 10:30;29.08.2025 10:45;85,750;0,000;-;-;-;-;-;-;0,000;-;0,000;-;-;-
29.08.2025 10:45;29.08.2025 11:00;85,750;0,000;-;-;-;-;-;-;0,000;-;0,000;-;-;-
29.08.2025 11:00;29.08.2025 11:15;65,750;0,000;-;-;-;-;-;-;0,000;-;0,000;-;-;-
29.08.2025 11:15;29.08.2025 11:30;65,750;0,000;-;-;-;-;-;-;0,000;-;0,000;-;-;-
29.08.2025 11:30;29.08.2025 11:45;65,750;0,000;-;-;-;-;-;-;0,000;-;0,000;-;-;-
29.08.2025 11:45;29.08.2025 12:00;65,750;0,000;-;-;-;-;-;-;0,000;-;0,000;-;-;-
29.08.2025 12:00;29.08.2025 12:15;69,000;0,000;-;-;-;-;-;-;0,000;-;0,000;-;-;-
29.08.2025 12:15;29.08.2025 12:30;69,000;0,000;-;-;-;-;-;-;0,000;-;0,000;-;-;-
29.08.2025 12:30;29.08.2025 12:45;69,000;0,000;-;-;-;-;-;-;0,000;-;0,000;-;-;-
29.08.2025 12:45;29.08.2025 13:00;69,000;0,000;-;-;-;-;-;-;0,000;-;0,000;-;-;-
29.08.2025 13:00;29.08.2025 13:15;77,750;0,000;-;-;-;-;-;-;0,000;-;0,000;-;-;-
29.08.2025 13:15;29.08.2025 13:30;77,750;0,000;-;-;-;-;-;-;0,000;-;0,000;-;-;-
29.08.2025 13:30;29.08.2025 13:45;77,750;0,000;-;-;-;-;-;-;0,000;-;0,000;-;-;-
29.08.2025 13:45;29.08.2025 14:00;77,750;0,000;-;-;-;-;-;-;0,000;-;0,000;-;-;-
29.08.2025 14:00;29.08.2025 14:15;68,750;0,000;-;-;-;-;-;-;0,000;-;0,000;-;-;-
29.08.2025 14:15;29.08.2025 14:30;68,750;0,000;-;-;-;-;-;-;0,000;-;0,000;-;-;-
29.08.2025 14:30;29.08.2025 14:45;68,750;0,000;-;-;-;-;-;-;0,000;-;0,000;-;-;-
29.08.2025 14:45;29.08.2025 15:00;68,750;0,000;-;-;-;-;-;-;0,000;-;0,000;-;-;-
29.08.2025 15:00;29.08.2025 15:15;69,750;0,000;-;-;-;-;-;-;0,000;-;0,000;-;-;-
29.08.2025 15:15;29.08.2025 15:30;69,750;0,000;-;-;-;-;-;-;0,000;-;0,000;-;-;-
29.08.2025 15:30;29.08.2025 15:45;69,750;0,000;-;-;-;-;-;-;0,000;-;0,000;-;-;-
29.08.2025 15:45;29.08.2025 16:00;69,750;0,000;-;-;-;-;-;-;0,000;-;0,000;-;-;-
29.08.2025 16:00;29.08.2025 16:15;82,000;0,000;-;-;-;-;-;-;0,000;-;0,000;-;-;-
29.08.2025 16:15;29.08.2025 16:30;82,000;0,000;-;-;-;-;-;-;0,000;-;0,000;-;-;-
29.08.2025 16:30;29.08.2025 16:45;82,000;0,000;-;-;-;-;-;-;0,000;-;0,000;-;-;-
29.08.2025 16:45;29.08.2025 17:00;82,000;0,000;-;-;-;-;-;-;0,000;-;0,000;-;-;-
29.08.2025 17:00;29.08.2025 17:15;92,000;0,000;-;-;-;-;-;-;0,000;-;0,000;-;-;-
29.08.2025 17:15;29.08.2025 17:30;92,000;0,000;-;-;-;-;-;-;0,000;-;0,000;-;-;-
29.08.2025 17:30;29.08.2025 17:45;92,000;0,000;-;-;-;-;-;-;0,000;-;0,000;-;-;-
29.08.2025 17:45;29.08.2025 18:00;92,000;0,000;-;-;-;-;-;-;0,000;-;0,000;-;-;-
29.08.2025 18:00;29.08.2025 18:15;92,250;0,500;-;-;-;-;-;-;0,000;-;0,000;-;-;-
29.08.2025 18:15;29.08.2025 18:30;92,250;0,500;-;-;-;-;-;-;0,000;-;0,000;-;-;-
29.08.2025 18:30;29.08.2025 18:45;92,250;0,500;-;-;-;-;-;-;0,000;-;0,000;-;-;-
29.08.2025 18:45;29.08.2025 19:00;92,250;0,500;-;-;-;-;-;-;0,000;-;0,000;-;-;-
29.08.2025 19:00;29.08.2025 19:15;97,500;9,000;-;-;-;-;-;-;0,000;-;0,000;-;-;-
29.08.2025 19:15;29.08.2025 19:30;97,500;9,000;-;-;-;-;-;-;0,000;-;0,000;-;-;-
29.08.2025 19:30;29.08.2025 19:45;97,500;9,000;-;-;-;-;-;-;0,000;-;0,000;-;-;-
29.08.2025 19:45;29.08.2025 20:00;97,500;9,000;-;-;-;-;-;-;0,000;-;0,000;-;-;-
29.08.2025 20:00;29.08.2025 20:15;99,000;2,500;-;-;-;-;-;-;0,000;-;0,000;-;-;-
29.08.2025 20:15;29.08.2025 20:30;99,000;2,500;-;-;-;-;-;-;0,000;-;0,000;-;-;-
29.08.2025 20:30;29.08.2025 20:45;99,000;2,500;-;-;-;-;-;-;0,000;-;0,000;-;-;-
29.08.2025 20:45;29.08.2025 21:00;99,000;2,500;-;-;-;-;-;-;0,000;-;0,000;-;-;-
29.08.2025 21:00;29.08.2025 21:15;100,000;0,000;-;-;-;-;-;-;0,000;-;0,000;-;-;-
29.08.2025 21:15;29.08.2025 21:30;100,000;0,000;-;-;-;-;-;-;0,000;-;0,000;-;-;-
29.08.2025 21:30;29.08.2025 21:45;100,000;0,000;-;-;-;-;-;-;0,000;-;0,000;-;-;-
29.08.2025 21:45;29.08.2025 22:00;100,000;0,000;-;-;-;-;-;-;0,000;-;0,000;-;-;-
29.08.2025 22:00;29.08.2025 22:15;97,750;0,000;-;-;-;-;-;-;0,000;-;0,000;-;-;-
29.08.2025 22:15;29.08.2025 22:30;97,750;0,000;-;-;-;-;-;-;0,000;-;0,000;-;-;-
29.08.2025 22:30;29.08.2025 22:45;97,750;0,000;-;-;-;-;-;-;0,000;-;0,000;-;-;-
29.08.2025 22:45;29.08.2025 23:00;97,750;0,000;-;-;-;-;-;-;0,000;-;0,000;-;-;-
29.08.2025 23:00;29.08.2025 23:15;99,500;0,000;-;-;-;-;-;-;0,000;-;0,000;-;-;-
29.08.2025 23:15;29.08.2025 23:30;99,500;0,000;-;-;-;-;-;-;0,000;-;0,000;-;-;-
29.08.2025 23:30;29.08.2025 23:45;99,500;0,000;-;-;-;-;-;-;0,000;-;0,000;-;-;-
29.08.2025 23:45;30.08.2025 00:00;99,500;0,000;-;-;-;-;-;-;0,000;-;0,000;-;-;-
30.08.2025 00:00;30.08.2025 00:15;22,250;0,000;-;-;-;-;-;-;0,000;-;0,000;-;-;-
30.08.2025 00:15;30.08.2025 00:30;22,250;0,000;-;-;-;-;-;-;0,000;-;0,000;-;-;-
30.08.2025 00:30;30.08.2025 00:45;22,250;0,000;-;-;-;-;-;-;0,000;-;0,000;-;-;-
30.08.2025 00:45;30.08.2025 01:00;22,250;0,000;-;-;-;-;-;-;0,000;-;0,000;-;-;-
30.08.2025 01:00;30.08.2025 01:15;0,000;0,000;-;-;-;-;-;-;0,000;-;0,000;-;-;-
30.08.2025 01:15;30.08.2025 01:30;0,000;0,000;-;-;-;-;-;-;0,000;-;0,000;-;-;-
30.08.2025 01:30;30.08.2025 01:45;0,000;0,000;-;-;-;-;-;-;0,000;-;0,000;-;-;-
30.08.2025 01:45;30.08.2025 02:00;0,000;0,000;-;-;-;-;-;-;0,000;-;0,000;-;-;-
30.08.2025 02:00;30.08.2025 02:15;0,000;0,000;-;-;-;-;-;-;0,000;-;0,000;-;-;-
30.08.2025 02:15;30.08.2025 02:30;0,000;0,000;-;-;-;-;-;-;0,000;-;0,000;-;-;-
30.08.2025 02:30;30.08.2025 02:45;0,000;0,000;-;-;-;-;-;-;0,000;-;0,000;-;-;-
30.08.2025 02:45;30.08.2025 03:00;0,000;0,000;-;-;-;-;-;-;0,000;-;0,000;-;-;-
30.08.2025 03:00;30.08.2025 03:15;0,000;0,000;-;-;-;-;-;-;0,000;-;0,000;-;-;-
30.08.2025 03:15;30.08.2025 03:30;0,000;0,000;-;-;-;-;-;-;0,000;-;0,000;-;-;-
30.08.2025 03:30;30.08.2025 03:45;0,000;0,000;-;-;-;-;-;-;0,000;-;0,000;-;-;-
30.08.2025 03:45;30.08.2025 04:00;0,000;0,000;-;-;-;-;-;-;0,000;-;0,000;-;-;-
30.08.2025 04:00;30.08.2025 04:15;0,000;0,000;-;-;-;-;-;-;0,000;-;0,000;-;-;-
30.08.2025 04:15;30.08.2025 04:30;0,000;0,000;-;-;-;-;-;-;0,000;-;0,000;-;-;-
30.08.2025 04:30;30.08.2025 04:45;0,000;0,000;-;-;-;-;-;-;0,000;-;0,000;-;-;-
30.08.2025 04:45;30.08.2025 05:00;0,000;0,000;-;-;-;-;-;-;0,000;-;0,000;-;-;-
30.08.2025 05:00;30.08.2025 05:15;0,000;0,000;-;-;-;-;-;-;0,000;-;0,000;-;-;-
30.08.2025 05:15;30.08.2025 05:30;0,000;0,000;-;-;-;-;-;-;0,000;-;0,000;-;-;-
30.08.2025 05:30;30.08.2025 05:45;0,000;0,000;-;-;-;-;-;-;0,000;-;0,000;-;-;-
30.08.2025 05:45;30.08.2025 06:00;0,000;0,000;-;-;-;-;-;-;0,000;-;0,000;-;-;-
30.08.2025 06:00;30.08.2025 06:15;0,000;0,000;-;-;-;-;-;-;0,000;-;0,000;-;-;-
30.08.2025 06:15;30.08.2025 06:30;0,000;0,000;-;-;-;-;-;-;0,000;-;0,000;-;-;-
30.08.2025 06:30;30.08.2025 06:45;0,000;0,000;-;-;-;-;-;-;0,000;-;0,000;-;-;-
30.08.2025 06:45;30.08.2025 07:00;0,000;0,000;-;-;-;-;-;-;0,000;-;0,000;-;-;-
30.08.2025 07:00;30.08.2025 07:15;0,000;0,000;-;-;-;-;-;-;0,000;-;0,000;-;-;-
30.08.2025 07:15;30.08.2025 07:30;0,000;0,000;-;-;-;-;-;-;0,000;-;0,000;-;-;-
30.08.2025 07:30;30.08.2025 07:45;0,000;0,000;-;-;-;-;-;-;0,000;-;0,000;-;-;-
30.08.2025 07:45;30.08.2025 08:00;0,000;0,000;-;-;-;-;-;-;0,000;-;0,000;-;-;-
30.08.2025 08:00;30.08.2025 08:15;0,000;0,000;-;-;-;-;-;-;0,000;-;0,000;-;-;-
30.08.2025 08:15;30.08.2025 08:30;0,000;0,000;-;-;-;-;-;-;0,000;-;0,000;-;-;-
30.08.2025 08:30;30.08.2025 08:45;0,000;0,000;-;-;-;-;-;-;0,000;-;0,000;-;-;-
30.08.2025 08:45;30.08.2025 09:00;0,000;0,000;-;-;-;-;-;-;0,000;-;0,000;-;-;-
30.08.2025 09:00;30.08.2025 09:15;0,000;0,000;-;-;-;-;-;-;0,000;-;0,000;-;-;-
30.08.2025 09:15;30.08.2025 09:30;0,000;0,000;-;-;-;-;-;-;0,000;-;0,000;-;-;-
30.08.2025 09:30;30.08.2025 09:45;0,000;0,000;-;-;-;-;-;-;0,000;-;0,000;-;-;-
30.08.2025 09:45;30.08.2025 10:00;0,000;0,000;-;-;-;-;-;-;0,000;-;0,000;-;-;-
30.08.2025 10:00;30.08.2025 10:15;0,000;0,000;-;-;-;-;-;-;0,000;-;0,000;-;-;-
30.08.2025 10:15;30.08.2025 10:30;0,000;0,000;-;-;-;-;-;-;0,000;-;0,000;-;-;-
30.08.2025 10:30;30.08.2025 10:45;0,000;0,000;-;-;-;-;-;-;0,000;-;0,000;-;-;-
30.08.2025 10:45;30.08.2025 11:00;0,000;0,000;-;-;-;-;-;-;0,000;-;0,000;-;-;-
30.08.2025 11:00;30.08.2025 11:15;0,000;0,000;-;-;-;-;-;-;0,000;-;0,000;-;-;-
30.08.2025 11:15;30.08.2025 11:30;0,000;0,000;-;-;-;-;-;-;0,000;-;0,000;-;-;-
30.08.2025 11:30;30.08.2025 11:45;0,000;0,000;-;-;-;-;-;-;0,000;-;0,000;-;-;-
30.08.2025 11:45;30.08.2025 12:00;0,000;0,000;-;-;-;-;-;-;0,000;-;0,000;-;-;-
30.08.2025 12:00;30.08.2025 12:15;0,000;0,000;-;-;-;-;-;-;0,000;-;0,000;-;-;-
30.08.2025 12:15;30.08.2025 12:30;0,000;0,000;-;-;-;-;-;-;0,000;-;0,000;-;-;-
30.08.2025 12:30;30.08.2025 12:45;0,000;0,000;-;-;-;-;-;-;0,000;-;0,000;-;-;-
30.08.2025 12:45;30.08.2025 13:00;0,000;0,000;-;-;-;-;-;-;0,000;-;0,000;-;-;-
30.08.2025 13:00;30.08.2025 13:15;0,000;0,000;-;-;-;-;-;-;0,000;-;0,000;-;-;-
30.08.2025 13:15;30.08.2025 13:30;0,000;0,000;-;-;-;-;-;-;0,000;-;0,000;-;-;-
30.08.2025 13:30;30.08.2025 13:45;0,000;0,000;-;-;-;-;-;-;0,000;-;0,000;-;-;-
30.08.2025 13:45;30.08.2025 14:00;0,000;0,000;-;-;-;-;-;-;0,000;-;0,000;-;-;-
30.08.2025 14:00;30.08.2025 14:15;0,000;0,000;-;-;-;-;-;-;0,000;-;0,000;-;-;-
30.08.2025 14:15;30.08.2025 14:30;0,000;0,000;-;-;-;-;-;-;0,000;-;0,000;-;-;-
30.08.2025 14:30;30.08.2025 14:45;0,000;0,000;-;-;-;-;-;-;0,000;-;0,000;-;-;-
30.08.2025 14:45;30.08.2025 15:00;0,000;0,000;-;-;-;-;-;-;0,000;-;0,000;-;-;-
30.08.2025 15:00;30.08.2025 15:15;0,000;0,000;-;-;-;-;-;-;0,000;-;0,000;-;-;-
30.08.2025 15:15;30.08.2025 15:30;0,000;0,000;-;-;-;-;-;-;0,000;-;0,000;-;-;-
30.08.2025 15:30;30.08.2025 15:45;0,000;0,000;-;-;-;-;-;-;0,000;-;0,000;-;-;-
30.08.2025 15:45;30.08.2025 16:00;0,000;0,000;-;-;-;-;-;-;0,000;-;0,000;-;-;-
30.08.2025 16:00;30.08.2025 16:15;0,000;0,000;-;-;-;-;-;-;0,000;-;0,000;-;-;-
30.08.2025 16:15;30.08.2025 16:30;0,000;0,000;-;-;-;-;-;-;0,000;-;0,000;-;-;-
30.08.2025 16:30;30.08.2025 16:45;0,000;0,000;-;-;-;-;-;-;0,000;-;0,000;-;-;-
30.08.2025 16:45;30.08.2025 17:00;0,000;0,000;-;-;-;-;-;-;0,000;-;0,000;-;-;-
30.08.2025 17:00;30.08.2025 17:15;0,000;0,000;-;-;-;-;-;-;0,000;-;0,000;-;-;-
30.08.2025 17:15;30.08.2025 17:30;0,000;0,000;-;-;-;-;-;-;0,000;-;0,000;-;-;-
30.08.2025 17:30;30.08.2025 17:45;0,000;0,000;-;-;-;-;-;-;0,000;-;0,000;-;-;-
30.08.2025 17:45;30.08.2025 18:00;0,000;0,000;-;-;-;-;-;-;0,000;-;0,000;-;-;-
30.08.2025 18:00;30.08.2025 18:15;0,000;0,000;-;-;-;-;-;-;0,000;-;0,000;-;-;-
30.08.2025 18:15;30.08.2025 18:30;0,000;0,000;-;-;-;-;-;-;0,000;-;0,000;-;-;-
30.08.2025 18:30;30.08.2025 18:45;0,000;0,000;-;-;-;-;-;-;0,000;-;0,000;-;-;-
30.08.2025 18:45;30.08.2025 19:00;0,000;0,000;-;-;-;-;-;-;0,000;-;0,000;-;-;-
30.08.2025 19:00;30.08.2025 19:15;0,000;0,000;-;-;-;-;-;-;0,000;-;0,000;-;-;-
30.08.2025 19:15;30.08.2025 19:30;0,000;0,000;-;-;-;-;-;-;0,000;-;0,000;-;-;-
30.08.2025 19:30;30.08.2025 19:45;0,000;0,000;-;-;-;-;-;-;0,000;-;0,000;-;-;-
30.08.2025 19:45;30.08.2025 20:00;0,000;0,000;-;-;-;-;-;-;0,000;-;0,000;-;-;-
30.08.2025 20:00;30.08.2025 20:15;0,000;0,000;-;-;-;-;-;-;0,000;-;0,000;-;-;-
30.08.2025 20:15;30.08.2025 20:30;0,000;0,000;-;-;-;-;-;-;0,000;-;0,000;-;-;-
30.08.2025 20:30;30.08.2025 20:45;0,000;0,000;-;-;-;-;-;-;0,000;-;0,000;-;-;-
30.08.2025 20:45;30.08.2025 21:00;0,000;0,000;-;-;-;-;-;-;0,000;-;0,000;-;-;-
30.08.2025 21:00;30.08.2025 21:15;0,000;0,000;-;-;-;-;-;-;0,000;-;0,000;-;-;-
30.08.2025 21:15;30.08.2025 21:30;0,000;0,000;-;-;-;-;-;-;0,000;-;0,000;-;-;-
30.08.2025 21:30;30.08.2025 21:45;0,000;0,000;-;-;-;-;-;-;0,000;-;0,000;-;-;-
30.08.2025 21:45;30.08.2025 22:00;0,000;0,000;-;-;-;-;-;-;0,000;-;0,000;-;-;-
30.08.2025 22:00;30.08.2025 22:15;0,000;0,000;-;-;-;-;-;-;0,000;-;0,000;-;-;-
30.08.2025 22:15;30.08.2025 22:30;0,000;0,000;-;-;-;-;-;-;0,000;-;0,000;-;-;-
30.08.2025 22:30;30.08.2025 22:45;0,000;0,000;-;-;-;-;-;-;0,000;-;0,000;-;-;-
30.08.2025 22:45;30.08.2025 23:00;0,000;0,000;-;-;-;-;-;-;0,000;-;0,000;-;-;-
30.08.2025 23:00;30.08.2025 23:15;0,000;0,000;-;-;-;-;-;-;0,000;-;0,000;-;-;-
30.08.2025 23:15;30.08.2025 23:30;0,000;0,000;-;-;-;-;-;-;0,000;-;0,000;-;-;-
30.08.2025 23:30;30.08.2025 23:45;0,000;0,000;-;-;-;-;-;-;0,000;-;0,000;-;-;-
30.08.2025 23:45;31.08.2025 00:00;0,000;0,000;-;-;-;-;-;-;0,000;-;0,000;-;-;-
31.08.2025 00:00;31.08.2025 00:15;0,000;0,000;-;-;-;-;-;-;0,000;-;0,000;-;-;-
31.08.2025 00:15;31.08.2025 00:30;0,000;0,000;-;-;-;-;-;-;0,000;-;0,000;-;-;-
31.08.2025 00:30;31.08.2025 00:45;0,000;0,000;-;-;-;-;-;-;0,000;-;0,000;-;-;-
31.08.2025 00:45;31.08.2025 01:00;0,000;0,000;-;-;-;-;-;-;0,000;-;0,000;-;-;-
31.08.2025 01:00;31.08.2025 01:15;0,000;0,000;-;-;-;-;-;-;0,000;-;0,000;-;-;-
31.08.2025 01:15;31.08.2025 01:30;0,000;0,000;-;-;-;-;-;-;0,000;-;0,000;-;-;-
31.08.2025 01:30;31.08.2025 01:45;0,000;0,000;-;-;-;-;-;-;0,000;-;0,000;-;-;-
31.08.2025 01:45;31.08.2025 02:00;0,000;0,000;-;-;-;-;-;-;0,000;-;0,000;-;-;-
31.08.2025 02:00;31.08.2025 02:15;0,000;0,000;-;-;-;-;-;-;0,000;-;0,000;-;-;-
31.08.2025 02:15;31.08.2025 02:30;0,000;0,000;-;-;-;-;-;-;0,000;-;0,000;-;-;-
31.08.2025 02:30;31.08.2025 02:45;0,000;0,000;-;-;-;-;-;-;0,000;-;0,000;-;-;-
31.08.2025 02:45;31.08.2025 03:00;0,000;0,000;-;-;-;-;-;-;0,000;-;0,000;-;-;-
31.08.2025 03:00;31.08.2025 03:15;0,000;0,000;-;-;-;-;-;-;0,000;-;0,000;-;-;-
31.08.2025 03:15;31.08.2025 03:30;0,000;0,000;-;-;-;-;-;-;0,000;-;0,000;-;-;-
31.08.2025 03:30;31.08.2025 03:45;0,000;0,000;-;-;-;-;-;-;0,000;-;0,000;-;-;-
31.08.2025 03:45;31.08.2025 04:00;0,000;0,000;-;-;-;-;-;-;0,000;-;0,000;-;-;-
31.08.2025 04:00;31.08.2025 04:15;0,000;0,000;-;-;-;-;-;-;0,000;-;0,000;-;-;-
31.08.2025 04:15;31.08.2025 04:30;0,000;0,000;-;-;-;-;-;-;0,000;-;0,000;-;-;-
31.08.2025 04:30;31.08.2025 04:45;0,000;0,000;-;-;-;-;-;-;0,000;-;0,000;-;-;-
31.08.2025 04:45;31.08.2025 05:00;0,000;0,000;-;-;-;-;-;-;0,000;-;0,000;-;-;-
31.08.2025 05:00;31.08.2025 05:15;0,000;0,000;-;-;-;-;-;-;0,000;-;0,000;-;-;-
31.08.2025 05:15;31.08.2025 05:30;0,000;0,000;-;-;-;-;-;-;0,000;-;0,000;-;-;-
31.08.2025 05:30;31.08.2025 05:45;0,000;0,000;-;-;-;-;-;-;0,000;-;0,000;-;-;-
31.08.2025 05:45;31.08.2025 06:00;0,000;0,000;-;-;-;-;-;-;0,000;-;0,000;-;-;-
31.08.2025 06:00;31.08.2025 06:15;0,000;0,000;-;-;-;-;-;-;0,000;-;0,000;-;-;-
31.08.2025 06:15;31.08.2025 06:30;0,000;0,000;-;-;-;-;-;-;0,000;-;0,000;-;-;-
31.08.2025 06:30;31.08.2025 06:45;0,000;0,000;-;-;-;-;-;-;0,000;-;0,000;-;-;-
31.08.2025 06:45;31.08.2025 07:00;0,000;0,000;-;-;-;-;-;-;0,000;-;0,000;-;-;-
31.08.2025 07:00;31.08.2025 07:15;0,000;0,000;-;-;-;-;-;-;0,000;-;0,000;-;-;-
31.08.2025 07:15;31.08.2025 07:30;0,000;0,000;-;-;-;-;-;-;0,000;-;0,000;-;-;-
31.08.2025 07:30;31.08.2025 07:45;0,000;0,000;-;-;-;-;-;-;0,000;-;0,000;-;-;-
31.08.2025 07:45;31.08.2025 08:00;0,000;0,000;-;-;-;-;-;-;0,000;-;0,000;-;-;-
31.08.2025 08:00;31.08.2025 08:15;0,000;0,000;-;-;-;-;-;-;0,000;-;0,000;-;-;-
31.08.2025 08:15;31.08.2025 08:30;0,000;0,000;-;-;-;-;-;-;0,000;-;0,000;-;-;-
31.08.2025 08:30;31.08.2025 08:45;0,000;0,000;-;-;-;-;-;-;0,000;-;0,000;-;-;-
31.08.2025 08:45;31.08.2025 09:00;0,000;0,000;-;-;-;-;-;-;0,000;-;0,000;-;-;-
31.08.2025 09:00;31.08.2025 09:15;0,000;0,000;-;-;-;-;-;-;0,000;-;0,000;-;-;-
31.08.2025 09:15;31.08.2025 09:30;0,000;0,000;-;-;-;-;-;-;0,000;-;0,000;-;-;-
31.08.2025 09:30;31.08.2025 09:45;0,000;0,000;-;-;-;-;-;-;0,000;-;0,000;-;-;-
31.08.2025 09:45;31.08.2025 10:00;0,000;0,000;-;-;-;-;-;-;0,000;-;0,000;-;-;-
31.08.2025 10:00;31.08.2025 10:15;0,000;0,000;-;-;-;-;-;-;0,000;-;0,000;-;-;-
31.08.2025 10:15;31.08.2025 10:30;0,000;0,000;-;-;-;-;-;-;0,000;-;0,000;-;-;-
31.08.2025 10:30;31.08.2025 10:45;0,000;0,000;-;-;-;-;-;-;0,000;-;0,000;-;-;-
31.08.2025 10:45;31.08.2025 11:00;0,000;0,000;-;-;-;-;-;-;0,000;-;0,000;-;-;-
31.08.2025 11:00;31.08.2025 11:15;0,000;0,250;-;-;-;-;-;-;0,000;-;0,000;-;-;-
31.08.2025 11:15;31.08.2025 11:30;0,000;0,250;-;-;-;-;-;-;0,000;-;0,000;-;-;-
31.08.2025 11:30;31.08.2025 11:45;0,000;0,250;-;-;-;-;-;-;0,000;-;0,000;-;-;-
31.08.2025 11:45;31.08.2025 12:00;0,000;0,250;-;-;-;-;-;-;0,000;-;0,000;-;-;-
31.08.2025 12:00;31.08.2025 12:15;0,000;19,000;-;-;-;-;-;-;0,000;-;0,000;-;-;-
31.08.2025 12:15;31.08.2025 12:30;0,000;19,000;-;-;-;-;-;-;0,000;-;0,000;-;-;-
31.08.2025 12:30;31.08.2025 12:45;0,000;19,000;-;-;-;-;-;-;0,000;-;0,000;-;-;-
31.08.2025 12:45;31.08.2025 13:00;0,000;19,000;-;-;-;-;-;-;0,000;-;0,000;-;-;-
31.08.2025 13:00;31.08.2025 13:15;0,000;19,500;-;-;-;-;-;-;0,000;-;0,000;-;-;-
31.08.2025 13:15;31.08.2025 13:30;0,000;19,500;-;-;-;-;-;-;0,000;-;0,000;-;-;-
31.08.2025 13:30;31.08.2025 13:45;0,000;19,500;-;-;-;-;-;-;0,000;-;0,000;-;-;-
31.08.2025 13:45;31.08.2025 14:00;0,000;19,500;-;-;-;-;-;-;0,000;-;0,000;-;-;-
31.08.2025 14:00;31.08.2025 14:15;0,000;0,250;-;-;-;-;-;-;0,000;-;0,000;-;-;-
31.08.2025 14:15;31.08.2025 14:30;0,000;0,250;-;-;-;-;-;-;0,000;-;0,000;-;-;-
31.08.2025 14:30;31.08.2025 14:45;0,000;0,250;-;-;-;-;-;-;0,000;-;0,000;-;-;-
31.08.2025 14:45;31.08.2025 15:00;0,000;0,250;-;-;-;-;-;-;0,000;-;0,000;-;-;-
31.08.2025 15:00;31.08.2025 15:15;0,000;0,000;-;-;-;-;-;-;0,000;-;0,000;-;-;-
31.08.2025 15:15;31.08.2025 15:30;0,000;0,000;-;-;-;-;-;-;0,000;-;0,000;-;-;-
31.08.2025 15:30;31.08.2025 15:45;0,000;0,000;-;-;-;-;-;-;0,000;-;0,000;-;-;-
31.08.2025 15:45;31.08.2025 16:00;0,000;0,000;-;-;-;-;-;-;0,000;-;0,000;-;-;-
31.08.2025 16:00;31.08.2025 16:15;0,000;0,000;-;-;-;-;-;-;0,000;-;0,000;-;-;-
31.08.2025 16:15;31.08.2025 16:30;0,000;0,000;-;-;-;-;-;-;0,000;-;0,000;-;-;-
31.08.2025 16:30;31.08.2025 16:45;0,000;0,000;-;-;-;-;-;-;0,000;-;0,000;-;-;-
31.08.2025 16:45;31.08.2025 17:00;0,000;0,000;-;-;-;-;-;-;0,000;-;0,000;-;-;-
31.08.2025 17:00;31.08.2025 17:15;37,250;0,000;-;-;-;-;-;-;0,000;-;0,000;-;-;-
31.08.2025 17:15;31.08.2025 17:30;37,250;0,000;-;-;-;-;-;-;0,000;-;0,000;-;-;-
31.08.2025 17:30;31.08.2025 17:45;37,250;0,000;-;-;-;-;-;-;0,000;-;0,000;-;-;-
31.08.2025 17:45;31.08.2025 18:00;37,250;0,000;-;-;-;-;-;-;0,000;-;0,000;-;-;-
31.08.2025 18:00;31.08.2025 18:15;79,750;0,000;-;-;-;-;-;-;0,000;-;0,000;-;-;-
31.08.2025 18:15;31.08.2025 18:30;79,750;0,000;-;-;-;-;-;-;0,000;-;0,000;-;-;-
31.08.2025 18:30;31.08.2025 18:45;79,750;0,000;-;-;-;-;-;-;0,000;-;0,000;-;-;-
31.08.2025 18:45;31.08.2025 19:00;79,750;0,000;-;-;-;-;-;-;0,000;-;0,000;-;-;-
31.08.2025 19:00;31.08.2025 19:15;98,000;0,000;-;-;-;-;-;-;0,000;-;0,000;-;-;-
31.08.2025 19:15;31.08.2025 19:30;98,000;0,000;-;-;-;-;-;-;0,000;-;0,000;-;-;-
31.08.2025 19:30;31.08.2025 19:45;98,000;0,000;-;-;-;-;-;-;0,000;-;0,000;-;-;-
31.08.2025 19:45;31.08.2025 20:00;98,000;0,000;-;-;-;-;-;-;0,000;-;0,000;-;-;-
31.08.2025 20:00;31.08.2025 20:15;99,250;0,000;-;-;-;-;-;-;0,000;-;0,000;-;-;-
31.08.2025 20:15;31.08.2025 20:30;99,250;0,000;-;-;-;-;-;-;0,000;-;0,000;-;-;-
31.08.2025 20:30;31.08.2025 20:45;99,250;0,000;-;-;-;-;-;-;0,000;-;0,000;-;-;-
31.08.2025 20:45;31.08.2025 21:00;99,250;0,000;-;-;-;-;-;-;0,000;-;0,000;-;-;-
31.08.2025 21:00;31.08.2025 21:15;100,750;0,000;-;-;-;-;-;-;0,000;-;0,000;-;-;-
31.08.2025 21:15;31.08.2025 21:30;100,750;0,000;-;-;-;-;-;-;0,000;-;0,000;-;-;-
31.08.2025 21:30;31.08.2025 21:45;100,750;0,000;-;-;-;-;-;-;0,000;-;0,000;-;-;-
31.08.2025 21:45;31.08.2025 22:00;100,750;0,000;-;-;-;-;-;-;0,000;-;0,000;-;-;-
31.08.2025 22:00;31.08.2025 22:15;102,000;0,000;-;-;-;-;-;-;0,000;-;0,000;-;-;-
31.08.2025 22:15;31.08.2025 22:30;102,000;0,000;-;-;-;-;-;-;0,000;-;0,000;-;-;-
31.08.2025 22:30;31.08.2025 22:45;102,000;0,000;-;-;-;-;-;-;0,000;-;0,000;-;-;-
31.08.2025 22:45;31.08.2025 23:00;102,000;0,000;-;-;-;-;-;-;0,000;-;0,000;-;-;-
31.08.2025 23:00;31.08.2025 23:15;101,750;0,000;-;-;-;-;-;-;0,000;-;0,000;-;-;-
31.08.2025 23:15;31.08.2025 23:30;101,750;0,000;-;-;-;-;-;-;0,000;-;0,000;-;-;-
31.08.2025 23:30;31.08.2025 23:45;101,750;0,000;-;-;-;-;-;-;0,000;-;0,000;-;-;-
31.08.2025 23:45;01.09.2025 00:00;101,750;0,000;-;-;-;-;-;-;0,000;-;0,000;-;-;-
01.09.2025 00:00;01.09.2025 00:15;90,000;0,000;-;-;-;-;-;-;0,000;-;0,000;-;-;-
01.09.2025 00:15;01.09.2025 00:30;90,000;0,000;-;-;-;-;-;-;0,000;-;0,000;-;-;-
01.09.2025 00:30;01.09.2025 00:45;90,000;0,000;-;-;-;-;-;-;0,000;-;0,000;-;-;-
01.09.2025 00:45;01.09.2025 01:00;90,000;0,000;-;-;-;-;-;-;0,000;-;0,000;-;-;-
01.09.2025 01:00;01.09.2025 01:15;89,750;0,000;-;-;-;-;-;-;0,000;-;0,000;-;-;-
01.09.2025 01:15;01.09.2025 01:30;89,750;0,000;-;-;-;-;-;-;0,000;-;0,000;-;-;-
01.09.2025 01:30;01.09.2025 01:45;89,750;0,000;-;-;-;-;-;-;0,000;-;0,000;-;-;-
01.09.2025 01:45;01.09.2025 02:00;89,750;0,000;-;-;-;-;-;-;0,000;-;0,000;-;-;-
01.09.2025 02:00;01.09.2025 02:15;89,500;0,000;-;-;-;-;-;-;0,000;-;0,000;-;-;-
01.09.2025 02:15;01.09.2025 02:30;89,500;0,000;-;-;-;-;-;-;0,000;-;0,000;-;-;-
01.09.2025 02:30;01.09.2025 02:45;89,500;0,000;-;-;-;-;-;-;0,000;-;0,000;-;-;-
01.09.2025 02:45;01.09.2025 03:00;89,500;0,000;-;-;-;-;-;-;0,000;-;0,000;-;-;-
01.09.2025 03:00;01.09.2025 03:15;65,500;0,000;-;-;-;-;-;-;0,000;-;0,000;-;-;-
01.09.2025 03:15;01.09.2025 03:30;65,500;0,000;-;-;-;-;-;-;0,000;-;0,000;-;-;-
01.09.2025 03:30;01.09.2025 03:45;65,500;0,000;-;-;-;-;-;-;0,000;-;0,000;-;-;-
01.09.2025 03:45;01.09.2025 04:00;65,500;0,000;-;-;-;-;-;-;0,000;-;0,000;-;-;-
01.09.2025 04:00;01.09.2025 04:15;89,250;0,000;-;-;-;-;-;-;0,000;-;0,000;-;-;-
01.09.2025 04:15;01.09.2025 04:30;89,250;0,000;-;-;-;-;-;-;0,000;-;0,000;-;-;-
01.09.2025 04:30;01.09.2025 04:45;89,250;0,000;-;-;-;-;-;-;0,000;-;0,000;-;-;-
01.09.2025 04:45;01.09.2025 05:00;89,250;0,000;-;-;-;-;-;-;0,000;-;0,000;-;-;-
01.09.2025 05:00;01.09.2025 05:15;103,750;0,000;-;-;-;-;-;-;0,000;-;0,000;-;-;-
01.09.2025 05:15;01.09.2025 05:30;103,750;0,000;-;-;-;-;-;-;0,000;-;0,000;-;-;-
01.09.2025 05:30;01.09.2025 05:45;103,750;0,000;-;-;-;-;-;-;0,000;-;0,000;-;-;-
01.09.2025 05:45;01.09.2025 06:00;103,750;0,000;-;-;-;-;-;-;0,000;-;0,000;-;-;-
01.09.2025 06:00;01.09.2025 06:15;104,250;0,000;-;-;-;-;-;-;0,000;-;0,000;-;-;-
01.09.2025 06:15;01.09.2025 06:30;104,250;0,000;-;-;-;-;-;-;0,000;-;0,000;-;-;-
01.09.2025 06:30;01.09.2025 06:45;104,250;0,000;-;-;-;-;-;-;0,000;-;0,000;-;-;-
01.09.2025 06:45;01.09.2025 07:00;104,250;0,000;-;-;-;-;-;-;0,000;-;0,000;-;-;-
01.09.2025 07:00;01.09.2025 07:15;104,750;0,000;-;-;-;-;-;-;0,000;-;0,000;-;-;-
01.09.2025 07:15;01.09.2025 07:30;104,750;0,000;-;-;-;-;-;-;0,000;-;0,000;-;-;-
01.09.2025 07:30;01.09.2025 07:45;104,750;0,000;-;-;-;-;-;-;0,000;-;0,000;-;-;-
01.09.2025 07:45;01.09.2025 08:00;104,750;0,000;-;-;-;-;-;-;0,000;-;0,000;-;-;-
01.09.2025 08:00;01.09.2025 08:15;104,000;0,000;-;-;-;-;-;-;0,000;-;0,000;-;-;-
01.09.2025 08:15;01.09.2025 08:30;104,000;0,000;-;-;-;-;-;-;0,000;-;0,000;-;-;-
01.09.2025 08:30;01.09.2025 08:45;104,000;0,000;-;-;-;-;-;-;0,000;-;0,000;-;-;-
01.09.2025 08:45;01.09.2025 09:00;104,000;0,000;-;-;-;-;-;-;0,000;-;0,000;-;-;-
01.09.2025 09:00;01.09.2025 09:15;104,000;0,000;-;-;-;-;-;-;0,000;-;0,000;-;-;-
01.09.2025 09:15;01.09.2025 09:30;104,000;0,000;-;-;-;-;-;-;0,000;-;0,000;-;-;-
01.09.2025 09:30;01.09.2025 09:45;104,000;0,000;-;-;-;-;-;-;0,000;-;0,000;-;-;-
01.09.2025 09:45;01.09.2025 10:00;104,000;0,000;-;-;-;-;-;-;0,000;-;0,000;-;-;-
01.09.2025 10:00;01.09.2025 10:15;69,500;0,000;-;-;-;-;-;-;0,000;-;0,000;-;-;-
01.09.2025 10:15;01.09.2025 10:30;69,500;0,000;-;-;-;-;-;-;0,000;-;0,000;-;-;-
01.09.2025 10:30;01.09.2025 10:45;69,500;0,000;-;-;-;-;-;-;0,000;-;0,000;-;-;-
01.09.2025 10:45;01.09.2025 11:00;69,500;0,000;-;-;-;-;-;-;0,000;-;0,000;-;-;-
01.09.2025 11:00;01.09.2025 11:15;0,000;1,500;-;-;-;-;-;-;0,000;-;0,000;-;-;-
01.09.2025 11:15;01.09.2025 11:30;0,000;1,500;-;-;-;-;-;-;0,000;-;0,000;-;-;-
01.09.2025 11:30;01.09.2025 11:45;0,000;1,500;-;-;-;-;-;-;0,000;-;0,000;-;-;-
01.09.2025 11:45;01.09.2025 12:00;0,000;1,500;-;-;-;-;-;-;0,000;-;0,000;-;-;-
01.09.2025 12:00;01.09.2025 12:15;0,000;0,250;-;-;-;-;-;-;0,000;-;0,000;-;-;-
01.09.2025 12:15;01.09.2025 12:30;0,000;0,250;-;-;-;-;-;-;0,000;-;0,000;-;-;-
01.09.2025 12:30;01.09.2025 12:45;0,000;0,250;-;-;-;-;-;-;0,000;-;0,000;-;-;-
01.09.2025 12:45;01.09.2025 13:00;0,000;0,250;-;-;-;-;-;-;0,000;-;0,000;-;-;-
01.09.2025 13:00;01.09.2025 13:15;0,000;6,000;-;-;-;-;-;-;0,000;-;0,000;-;-;-
01.09.2025 13:15;01.09.2025 13:30;0,000;6,000;-;-;-;-;-;-;0,000;-;0,000;-;-;-
01.09.2025 13:30;01.09.2025 13:45;0,000;6,000;-;-;-;-;-;-;0,000;-;0,000;-;-;-
01.09.2025 13:45;01.09.2025 14:00;0,000;6,000;-;-;-;-;-;-;0,000;-;0,000;-;-;-
01.09.2025 14:00;01.09.2025 14:15;0,000;0,000;-;-;-;-;-;-;0,000;-;0,000;-;-;-
01.09.2025 14:15;01.09.2025 14:30;0,000;0,000;-;-;-;-;-;-;0,000;-;0,000;-;-;-
01.09.2025 14:30;01.09.2025 14:45;0,000;0,000;-;-;-;-;-;-;0,000;-;0,000;-;-;-
01.09.2025 14:45;01.09.2025 15:00;0,000;0,000;-;-;-;-;-;-;0,000;-;0,000;-;-;-
01.09.2025 15:00;01.09.2025 15:15;0,000;0,000;-;-;-;-;-;-;0,000;-;0,000;-;-;-
01.09.2025 15:15;01.09.2025 15:30;0,000;0,000;-;-;-;-;-;-;0,000;-;0,000;-;-;-
01.09.2025 15:30;01.09.2025 15:45;0,000;0,000;-;-;-;-;-;-;0,000;-;0,000;-;-;-
01.09.2025 15:45;01.09.2025 16:00;0,000;0,000;-;-;-;-;-;-;0,000;-;0,000;-;-;-
01.09.2025 16:00;01.09.2025 16:15;11,750;0,000;-;-;-;-;-;-;0,000;-;0,000;-;-;-
01.09.2025 16:15;01.09.2025 16:30;11,750;0,000;-;-;-;-;-;-;0,000;-;0,000;-;-;-
01.09.2025 16:30;01.09.2025 16:45;11,750;0,000;-;-;-;-;-;-;0,000;-;0,000;-;-;-
01.09.2025 16:45;01.09.2025 17:00;11,750;0,000;-;-;-;-;-;-;0,000;-;0,000;-;-;-
01.09.2025 17:00;01.09.2025 17:15;93,500;0,000;-;-;-;-;-;-;0,000;-;0,000;-;-;-
01.09.2025 17:15;01.09.2025 17:30;93,500;0,000;-;-;-;-;-;-;0,000;-;0,000;-;-;-
01.09.2025 17:30;01.09.2025 17:45;93,500;0,000;-;-;-;-;-;-;0,000;-;0,000;-;-;-
01.09.2025 17:45;01.09.2025 18:00;93,500;0,000;-;-;-;-;-;-;0,000;-;0,000;-;-;-
01.09.2025 18:00;01.09.2025 18:15;101,000;0,000;-;-;-;-;-;-;0,000;-;0,000;-;-;-
01.09.2025 18:15;01.09.2025 18:30;101,000;0,000;-;-;-;-;-;-;0,000;-;0,000;-;-;-
01.09.2025 18:30;01.09.2025 18:45;101,000;0,000;-;-;-;-;-;-;0,000;-;0,000;-;-;-
01.09.2025 18:45;01.09.2025 19:00;101,000;0,000;-;-;-;-;-;-;0,000;-;0,000;-;-;-
01.09.2025 19:00;01.09.2025 19:15;102,000;0,000;-;-;-;-;-;-;0,000;-;0,000;-;-;-
01.09.2025 19:15;01.09.2025 19:30;102,000;0,000;-;-;-;-;-;-;0,000;-;0,000;-;-;-
01.09.2025 19:30;01.09.2025 19:45;102,000;0,000;-;-;-;-;-;-;0,000;-;0,000;-;-;-
01.09.2025 19:45;01.09.2025 20:00;102,000;0,000;-;-;-;-;-;-;0,000;-;0,000;-;-;-
01.09.2025 20:00;01.09.2025 20:15;103,000;0,000;-;-;-;-;-;-;0,000;-;0,000;-;-;-
01.09.2025 20:15;01.09.2025 20:30;103,000;0,000;-;-;-;-;-;-;0,000;-;0,000;-;-;-
01.09.2025 20:30;01.09.2025 20:45;103,000;0,000;-;-;-;-;-;-;0,000;-;0,000;-;-;-
01.09.2025 20:45;01.09.2025 21:00;103,000;0,000;-;-;-;-;-;-;0,000;-;0,000;-;-;-
01.09.2025 21:00;01.09.2025 21:15;103,750;0,000;-;-;-;-;-;-;0,000;-;0,000;-;-;-
01.09.2025 21:15;01.09.2025 21:30;103,750;0,000;-;-;-;-;-;-;0,000;-;0,000;-;-;-
01.09.2025 21:30;01.09.2025 21:45;103,750;0,000;-;-;-;-;-;-;0,000;-;0,000;-;-;-
01.09.2025 21:45;01.09.2025 22:00;103,750;0,000;-;-;-;-;-;-;0,000;-;0,000;-;-;-
01.09.2025 22:00;01.09.2025 22:15;104,250;0,000;-;-;-;-;-;-;0,000;-;0,000;-;-;-
01.09.2025 22:15;01.09.2025 22:30;104,250;0,000;-;-;-;-;-;-;0,000;-;0,000;-;-;-
01.09.2025 22:30;01.09.2025 22:45;104,250;0,000;-;-;-;-;-;-;0,000;-;0,000;-;-;-
01.09.2025 22:45;01.09.2025 23:00;104,250;0,000;-;-;-;-;-;-;0,000;-;0,000;-;-;-
01.09.2025 23:00;01.09.2025 23:15;103,750;0,000;-;-;-;-;-;-;0,000;-;0,000;-;-;-
01.09.2025 23:15;01.09.2025 23:30;103,750;0,000;-;-;-;-;-;-;0,000;-;0,000;-;-;-
01.09.2025 23:30;01.09.2025 23:45;103,750;0,000;-;-;-;-;-;-;0,000;-;0,000;-;-;-
01.09.2025 23:45;02.09.2025 00:00;103,750;0,000;-;-;-;-;-;-;0,000;-;0,000;-;-;-
02.09.2025 00:00;02.09.2025 00:15;98,750;0,000;-;-;-;-;-;-;0,000;-;0,000;-;-;-
02.09.2025 00:15;02.09.2025 00:30;98,750;0,000;-;-;-;-;-;-;0,000;-;0,000;-;-;-
02.09.2025 00:30;02.09.2025 00:45;98,750;0,000;-;-;-;-;-;-;0,000;-;0,000;-;-;-
02.09.2025 00:45;02.09.2025 01:00;98,750;0,000;-;-;-;-;-;-;0,000;-;0,000;-;-;-
02.09.2025 01:00;02.09.2025 01:15;104,500;0,000;-;-;-;-;-;-;0,000;-;0,000;-;-;-
02.09.2025 01:15;02.09.2025 01:30;104,500;0,000;-;-;-;-;-;-;0,000;-;0,000;-;-;-
02.09.2025 01:30;02.09.2025 01:45;104,500;0,000;-;-;-;-;-;-;0,000;-;0,000;-;-;-
02.09.2025 01:45;02.09.2025 02:00;104,500;0,000;-;-;-;-;-;-;0,000;-;0,000;-;-;-
02.09.2025 02:00;02.09.2025 02:15;105,250;0,000;-;-;-;-;-;-;0,000;-;0,000;-;-;-
02.09.2025 02:15;02.09.2025 02:30;105,250;0,000;-;-;-;-;-;-;0,000;-;0,000;-;-;-
02.09.2025 02:30;02.09.2025 02:45;105,250;0,000;-;-;-;-;-;-;0,000;-;0,000;-;-;-
02.09.2025 02:45;02.09.2025 03:00;105,250;0,000;-;-;-;-;-;-;0,000;-;0,000;-;-;-
02.09.2025 03:00;02.09.2025 03:15;106,000;0,000;-;-;-;-;-;-;0,000;-;0,000;-;-;-
02.09.2025 03:15;02.09.2025 03:30;106,000;0,000;-;-;-;-;-;-;0,000;-;0,000;-;-;-
02.09.2025 03:30;02.09.2025 03:45;106,000;0,000;-;-;-;-;-;-;0,000;-;0,000;-;-;-
02.09.2025 03:45;02.09.2025 04:00;106,000;0,000;-;-;-;-;-;-;0,000;-;0,000;-;-;-
02.09.2025 04:00;02.09.2025 04:15;106,250;0,000;-;-;-;-;-;-;0,000;-;0,000;-;-;-
02.09.2025 04:15;02.09.2025 04:30;106,250;0,000;-;-;-;-;-;-;0,000;-;0,000;-;-;-
02.09.2025 04:30;02.09.2025 04:45;106,250;0,000;-;-;-;-;-;-;0,000;-;0,000;-;-;-
02.09.2025 04:45;02.09.2025 05:00;106,250;0,000;-;-;-;-;-;-;0,000;-;0,000;-;-;-
02.09.2025 05:00;02.09.2025 05:15;106,250;0,000;-;-;-;-;-;-;0,000;-;0,000;-;-;-
02.09.2025 05:15;02.09.2025 05:30;106,250;0,000;-;-;-;-;-;-;0,000;-;0,000;-;-;-
02.09.2025 05:30;02.09.2025 05:45;106,250;0,000;-;-;-;-;-;-;0,000;-;0,000;-;-;-
02.09.2025 05:45;02.09.2025 06:00;106,250;0,000;-;-;-;-;-;-;0,000;-;0,000;-;-;-
02.09.2025 06:00;02.09.2025 06:15;106,250;1,750;-;-;-;-;-;-;0,000;-;0,000;-;-;-
02.09.2025 06:15;02.09.2025 06:30;106,250;1,750;-;-;-;-;-;-;0,000;-;0,000;-;-;-
02.09.2025 06:30;02.09.2025 06:45;106,250;1,750;-;-;-;-;-;-;0,000;-;0,000;-;-;-
02.09.2025 06:45;02.09.2025 07:00;106,250;1,750;-;-;-;-;-;-;0,000;-;0,000;-;-;-
02.09.2025 07:00;02.09.2025 07:15;106,250;4,750;-;-;-;-;-;-;0,000;-;0,000;-;-;-
02.09.2025 07:15;02.09.2025 07:30;106,250;4,750;-;-;-;-;-;-;0,000;-;0,000;-;-;-
02.09.2025 07:30;02.09.2025 07:45;106,250;4,750;-;-;-;-;-;-;0,000;-;0,000;-;-;-
02.09.2025 07:45;02.09.2025 08:00;106,250;4,750;-;-;-;-;-;-;0,000;-;0,000;-;-;-
02.09.2025 08:00;02.09.2025 08:15;105,750;1,250;-;-;-;-;-;-;0,000;-;0,000;-;-;-
02.09.2025 08:15;02.09.2025 08:30;105,750;1,250;-;-;-;-;-;-;0,000;-;0,000;-;-;-
02.09.2025 08:30;02.09.2025 08:45;105,750;1,250;-;-;-;-;-;-;0,000;-;0,000;-;-;-
02.09.2025 08:45;02.09.2025 09:00;105,750;1,250;-;-;-;-;-;-;0,000;-;0,000;-;-;-
02.09.2025 09:00;02.09.2025 09:15;101,250;0,000;-;-;-;-;-;-;0,000;-;0,000;-;-;-
02.09.2025 09:15;02.09.2025 09:30;101,250;0,000;-;-;-;-;-;-;0,000;-;0,000;-;-;-
02.09.2025 09:30;02.09.2025 09:45;101,250;0,000;-;-;-;-;-;-;0,000;-;0,000;-;-;-
02.09.2025 09:45;02.09.2025 10:00;101,250;0,000;-;-;-;-;-;-;0,000;-;0,000;-;-;-
02.09.2025 10:00;02.09.2025 10:15;91,000;0,000;-;-;-;-;-;-;0,000;-;0,000;-;-;-
02.09.2025 10:15;02.09.2025 10:30;91,000;0,000;-;-;-;-;-;-;0,000;-;0,000;-;-;-
02.09.2025 10:30;02.09.2025 10:45;91,000;0,000;-;-;-;-;-;-;0,000;-;0,000;-;-;-
02.09.2025 10:45;02.09.2025 11:00;91,000;0,000;-;-;-;-;-;-;0,000;-;0,000;-;-;-
02.09.2025 11:00;02.09.2025 11:15;69,000;0,000;-;-;-;-;-;-;0,000;-;0,000;-;-;-
02.09.2025 11:15;02.09.2025 11:30;69,000;0,000;-;-;-;-;-;-;0,000;-;0,000;-;-;-
02.09.2025 11:30;02.09.2025 11:45;69,000;0,000;-;-;-;-;-;-;0,000;-;0,000;-;-;-
02.09.2025 11:45;02.09.2025 12:00;69,000;0,000;-;-;-;-;-;-;0,000;-;0,000;-;-;-
02.09.2025 12:00;02.09.2025 12:15;57,000;0,000;-;-;-;-;-;-;0,000;-;0,000;-;-;-
02.09.2025 12:15;02.09.2025 12:30;57,000;0,000;-;-;-;-;-;-;0,000;-;0,000;-;-;-
02.09.2025 12:30;02.09.2025 12:45;57,000;0,000;-;-;-;-;-;-;0,000;-;0,000;-;-;-
02.09.2025 12:45;02.09.2025 13:00;57,000;0,000;-;-;-;-;-;-;0,000;-;0,000;-;-;-
02.09.2025 13:00;02.09.2025 13:15;56,000;0,000;-;-;-;-;-;-;0,000;-;0,000;-;-;-
02.09.2025 13:15;02.09.2025 13:30;56,000;0,000;-;-;-;-;-;-;0,000;-;0,000;-;-;-
02.09.2025 13:30;02.09.2025 13:45;56,000;0,000;-;-;-;-;-;-;0,000;-;0,000;-;-;-
02.09.2025 13:45;02.09.2025 14:00;56,000;0,000;-;-;-;-;-;-;0,000;-;0,000;-;-;-
02.09.2025 14:00;02.09.2025 14:15;56,750;0,000;-;-;-;-;-;-;0,000;-;0,000;-;-;-
02.09.2025 14:15;02.09.2025 14:30;56,750;0,000;-;-;-;-;-;-;0,000;-;0,000;-;-;-
02.09.2025 14:30;02.09.2025 14:45;56,750;0,000;-;-;-;-;-;-;0,000;-;0,000;-;-;-
02.09.2025 14:45;02.09.2025 15:00;56,750;0,000;-;-;-;-;-;-;0,000;-;0,000;-;-;-
02.09.2025 15:00;02.09.2025 15:15;57,000;0,000;-;-;-;-;-;-;0,000;-;0,000;-;-;-
02.09.2025 15:15;02.09.2025 15:30;57,000;0,000;-;-;-;-;-;-;0,000;-;0,000;-;-;-
02.09.2025 15:30;02.09.2025 15:45;57,000;0,000;-;-;-;-;-;-;0,000;-;0,000;-;-;-
02.09.2025 15:45;02.09.2025 16:00;57,000;0,000;-;-;-;-;-;-;0,000;-;0,000;-;-;-
02.09.2025 16:00;02.09.2025 16:15;80,750;0,000;-;-;-;-;-;-;0,000;-;0,000;-;-;-
02.09.2025 16:15;02.09.2025 16:30;80,750;0,000;-;-;-;-;-;-;0,000;-;0,000;-;-;-
02.09.2025 16:30;02.09.2025 16:45;80,750;0,000;-;-;-;-;-;-;0,000;-;0,000;-;-;-
02.09.2025 16:45;02.09.2025 17:00;80,750;0,000;-;-;-;-;-;-;0,000;-;0,000;-;-;-
02.09.2025 17:00;02.09.2025 17:15;86,000;0,000;-;-;-;-;-;-;0,000;-;0,000;-;-;-
02.09.2025 17:15;02.09.2025 17:30;86,000;0,000;-;-;-;-;-;-;0,000;-;0,000;-;-;-
02.09.2025 17:30;02.09.2025 17:45;86,000;0,000;-;-;-;-;-;-;0,000;-;0,000;-;-;-
02.09.2025 17:45;02.09.2025 18:00;86,000;0,000;-;-;-;-;-;-;0,000;-;0,000;-;-;-
02.09.2025 18:00;02.09.2025 18:15;101,000;1,000;-;-;-;-;-;-;0,000;-;0,000;-;-;-
02.09.2025 18:15;02.09.2025 18:30;101,000;1,000;-;-;-;-;-;-;0,000;-;0,000;-;-;-
02.09.2025 18:30;02.09.2025 18:45;101,000;1,000;-;-;-;-;-;-;0,000;-;0,000;-;-;-
02.09.2025 18:45;02.09.2025 19:00;101,000;1,000;-;-;-;-;-;-;0,000;-;0,000;-;-;-
02.09.2025 19:00;02.09.2025 19:15;101,500;2,250;-;-;-;-;-;-;0,000;-;0,000;-;-;-
02.09.2025 19:15;02.09.2025 19:30;101,500;2,250;-;-;-;-;-;-;0,000;-;0,000;-;-;-
02.09.2025 19:30;02.09.2025 19:45;101,500;2,250;-;-;-;-;-;-;0,000;-;0,000;-;-;-
02.09.2025 19:45;02.09.2025 20:00;101,500;2,250;-;-;-;-;-;-;0,000;-;0,000;-;-;-
02.09.2025 20:00;02.09.2025 20:15;102,750;2,250;-;-;-;-;-;-;0,000;-;0,000;-;-;-
02.09.2025 20:15;02.09.2025 20:30;102,750;2,250;-;-;-;-;-;-;0,000;-;0,000;-;-;-
02.09.2025 20:30;02.09.2025 20:45;102,750;2,250;-;-;-;-;-;-;0,000;-;0,000;-;-;-
02.09.2025 20:45;02.09.2025 21:00;102,750;2,250;-;-;-;-;-;-;0,000;-;0,000;-;-;-
02.09.2025 21:00;02.09.2025 21:15;101,500;0,500;-;-;-;-;-;-;0,000;-;0,000;-;-;-
02.09.2025 21:15;02.09.2025 21:30;101,500;0,500;-;-;-;-;-;-;0,000;-;0,000;-;-;-
02.09.2025 21:30;02.09.2025 21:45;101,500;0,500;-;-;-;-;-;-;0,000;-;0,000;-;-;-
02.09.2025 21:45;02.09.2025 22:00;101,500;0,500;-;-;-;-;-;-;0,000;-;0,000;-;-;-
02.09.2025 22:00;02.09.2025 22:15;104,000;0,000;-;-;-;-;-;-;0,000;-;0,000;-;-;-
02.09.2025 22:15;02.09.2025 22:30;104,000;0,000;-;-;-;-;-;-;0,000;-;0,000;-;-;-
02.09.2025 22:30;02.09.2025 22:45;104,000;0,000;-;-;-;-;-;-;0,000;-;0,000;-;-;-
02.09.2025 22:45;02.09.2025 23:00;104,000;0,000;-;-;-;-;-;-;0,000;-;0,000;-;-;-
02.09.2025 23:00;02.09.2025 23:15;97,000;0,000;-;-;-;-;-;-;0,000;-;0,000;-;-;-
02.09.2025 23:15;02.09.2025 23:30;97,000;0,000;-;-;-;-;-;-;0,000;-;0,000;-;-;-
02.09.2025 23:30;02.09.2025 23:45;97,000;0,000;-;-;-;-;-;-;0,000;-;0,000;-;-;-
02.09.2025 23:45;03.09.2025 00:00;97,000;0,000;-;-;-;-;-;-;0,000;-;0,000;-;-;-
03.09.2025 00:00;03.09.2025 00:15;1,750;0,000;-;-;-;-;-;-;0,000;-;0,000;-;-;-
03.09.2025 00:15;03.09.2025 00:30;1,750;0,000;-;-;-;-;-;-;0,000;-;0,000;-;-;-
03.09.2025 00:30;03.09.2025 00:45;1,750;0,000;-;-;-;-;-;-;0,000;-;0,000;-;-;-
03.09.2025 00:45;03.09.2025 01:00;1,750;0,000;-;-;-;-;-;-;0,000;-;0,000;-;-;-
03.09.2025 01:00;03.09.2025 01:15;0,000;0,500;-;-;-;-;-;-;0,000;-;0,000;-;-;-
03.09.2025 01:15;03.09.2025 01:30;0,000;0,500;-;-;-;-;-;-;0,000;-;0,000;-;-;-
03.09.2025 01:30;03.09.2025 01:45;0,000;0,500;-;-;-;-;-;-;0,000;-;0,000;-;-;-
03.09.2025 01:45;03.09.2025 02:00;0,000;0,500;-;-;-;-;-;-;0,000;-;0,000;-;-;-
03.09.2025 02:00;03.09.2025 02:15;0,000;0,000;-;-;-;-;-;-;0,000;-;0,000;-;-;-
03.09.2025 02:15;03.09.2025 02:30;0,000;0,000;-;-;-;-;-;-;0,000;-;0,000;-;-;-
03.09.2025 02:30;03.09.2025 02:45;0,000;0,000;-;-;-;-;-;-;0,000;-;0,000;-;-;-
03.09.2025 02:45;03.09.2025 03:00;0,000;0,000;-;-;-;-;-;-;0,000;-;0,000;-;-;-
03.09.2025 03:00;03.09.2025 03:15;0,000;0,000;-;-;-;-;-;-;0,000;-;0,000;-;-;-
03.09.2025 03:15;03.09.2025 03:30;0,000;0,000;-;-;-;-;-;-;0,000;-;0,000;-;-;-
03.09.2025 03:30;03.09.2025 03:45;0,000;0,000;-;-;-;-;-;-;0,000;-;0,000;-;-;-
03.09.2025 03:45;03.09.2025 04:00;0,000;0,000;-;-;-;-;-;-;0,000;-;0,000;-;-;-
03.09.2025 04:00;03.09.2025 04:15;0,000;0,000;-;-;-;-;-;-;0,000;-;0,000;-;-;-
03.09.2025 04:15;03.09.2025 04:30;0,000;0,000;-;-;-;-;-;-;0,000;-;0,000;-;-;-
03.09.2025 04:30;03.09.2025 04:45;0,000;0,000;-;-;-;-;-;-;0,000;-;0,000;-;-;-
03.09.2025 04:45;03.09.2025 05:00;0,000;0,000;-;-;-;-;-;-;0,000;-;0,000;-;-;-
03.09.2025 05:00;03.09.2025 05:15;0,000;0,000;-;-;-;-;-;-;0,000;-;0,000;-;-;-
03.09.2025 05:15;03.09.2025 05:30;0,000;0,000;-;-;-;-;-;-;0,000;-;0,000;-;-;-
03.09.2025 05:30;03.09.2025 05:45;0,000;0,000;-;-;-;-;-;-;0,000;-;0,000;-;-;-
03.09.2025 05:45;03.09.2025 06:00;0,000;0,000;-;-;-;-;-;-;0,000;-;0,000;-;-;-
03.09.2025 06:00;03.09.2025 06:15;0,000;1,250;-;-;-;-;-;-;0,000;-;0,000;-;-;-
03.09.2025 06:15;03.09.2025 06:30;0,000;1,250;-;-;-;-;-;-;0,000;-;0,000;-;-;-
03.09.2025 06:30;03.09.2025 06:45;0,000;1,250;-;-;-;-;-;-;0,000;-;0,000;-;-;-
03.09.2025 06:45;03.09.2025 07:00;0,000;1,250;-;-;-;-;-;-;0,000;-;0,000;-;-;-
03.09.2025 07:00;03.09.2025 07:15;0,000;0,500;-;-;-;-;-;-;0,000;-;0,000;-;-;-
03.09.2025 07:15;03.09.2025 07:30;0,000;0,500;-;-;-;-;-;-;0,000;-;0,000;-;-;-
03.09.2025 07:30;03.09.2025 07:45;0,000;0,500;-;-;-;-;-;-;0,000;-;0,000;-;-;-
03.09.2025 07:45;03.09.2025 08:00;0,000;0,500;-;-;-;-;-;-;0,000;-;0,000;-;-;-
03.09.2025 08:00;03.09.2025 08:15;0,000;0,000;-;-;-;-;-;-;0,000;-;0,000;-;-;-
03.09.2025 08:15;03.09.2025 08:30;0,000;0,000;-;-;-;-;-;-;0,000;-;0,000;-;-;-
03.09.2025 08:30;03.09.2025 08:45;0,000;0,000;-;-;-;-;-;-;0,000;-;0,000;-;-;-
03.09.2025 08:45;03.09.2025 09:00;0,000;0,000;-;-;-;-;-;-;0,000;-;0,000;-;-;-
03.09.2025 09:00;03.09.2025 09:15;0,000;0,000;-;-;-;-;-;-;0,000;-;0,000;-;-;-
03.09.2025 09:15;03.09.2025 09:30;0,000;0,000;-;-;-;-;-;-;0,000;-;0,000;-;-;-
03.09.2025 09:30;03.09.2025 09:45;0,000;0,000;-;-;-;-;-;-;0,000;-;0,000;-;-;-
03.09.2025 09:45;03.09.2025 10:00;0,000;0,000;-;-;-;-;-;-;0,000;-;0,000;-;-;-
03.09.2025 10:00;03.09.2025 10:15;0,000;0,000;-;-;-;-;-;-;0,000;-;0,000;-;-;-
03.09.2025 10:15;03.09.2025 10:30;0,000;0,000;-;-;-;-;-;-;0,000;-;0,000;-;-;-
03.09.2025 10:30;03.09.2025 10:45;0,000;0,000;-;-;-;-;-;-;0,000;-;0,000;-;-;-
03.09.2025 10:45;03.09.2025 11:00;0,000;0,000;-;-;-;-;-;-;0,000;-;0,000;-;-;-
03.09.2025 11:00;03.09.2025 11:15;0,000;0,000;-;-;-;-;-;-;0,000;-;0,000;-;-;-
03.09.2025 11:15;03.09.2025 11:30;0,000;0,000;-;-;-;-;-;-;0,000;-;0,000;-;-;-
03.09.2025 11:30;03.09.2025 11:45;0,000;0,000;-;-;-;-;-;-;0,000;-;0,000;-;-;-
03.09.2025 11:45;03.09.2025 12:00;0,000;0,000;-;-;-;-;-;-;0,000;-;0,000;-;-;-
03.09.2025 12:00;03.09.2025 12:15;0,000;0,000;-;-;-;-;-;-;0,000;-;0,000;-;-;-
03.09.2025 12:15;03.09.2025 12:30;0,000;0,000;-;-;-;-;-;-;0,000;-;0,000;-;-;-
03.09.2025 12:30;03.09.2025 12:45;0,000;0,000;-;-;-;-;-;-;0,000;-;0,000;-;-;-
03.09.2025 12:45;03.09.2025 13:00;0,000;0,000;-;-;-;-;-;-;0,000;-;0,000;-;-;-
03.09.2025 13:00;03.09.2025 13:15;0,000;0,000;-;-;-;-;-;-;0,000;-;0,000;-;-;-
03.09.2025 13:15;03.09.2025 13:30;0,000;0,000;-;-;-;-;-;-;0,000;-;0,000;-;-;-
03.09.2025 13:30;03.09.2025 13:45;0,000;0,000;-;-;-;-;-;-;0,000;-;0,000;-;-;-
03.09.2025 13:45;03.09.2025 14:00;0,000;0,000;-;-;-;-;-;-;0,000;-;0,000;-;-;-
03.09.2025 14:00;03.09.2025 14:15;0,000;0,000;-;-;-;-;-;-;0,000;-;0,000;-;-;-
03.09.2025 14:15;03.09.2025 14:30;0,000;0,000;-;-;-;-;-;-;0,000;-;0,000;-;-;-
03.09.2025 14:30;03.09.2025 14:45;0,000;0,000;-;-;-;-;-;-;0,000;-;0,000;-;-;-
03.09.2025 14:45;03.09.2025 15:00;0,000;0,000;-;-;-;-;-;-;0,000;-;0,000;-;-;-
03.09.2025 15:00;03.09.2025 15:15;0,000;0,000;-;-;-;-;-;-;0,000;-;0,000;-;-;-
03.09.2025 15:15;03.09.2025 15:30;0,000;0,000;-;-;-;-;-;-;0,000;-;0,000;-;-;-
03.09.2025 15:30;03.09.2025 15:45;0,000;0,000;-;-;-;-;-;-;0,000;-;0,000;-;-;-
03.09.2025 15:45;03.09.2025 16:00;0,000;0,000;-;-;-;-;-;-;0,000;-;0,000;-;-;-
03.09.2025 16:00;03.09.2025 16:15;0,000;0,000;-;-;-;-;-;-;0,000;-;0,000;-;-;-
03.09.2025 16:15;03.09.2025 16:30;0,000;0,000;-;-;-;-;-;-;0,000;-;0,000;-;-;-
03.09.2025 16:30;03.09.2025 16:45;0,000;0,000;-;-;-;-;-;-;0,000;-;0,000;-;-;-
03.09.2025 16:45;03.09.2025 17:00;0,000;0,000;-;-;-;-;-;-;0,000;-;0,000;-;-;-
03.09.2025 17:00;03.09.2025 17:15;0,000;0,000;-;-;-;-;-;-;0,000;-;0,000;-;-;-
03.09.2025 17:15;03.09.2025 17:30;0,000;0,000;-;-;-;-;-;-;0,000;-;0,000;-;-;-
03.09.2025 17:30;03.09.2025 17:45;0,000;0,000;-;-;-;-;-;-;0,000;-;0,000;-;-;-
03.09.2025 17:45;03.09.2025 18:00;0,000;0,000;-;-;-;-;-;-;0,000;-;0,000;-;-;-
03.09.2025 18:00;03.09.2025 18:15;0,000;0,000;-;-;-;-;-;-;0,000;-;0,000;-;-;-
03.09.2025 18:15;03.09.2025 18:30;0,000;0,000;-;-;-;-;-;-;0,000;-;0,000;-;-;-
03.09.2025 18:30;03.09.2025 18:45;0,000;0,000;-;-;-;-;-;-;0,000;-;0,000;-;-;-
03.09.2025 18:45;03.09.2025 19:00;0,000;0,000;-;-;-;-;-;-;0,000;-;0,000;-;-;-
03.09.2025 19:00;03.09.2025 19:15;0,000;0,000;-;-;-;-;-;-;0,000;-;0,000;-;-;-
03.09.2025 19:15;03.09.2025 19:30;0,000;0,000;-;-;-;-;-;-;0,000;-;0,000;-;-;-
03.09.2025 19:30;03.09.2025 19:45;0,000;0,000;-;-;-;-;-;-;0,000;-;0,000;-;-;-
03.09.2025 19:45;03.09.2025 20:00;0,000;0,000;-;-;-;-;-;-;0,000;-;0,000;-;-;-
03.09.2025 20:00;03.09.2025 20:15;0,000;0,500;-;-;-;-;-;-;0,000;-;0,000;-;-;-
03.09.2025 20:15;03.09.2025 20:30;0,000;0,500;-;-;-;-;-;-;0,000;-;0,000;-;-;-
03.09.2025 20:30;03.09.2025 20:45;0,000;0,500;-;-;-;-;-;-;0,000;-;0,000;-;-;-
03.09.2025 20:45;03.09.2025 21:00;0,000;0,500;-;-;-;-;-;-;0,000;-;0,000;-;-;-
03.09.2025 21:00;03.09.2025 21:15;0,000;0,000;-;-;-;-;-;-;0,000;-;0,000;-;-;-
03.09.2025 21:15;03.09.2025 21:30;0,000;0,000;-;-;-;-;-;-;0,000;-;0,000;-;-;-
03.09.2025 21:30;03.09.2025 21:45;0,000;0,000;-;-;-;-;-;-;0,000;-;0,000;-;-;-
03.09.2025 21:45;03.09.2025 22:00;0,000;0,000;-;-;-;-;-;-;0,000;-;0,000;-;-;-
03.09.2025 22:00;03.09.2025 22:15;0,000;0,000;-;-;-;-;-;-;0,000;-;0,000;-;-;-
03.09.2025 22:15;03.09.2025 22:30;0,000;0,000;-;-;-;-;-;-;0,000;-;0,000;-;-;-
03.09.2025 22:30;03.09.2025 22:45;0,000;0,000;-;-;-;-;-;-;0,000;-;0,000;-;-;-
03.09.2025 22:45;03.09.2025 23:00;0,000;0,000;-;-;-;-;-;-;0,000;-;0,000;-;-;-
03.09.2025 23:00;03.09.2025 23:15;-;-;-;-;-;-;-;-;-;-;-;-;-;-
03.09.2025 23:15;03.09.2025 23:30;-;-;-;-;-;-;-;-;-;-;-;-;-;-
03.09.2025 23:30;03.09.2025 23:45;-;-;-;-;-;-;-;-;-;-;-;-;-;-
03.09.2025 23:45;04.09.2025 00:00;-;-;-;-;-;-;-;-;-;-;-;-;-;-
04.09.2025 00:00;04.09.2025 00:15;-;-;-;-;-;-;-;-;-;-;-;-;-;-
04.09.2025 00:15;04.09.2025 00:30;-;-;-;-;-;-;-;-;-;-;-;-;-;-
04.09.2025 00:30;04.09.2025 00:45;-;-;-;-;-;-;-;-;-;-;-;-;-;-
04.09.2025 00:45;04.09.2025 01:00;-;-;-;-;-;-;-;-;-;-;-;-;-;-
04.09.2025 01:00;04.09.2025 01:15;-;-;-;-;-;-;-;-;-;-;-;-;-;-
04.09.2025 01:15;04.09.2025 01:30;-;-;-;-;-;-;-;-;-;-;-;-;-;-
04.09.2025 01:30;04.09.2025 01:45;-;-;-;-;-;-;-;-;-;-;-;-;-;-
04.09.2025 01:45;04.09.2025 02:00;-;-;-;-;-;-;-;-;-;-;-;-;-;-
04.09.2025 02:00;04.09.2025 02:15;-;-;-;-;-;-;-;-;-;-;-;-;-;-
04.09.2025 02:15;04.09.2025 02:30;-;-;-;-;-;-;-;-;-;-;-;-;-;-
04.09.2025 02:30;04.09.2025 02:45;-;-;-;-;-;-;-;-;-;-;-;-;-;-
04.09.2025 02:45;04.09.2025 03:00;-;-;-;-;-;-;-;-;-;-;-;-;-;-
04.09.2025 03:00;04.09.2025 03:15;-;-;-;-;-;-;-;-;-;-;-;-;-;-
04.09.2025 03:15;04.09.2025 03:30;-;-;-;-;-;-;-;-;-;-;-;-;-;-
04.09.2025 03:30;04.09.2025 03:45;-;-;-;-;-;-;-;-;-;-;-;-;-;-
04.09.2025 03:45;04.09.2025 04:00;-;-;-;-;-;-;-;-;-;-;-;-;-;-
04.09.2025 04:00;04.09.2025 04:15;-;-;-;-;-;-;-;-;-;-;-;-;-;-
04.09.2025 04:15;04.09.2025 04:30;-;-;-;-;-;-;-;-;-;-;-;-;-;-
04.09.2025 04:30;04.09.2025 04:45;-;-;-;-;-;-;-;-;-;-;-;-;-;-
04.09.2025 04:45;04.09.2025 05:00;-;-;-;-;-;-;-;-;-;-;-;-;-;-
04.09.2025 05:00;04.09.2025 05:15;-;-;-;-;-;-;-;-;-;-;-;-;-;-
04.09.2025 05:15;04.09.2025 05:30;-;-;-;-;-;-;-;-;-;-;-;-;-;-
04.09.2025 05:30;04.09.2025 05:45;-;-;-;-;-;-;-;-;-;-;-;-;-;-
04.09.2025 05:45;04.09.2025 06:00;-;-;-;-;-;-;-;-;-;-;-;-;-;-
04.09.2025 06:00;04.09.2025 06:15;-;-;-;-;-;-;-;-;-;-;-;-;-;-
04.09.2025 06:15;04.09.2025 06:30;-;-;-;-;-;-;-;-;-;-;-;-;-;-
04.09.2025 06:30;04.09.2025 06:45;-;-;-;-;-;-;-;-;-;-;-;-;-;-
04.09.2025 06:45;04.09.2025 07:00;-;-;-;-;-;-;-;-;-;-;-;-;-;-
04.09.2025 07:00;04.09.2025 07:15;-;-;-;-;-;-;-;-;-;-;-;-;-;-
04.09.2025 07:15;04.09.2025 07:30;-;-;-;-;-;-;-;-;-;-;-;-;-;-
04.09.2025 07:30;04.09.2025 07:45;-;-;-;-;-;-;-;-;-;-;-;-;-;-
04.09.2025 07:45;04.09.2025 08:00;-;-;-;-;-;-;-;-;-;-;-;-;-;-
04.09.2025 08:00;04.09.2025 08:15;-;-;-;-;-;-;-;-;-;-;-;-;-;-
04.09.2025 08:15;04.09.2025 08:30;-;-;-;-;-;-;-;-;-;-;-;-;-;-
04.09.2025 08:30;04.09.2025 08:45;-;-;-;-;-;-;-;-;-;-;-;-;-;-
04.09.2025 08:45;04.09.2025 09:00;-;-;-;-;-;-;-;-;-;-;-;-;-;-
04.09.2025 09:00;04.09.2025 09:15;-;-;-;-;-;-;-;-;-;-;-;-;-;-
04.09.2025 09:15;04.09.2025 09:30;-;-;-;-;-;-;-;-;-;-;-;-;-;-
04.09.2025 09:30;04.09.2025 09:45;-;-;-;-;-;-;-;-;-;-;-;-;-;-
04.09.2025 09:45;04.09.2025 10:00;-;-;-;-;-;-;-;-;-;-;-;-;-;-
04.09.2025 10:00;04.09.2025 10:15;-;-;-;-;-;-;-;-;-;-;-;-;-;-
04.09.2025 10:15;04.09.2025 10:30;-;-;-;-;-;-;-;-;-;-;-;-;-;-
04.09.2025 10:30;04.09.2025 10:45;-;-;-;-;-;-;-;-;-;-;-;-;-;-
04.09.2025 10:45;04.09.2025 11:00;-;-;-;-;-;-;-;-;-;-;-;-;-;-
04.09.2025 11:00;04.09.2025 11:15;-;-;-;-;-;-;-;-;-;-;-;-;-;-
04.09.2025 11:15;04.09.2025 11:30;-;-;-;-;-;-;-;-;-;-;-;-;-;-
04.09.2025 11:30;04.09.2025 11:45;-;-;-;-;-;-;-;-;-;-;-;-;-;-
04.09.2025 11:45;04.09.2025 12:00;-;-;-;-;-;-;-;-;-;-;-;-;-;-
04.09.2025 12:00;04.09.2025 12:15;-;-;-;-;-;-;-;-;-;-;-;-;-;-
04.09.2025 12:15;04.09.2025 12:30;-;-;-;-;-;-;-;-;-;-;-;-;-;-
04.09.2025 12:30;04.09.2025 12:45;-;-;-;-;-;-;-;-;-;-;-;-;-;-
04.09.2025 12:45;04.09.2025 13:00;-;-;-;-;-;-;-;-;-;-;-;-;-;-
04.09.2025 13:00;04.09.2025 13:15;-;-;-;-;-;-;-;-;-;-;-;-;-;-
04.09.2025 13:15;04.09.2025 13:30;-;-;-;-;-;-;-;-;-;-;-;-;-;-
04.09.2025 13:30;04.09.2025 13:45;-;-;-;-;-;-;-;-;-;-;-;-;-;-
04.09.2025 13:45;04.09.2025 14:00;-;-;-;-;-;-;-;-;-;-;-;-;-;-
04.09.2025 14:00;04.09.2025 14:15;-;-;-;-;-;-;-;-;-;-;-;-;-;-
04.09.2025 14:15;04.09.2025 14:30;-;-;-;-;-;-;-;-;-;-;-;-;-;-
04.09.2025 14:30;04.09.2025 14:45;-;-;-;-;-;-;-;-;-;-;-;-;-;-
04.09.2025 14:45;04.09.2025 15:00;-;-;-;-;-;-;-;-;-;-;-;-;-;-
04.09.2025 15:00;04.09.2025 15:15;-;-;-;-;-;-;-;-;-;-;-;-;-;-
04.09.2025 15:15;04.09.2025 15:30;-;-;-;-;-;-;-;-;-;-;-;-;-;-
04.09.2025 15:30;04.09.2025 15:45;-;-;-;-;-;-;-;-;-;-;-;-;-;-
04.09.2025 15:45;04.09.2025 16:00;-;-;-;-;-;-;-;-;-;-;-;-;-;-
04.09.2025 16:00;04.09.2025 16:15;-;-;-;-;-;-;-;-;-;-;-;-;-;-
04.09.2025 16:15;04.09.2025 16:30;-;-;-;-;-;-;-;-;-;-;-;-;-;-
04.09.2025 16:30;04.09.2025 16:45;-;-;-;-;-;-;-;-;-;-;-;-;-;-
04.09.2025 16:45;04.09.2025 17:00;-;-;-;-;-;-;-;-;-;-;-;-;-;-
04.09.2025 17:00;04.09.2025 17:15;-;-;-;-;-;-;-;-;-;-;-;-;-;-
04.09.2025 17:15;04.09.2025 17:30;-;-;-;-;-;-;-;-;-;-;-;-;-;-
04.09.2025 17:30;04.09.2025 17:45;-;-;-;-;-;-;-;-;-;-;-;-;-;-
04.09.2025 17:45;04.09.2025 18:00;-;-;-;-;-;-;-;-;-;-;-;-;-;-
04.09.2025 18:00;04.09.2025 18:15;-;-;-;-;-;-;-;-;-;-;-;-;-;-
04.09.2025 18:15;04.09.2025 18:30;-;-;-;-;-;-;-;-;-;-;-;-;-;-
04.09.2025 18:30;04.09.2025 18:45;-;-;-;-;-;-;-;-;-;-;-;-;-;-
04.09.2025 18:45;04.09.2025 19:00;-;-;-;-;-;-;-;-;-;-;-;-;-;-
04.09.2025 19:00;04.09.2025 19:15;-;-;-;-;-;-;-;-;-;-;-;-;-;-
04.09.2025 19:15;04.09.2025 19:30;-;-;-;-;-;-;-;-;-;-;-;-;-;-
04.09.2025 19:30;04.09.2025 19:45;-;-;-;-;-;-;-;-;-;-;-;-;-;-
04.09.2025 19:45;04.09.2025 20:00;-;-;-;-;-;-;-;-;-;-;-;-;-;-
04.09.2025 20:00;04.09.2025 20:15;-;-;-;-;-;-;-;-;-;-;-;-;-;-
04.09.2025 20:15;04.09.2025 20:30;-;-;-;-;-;-;-;-;-;-;-;-;-;-
04.09.2025 20:30;04.09.2025 20:45;-;-;-;-;-;-;-;-;-;-;-;-;-;-
04.09.2025 20:45;04.09.2025 21:00;-;-;-;-;-;-;-;-;-;-;-;-;-;-
04.09.2025 21:00;04.09.2025 21:15;-;-;-;-;-;-;-;-;-;-;-;-;-;-
04.09.2025 21:15;04.09.2025 21:30;-;-;-;-;-;-;-;-;-;-;-;-;-;-
04.09.2025 21:30;04.09.2025 21:45;-;-;-;-;-;-;-;-;-;-;-;-;-;-
04.09.2025 21:45;04.09.2025 22:00;-;-;-;-;-;-;-;-;-;-;-;-;-;-
04.09.2025 22:00;04.09.2025 22:15;-;-;-;-;-;-;-;-;-;-;-;-;-;-
04.09.2025 22:15;04.09.2025 22:30;-;-;-;-;-;-;-;-;-;-;-;-;-;-
04.09.2025 22:30;04.09.2025 22:45;-;-;-;-;-;-;-;-;-;-;-;-;-;-
04.09.2025 22:45;04.09.2025 23:00;-;-;-;-;-;-;-;-;-;-;-;-;-;-
04.09.2025 23:00;04.09.2025 23:15;-;-;-;-;-;-;-;-;-;-;-;-;-;-
04.09.2025 23:15;04.09.2025 23:30;-;-;-;-;-;-;-;-;-;-;-;-;-;-
04.09.2025 23:30;04.09.2025 23:45;-;-;-;-;-;-;-;-;-;-;-;-;-;-
04.09.2025 23:45;05.09.2025 00:00;-;-;-;-;-;-;-;-;-;-;-;-;-;-
05.09.2025 00:00;05.09.2025 00:15;-;-;-;-;-;-;-;-;-;-;-;-;-;-
05.09.2025 00:15;05.09.2025 00:30;-;-;-;-;-;-;-;-;-;-;-;-;-;-
05.09.2025 00:30;05.09.2025 00:45;-;-;-;-;-;-;-;-;-;-;-;-;-;-
05.09.2025 00:45;05.09.2025 01:00;-;-;-;-;-;-;-;-;-;-;-;-;-;-
05.09.2025 01:00;05.09.2025 01:15;-;-;-;-;-;-;-;-;-;-;-;-;-;-
05.09.2025 01:15;05.09.2025 01:30;-;-;-;-;-;-;-;-;-;-;-;-;-;-
05.09.2025 01:30;05.09.2025 01:45;-;-;-;-;-;-;-;-;-;-;-;-;-;-
05.09.2025 01:45;05.09.2025 02:00;-;-;-;-;-;-;-;-;-;-;-;-;-;-
05.09.2025 02:00;05.09.2025 02:15;-;-;-;-;-;-;-;-;-;-;-;-;-;-
05.09.2025 02:15;05.09.2025 02:30;-;-;-;-;-;-;-;-;-;-;-;-;-;-
05.09.2025 02:30;05.09.2025 02:45;-;-;-;-;-;-;-;-;-;-;-;-;-;-
05.09.2025 02:45;05.09.2025 03:00;-;-;-;-;-;-;-;-;-;-;-;-;-;-
05.09.2025 03:00;05.09.2025 03:15;-;-;-;-;-;-;-;-;-;-;-;-;-;-
05.09.2025 03:15;05.09.2025 03:30;-;-;-;-;-;-;-;-;-;-;-;-;-;-
05.09.2025 03:30;05.09.2025 03:45;-;-;-;-;-;-;-;-;-;-;-;-;-;-
05.09.2025 03:45;05.09.2025 04:00;-;-;-;-;-;-;-;-;-;-;-;-;-;-
05.09.2025 04:00;05.09.2025 04:15;-;-;-;-;-;-;-;-;-;-;-;-;-;-
05.09.2025 04:15;05.09.2025 04:30;-;-;-;-;-;-;-;-;-;-;-;-;-;-
05.09.2025 04:30;05.09.2025 04:45;-;-;-;-;-;-;-;-;-;-;-;-;-;-
05.09.2025 04:45;05.09.2025 05:00;-;-;-;-;-;-;-;-;-;-;-;-;-;-
05.09.2025 05:00;05.09.2025 05:15;-;-;-;-;-;-;-;-;-;-;-;-;-;-
05.09.2025 05:15;05.09.2025 05:30;-;-;-;-;-;-;-;-;-;-;-;-;-;-
05.09.2025 05:30;05.09.2025 05:45;-;-;-;-;-;-;-;-;-;-;-;-;-;-
05.09.2025 05:45;05.09.2025 06:00;-;-;-;-;-;-;-;-;-;-;-;-;-;-
05.09.2025 06:00;05.09.2025 06:15;-;-;-;-;-;-;-;-;-;-;-;-;-;-
05.09.2025 06:15;05.09.2025 06:30;-;-;-;-;-;-;-;-;-;-;-;-;-;-
05.09.2025 06:30;05.09.2025 06:45;-;-;-;-;-;-;-;-;-;-;-;-;-;-
05.09.2025 06:45;05.09.2025 07:00;-;-;-;-;-;-;-;-;-;-;-;-;-;-
05.09.2025 07:00;05.09.2025 07:15;-;-;-;-;-;-;-;-;-;-;-;-;-;-
05.09.2025 07:15;05.09.2025 07:30;-;-;-;-;-;-;-;-;-;-;-;-;-;-
05.09.2025 07:30;05.09.2025 07:45;-;-;-;-;-;-;-;-;-;-;-;-;-;-
05.09.2025 07:45;05.09.2025 08:00;-;-;-;-;-;-;-;-;-;-;-;-;-;-
05.09.2025 08:00;05.09.2025 08:15;-;-;-;-;-;-;-;-;-;-;-;-;-;-
05.09.2025 08:15;05.09.2025 08:30;-;-;-;-;-;-;-;-;-;-;-;-;-;-
05.09.2025 08:30;05.09.2025 08:45;-;-;-;-;-;-;-;-;-;-;-;-;-;-
05.09.2025 08:45;05.09.2025 09:00;-;-;-;-;-;-;-;-;-;-;-;-;-;-
05.09.2025 09:00;05.09.2025 09:15;-;-;-;-;-;-;-;-;-;-;-;-;-;-
05.09.2025 09:15;05.09.2025 09:30;-;-;-;-;-;-;-;-;-;-;-;-;-;-
05.09.2025 09:30;05.09.2025 09:45;-;-;-;-;-;-;-;-;-;-;-;-;-;-
05.09.2025 09:45;05.09.2025 10:00;-;-;-;-;-;-;-;-;-;-;-;-;-;-
05.09.2025 10:00;05.09.2025 10:15;-;-;-;-;-;-;-;-;-;-;-;-;-;-
05.09.2025 10:15;05.09.2025 10:30;-;-;-;-;-;-;-;-;-;-;-;-;-;-
05.09.2025 10:30;05.09.2025 10:45;-;-;-;-;-;-;-;-;-;-;-;-;-;-
05.09.2025 10:45;05.09.2025 11:00;-;-;-;-;-;-;-;-;-;-;-;-;-;-
05.09.2025 11:00;05.09.2025 11:15;-;-;-;-;-;-;-;-;-;-;-;-;-;-
05.09.2025 11:15;05.09.2025 11:30;-;-;-;-;-;-;-;-;-;-;-;-;-;-
05.09.2025 11:30;05.09.2025 11:45;-;-;-;-;-;-;-;-;-;-;-;-;-;-
05.09.2025 11:45;05.09.2025 12:00;-;-;-;-;-;-;-;-;-;-;-;-;-;-
05.09.2025 12:00;05.09.2025 12:15;-;-;-;-;-;-;-;-;-;-;-;-;-;-
05.09.2025 12:15;05.09.2025 12:30;-;-;-;-;-;-;-;-;-;-;-;-;-;-
05.09.2025 12:30;05.09.2025 12:45;-;-;-;-;-;-;-;-;-;-;-;-;-;-
05.09.2025 12:45;05.09.2025 13:00;-;-;-;-;-;-;-;-;-;-;-;-;-;-
05.09.2025 13:00;05.09.2025 13:15;-;-;-;-;-;-;-;-;-;-;-;-;-;-
05.09.2025 13:15;05.09.2025 13:30;-;-;-;-;-;-;-;-;-;-;-;-;-;-
05.09.2025 13:30;05.09.2025 13:45;-;-;-;-;-;-;-;-;-;-;-;-;-;-
05.09.2025 13:45;05.09.2025 14:00;-;-;-;-;-;-;-;-;-;-;-;-;-;-
05.09.2025 14:00;05.09.2025 14:15;-;-;-;-;-;-;-;-;-;-;-;-;-;-
05.09.2025 14:15;05.09.2025 14:30;-;-;-;-;-;-;-;-;-;-;-;-;-;-
05.09.2025 14:30;05.09.2025 14:45;-;-;-;-;-;-;-;-;-;-;-;-;-;-
05.09.2025 14:45;05.09.2025 15:00;-;-;-;-;-;-;-;-;-;-;-;-;-;-
05.09.2025 15:00;05.09.2025 15:15;-;-;-;-;-;-;-;-;-;-;-;-;-;-
05.09.2025 15:15;05.09.2025 15:30;-;-;-;-;-;-;-;-;-;-;-;-;-;-
05.09.2025 15:30;05.09.2025 15:45;-;-;-;-;-;-;-;-;-;-;-;-;-;-
05.09.2025 15:45;05.09.2025 16:00;-;-;-;-;-;-;-;-;-;-;-;-;-;-
05.09.2025 16:00;05.09.2025 16:15;-;-;-;-;-;-;-;-;-;-;-;-;-;-
05.09.2025 16:15;05.09.2025 16:30;-;-;-;-;-;-;-;-;-;-;-;-;-;-
05.09.2025 16:30;05.09.2025 16:45;-;-;-;-;-;-;-;-;-;-;-;-;-;-
05.09.2025 16:45;05.09.2025 17:00;-;-;-;-;-;-;-;-;-;-;-;-;-;-
05.09.2025 17:00;05.09.2025 17:15;-;-;-;-;-;-;-;-;-;-;-;-;-;-
05.09.2025 17:15;05.09.2025 17:30;-;-;-;-;-;-;-;-;-;-;-;-;-;-
05.09.2025 17:30;05.09.2025 17:45;-;-;-;-;-;-;-;-;-;-;-;-;-;-
05.09.2025 17:45;05.09.2025 18:00;-;-;-;-;-;-;-;-;-;-;-;-;-;-
05.09.2025 18:00;05.09.2025 18:15;-;-;-;-;-;-;-;-;-;-;-;-;-;-
05.09.2025 18:15;05.09.2025 18:30;-;-;-;-;-;-;-;-;-;-;-;-;-;-
05.09.2025 18:30;05.09.2025 18:45;-;-;-;-;-;-;-;-;-;-;-;-;-;-
05.09.2025 18:45;05.09.2025 19:00;-;-;-;-;-;-;-;-;-;-;-;-;-;-
05.09.2025 19:00;05.09.2025 19:15;-;-;-;-;-;-;-;-;-;-;-;-;-;-
05.09.2025 19:15;05.09.2025 19:30;-;-;-;-;-;-;-;-;-;-;-;-;-;-
05.09.2025 19:30;05.09.2025 19:45;-;-;-;-;-;-;-;-;-;-;-;-;-;-
05.09.2025 19:45;05.09.2025 20:00;-;-;-;-;-;-;-;-;-;-;-;-;-;-
05.09.2025 20:00;05.09.2025 20:15;-;-;-;-;-;-;-;-;-;-;-;-;-;-
05.09.2025 20:15;05.09.2025 20:30;-;-;-;-;-;-;-;-;-;-;-;-;-;-
05.09.2025 20:30;05.09.2025 20:45;-;-;-;-;-;-;-;-;-;-;-;-;-;-
05.09.2025 20:45;05.09.2025 21:00;-;-;-;-;-;-;-;-;-;-;-;-;-;-
05.09.2025 21:00;05.09.2025 21:15;-;-;-;-;-;-;-;-;-;-;-;-;-;-
05.09.2025 21:15;05.09.2025 21:30;-;-;-;-;-;-;-;-;-;-;-;-;-;-
05.09.2025 21:30;05.09.2025 21:45;-;-;-;-;-;-;-;-;-;-;-;-;-;-
05.09.2025 21:45;05.09.2025 22:00;-;-;-;-;-;-;-;-;-;-;-;-;-;-
05.09.2025 22:00;05.09.2025 22:15;-;-;-;-;-;-;-;-;-;-;-;-;-;-
05.09.2025 22:15;05.09.2025 22:30;-;-;-;-;-;-;-;-;-;-;-;-;-;-
05.09.2025 22:30;05.09.2025 22:45;-;-;-;-;-;-;-;-;-;-;-;-;-;-
05.09.2025 22:45;05.09.2025 23:00;-;-;-;-;-;-;-;-;-;-;-;-;-;-
05.09.2025 23:00;05.09.2025 23:15;-;-;-;-;-;-;-;-;-;-;-;-;-;-
05.09.2025 23:15;05.09.2025 23:30;-;-;-;-;-;-;-;-;-;-;-;-;-;-
05.09.2025 23:30;05.09.2025 23:45;-;-;-;-;-;-;-;-;-;-;-;-;-;-
05.09.2025 23:45;06.09.2025 00:00;-;-;-;-;-;-;-;-;-;-;-;-;-;-
