Datum von;Datum bis;Generation_DE Schkopau B [MW] Berechnete Auflösungen;Generation_DE Schkopau A+B Bahngenerator [MW] Berechnete Auflösungen;Generation_DE Schkopau A [MW] Berechnete Auflösungen
26.08.2025 00:00;26.08.2025 00:15;89,250;-;0,000
26.08.2025 00:15;26.08.2025 00:30;89,250;-;0,000
26.08.2025 00:30;26.08.2025 00:45;89,250;-;0,000
26.08.2025 00:45;26.08.2025 01:00;89,250;-;0,000
26.08.2025 01:00;26.08.2025 01:15;88,500;-;0,000
26.08.2025 01:15;26.08.2025 01:30;88,500;-;0,000
26.08.2025 01:30;26.08.2025 01:45;88,500;-;0,000
26.08.2025 01:45;26.08.2025 02:00;88,500;-;0,000
26.08.2025 02:00;26.08.2025 02:15;88,750;-;0,000
26.08.2025 02:15;26.08.2025 02:30;88,750;-;0,000
26.08.2025 02:30;26.08.2025 02:45;88,750;-;0,000
26.08.2025 02:45;26.08.2025 03:00;88,750;-;0,000
26.08.2025 03:00;26.08.2025 03:15;88,750;-;0,000
26.08.2025 03:15;26.08.2025 03:30;88,750;-;0,000
26.08.2025 03:30;26.08.2025 03:45;88,750;-;0,000
26.08.2025 03:45;26.08.2025 04:00;88,750;-;0,000
26.08.2025 04:00;26.08.2025 04:15;88,500;-;0,000
26.08.2025 04:15;26.08.2025 04:30;88,500;-;0,000
26.08.2025 04:30;26.08.2025 04:45;88,500;-;0,000
26.08.2025 04:45;26.08.2025 05:00;88,500;-;0,000
26.08.2025 05:00;26.08.2025 05:15;86,250;-;0,000
26.08.2025 05:15;26.08.2025 05:30;86,250;-;0,000
26.08.2025 05:30;26.08.2025 05:45;86,250;-;0,000
26.08.2025 05:45;26.08.2025 06:00;86,250;-;0,000
26.08.2025 06:00;26.08.2025 06:15;82,250;-;0,000
26.08.2025 06:15;26.08.2025 06:30;82,250;-;0,000
26.08.2025 06:30;26.08.2025 06:45;82,250;-;0,000
26.08.2025 06:45;26.08.2025 07:00;82,250;-;0,000
26.08.2025 07:00;26.08.2025 07:15;81,500;-;0,000
26.08.2025 07:15;26.08.2025 07:30;81,500;-;0,000
26.08.2025 07:30;26.08.2025 07:45;81,500;-;0,000
26.08.2025 07:45;26.08.2025 08:00;81,500;-;0,000
26.08.2025 08:00;26.08.2025 08:15;80,500;-;0,000
26.08.2025 08:15;26.08.2025 08:30;80,500;-;0,000
26.08.2025 08:30;26.08.2025 08:45;80,500;-;0,000
26.08.2025 08:45;26.08.2025 09:00;80,500;-;0,000
26.08.2025 09:00;26.08.2025 09:15;55,750;-;0,000
26.08.2025 09:15;26.08.2025 09:30;55,750;-;0,000
26.08.2025 09:30;26.08.2025 09:45;55,750;-;0,000
26.08.2025 09:45;26.08.2025 10:00;55,750;-;0,000
26.08.2025 10:00;26.08.2025 10:15;44,250;-;0,000
26.08.2025 10:15;26.08.2025 10:30;44,250;-;0,000
26.08.2025 10:30;26.08.2025 10:45;44,250;-;0,000
26.08.2025 10:45;26.08.2025 11:00;44,250;-;0,000
26.08.2025 11:00;26.08.2025 11:15;44,000;-;0,000
26.08.2025 11:15;26.08.2025 11:30;44,000;-;0,000
26.08.2025 11:30;26.08.2025 11:45;44,000;-;0,000
26.08.2025 11:45;26.08.2025 12:00;44,000;-;0,000
26.08.2025 12:00;26.08.2025 12:15;47,750;-;0,000
26.08.2025 12:15;26.08.2025 12:30;47,750;-;0,000
26.08.2025 12:30;26.08.2025 12:45;47,750;-;0,000
26.08.2025 12:45;26.08.2025 13:00;47,750;-;0,000
26.08.2025 13:00;26.08.2025 13:15;47,750;-;0,000
26.08.2025 13:15;26.08.2025 13:30;47,750;-;0,000
26.08.2025 13:30;26.08.2025 13:45;47,750;-;0,000
26.08.2025 13:45;26.08.2025 14:00;47,750;-;0,000
26.08.2025 14:00;26.08.2025 14:15;47,750;-;0,000
26.08.2025 14:15;26.08.2025 14:30;47,750;-;0,000
26.08.2025 14:30;26.08.2025 14:45;47,750;-;0,000
26.08.2025 14:45;26.08.2025 15:00;47,750;-;0,000
26.08.2025 15:00;26.08.2025 15:15;59,750;-;0,000
26.08.2025 15:15;26.08.2025 15:30;59,750;-;0,000
26.08.2025 15:30;26.08.2025 15:45;59,750;-;0,000
26.08.2025 15:45;26.08.2025 16:00;59,750;-;0,000
26.08.2025 16:00;26.08.2025 16:15;88,750;-;0,000
26.08.2025 16:15;26.08.2025 16:30;88,750;-;0,000
26.08.2025 16:30;26.08.2025 16:45;88,750;-;0,000
26.08.2025 16:45;26.08.2025 17:00;88,750;-;0,000
26.08.2025 17:00;26.08.2025 17:15;89,250;-;0,000
26.08.2025 17:15;26.08.2025 17:30;89,250;-;0,000
26.08.2025 17:30;26.08.2025 17:45;89,250;-;0,000
26.08.2025 17:45;26.08.2025 18:00;89,250;-;0,000
26.08.2025 18:00;26.08.2025 18:15;89,000;-;0,000
26.08.2025 18:15;26.08.2025 18:30;89,000;-;0,000
26.08.2025 18:30;26.08.2025 18:45;89,000;-;0,000
26.08.2025 18:45;26.08.2025 19:00;89,000;-;0,000
26.08.2025 19:00;26.08.2025 19:15;81,750;-;0,000
26.08.2025 19:15;26.08.2025 19:30;81,750;-;0,000
26.08.2025 19:30;26.08.2025 19:45;81,750;-;0,000
26.08.2025 19:45;26.08.2025 20:00;81,750;-;0,000
26.08.2025 20:00;26.08.2025 20:15;81,750;-;0,000
26.08.2025 20:15;26.08.2025 20:30;81,750;-;0,000
26.08.2025 20:30;26.08.2025 20:45;81,750;-;0,000
26.08.2025 20:45;26.08.2025 21:00;81,750;-;0,000
26.08.2025 21:00;26.08.2025 21:15;80,500;-;0,000
26.08.2025 21:15;26.08.2025 21:30;80,500;-;0,000
26.08.2025 21:30;26.08.2025 21:45;80,500;-;0,000
26.08.2025 21:45;26.08.2025 22:00;80,500;-;0,000
26.08.2025 22:00;26.08.2025 22:15;57,000;-;0,000
26.08.2025 22:15;26.08.2025 22:30;57,000;-;0,000
26.08.2025 22:30;26.08.2025 22:45;57,000;-;0,000
26.08.2025 22:45;26.08.2025 23:00;57,000;-;0,000
26.08.2025 23:00;26.08.2025 23:15;1,750;-;0,000
26.08.2025 23:15;26.08.2025 23:30;1,750;-;0,000
26.08.2025 23:30;26.08.2025 23:45;1,750;-;0,000
26.08.2025 23:45;27.08.2025 00:00;1,750;-;0,000
27.08.2025 00:00;27.08.2025 00:15;0,000;-;0,000
27.08.2025 00:15;27.08.2025 00:30;0,000;-;0,000
27.08.2025 00:30;27.08.2025 00:45;0,000;-;0,000
27.08.2025 00:45;27.08.2025 01:00;0,000;-;0,000
27.08.2025 01:00;27.08.2025 01:15;0,000;-;0,000
27.08.2025 01:15;27.08.2025 01:30;0,000;-;0,000
27.08.2025 01:30;27.08.2025 01:45;0,000;-;0,000
27.08.2025 01:45;27.08.2025 02:00;0,000;-;0,000
27.08.2025 02:00;27.08.2025 02:15;0,000;-;0,000
27.08.2025 02:15;27.08.2025 02:30;0,000;-;0,000
27.08.2025 02:30;27.08.2025 02:45;0,000;-;0,000
27.08.2025 02:45;27.08.2025 03:00;0,000;-;0,000
27.08.2025 03:00;27.08.2025 03:15;0,000;-;0,000
27.08.2025 03:15;27.08.2025 03:30;0,000;-;0,000
27.08.2025 03:30;27.08.2025 03:45;0,000;-;0,000
27.08.2025 03:45;27.08.2025 04:00;0,000;-;0,000
27.08.2025 04:00;27.08.2025 04:15;0,000;-;0,000
27.08.2025 04:15;27.08.2025 04:30;0,000;-;0,000
27.08.2025 04:30;27.08.2025 04:45;0,000;-;0,000
27.08.2025 04:45;27.08.2025 05:00;0,000;-;0,000
27.08.2025 05:00;27.08.2025 05:15;0,000;-;0,000
27.08.2025 05:15;27.08.2025 05:30;0,000;-;0,000
27.08.2025 05:30;27.08.2025 05:45;0,000;-;0,000
27.08.2025 05:45;27.08.2025 06:00;0,000;-;0,000
27.08.2025 06:00;27.08.2025 06:15;0,000;-;0,000
27.08.2025 06:15;27.08.2025 06:30;0,000;-;0,000
27.08.2025 06:30;27.08.2025 06:45;0,000;-;0,000
27.08.2025 06:45;27.08.2025 07:00;0,000;-;0,000
27.08.2025 07:00;27.08.2025 07:15;0,000;-;0,000
27.08.2025 07:15;27.08.2025 07:30;0,000;-;0,000
27.08.2025 07:30;27.08.2025 07:45;0,000;-;0,000
27.08.2025 07:45;27.08.2025 08:00;0,000;-;0,000
27.08.2025 08:00;27.08.2025 08:15;0,000;-;0,000
27.08.2025 08:15;27.08.2025 08:30;0,000;-;0,000
27.08.2025 08:30;27.08.2025 08:45;0,000;-;0,000
27.08.2025 08:45;27.08.2025 09:00;0,000;-;0,000
27.08.2025 09:00;27.08.2025 09:15;0,000;-;0,000
27.08.2025 09:15;27.08.2025 09:30;0,000;-;0,000
27.08.2025 09:30;27.08.2025 09:45;0,000;-;0,000
27.08.2025 09:45;27.08.2025 10:00;0,000;-;0,000
27.08.2025 10:00;27.08.2025 10:15;0,000;-;0,000
27.08.2025 10:15;27.08.2025 10:30;0,000;-;0,000
27.08.2025 10:30;27.08.2025 10:45;0,000;-;0,000
27.08.2025 10:45;27.08.2025 11:00;0,000;-;0,000
27.08.2025 11:00;27.08.2025 11:15;0,000;-;0,000
27.08.2025 11:15;27.08.2025 11:30;0,000;-;0,000
27.08.2025 11:30;27.08.2025 11:45;0,000;-;0,000
27.08.2025 11:45;27.08.2025 12:00;0,000;-;0,000
27.08.2025 12:00;27.08.2025 12:15;0,000;-;0,000
27.08.2025 12:15;27.08.2025 12:30;0,000;-;0,000
27.08.2025 12:30;27.08.2025 12:45;0,000;-;0,000
27.08.2025 12:45;27.08.2025 13:00;0,000;-;0,000
27.08.2025 13:00;27.08.2025 13:15;0,000;-;0,000
27.08.2025 13:15;27.08.2025 13:30;0,000;-;0,000
27.08.2025 13:30;27.08.2025 13:45;0,000;-;0,000
27.08.2025 13:45;27.08.2025 14:00;0,000;-;0,000
27.08.2025 14:00;27.08.2025 14:15;0,000;-;0,000
27.08.2025 14:15;27.08.2025 14:30;0,000;-;0,000
27.08.2025 14:30;27.08.2025 14:45;0,000;-;0,000
27.08.2025 14:45;27.08.2025 15:00;0,000;-;0,000
27.08.2025 15:00;27.08.2025 15:15;0,000;-;0,000
27.08.2025 15:15;27.08.2025 15:30;0,000;-;0,000
27.08.2025 15:30;27.08.2025 15:45;0,000;-;0,000
27.08.2025 15:45;27.08.2025 16:00;0,000;-;0,000
27.08.2025 16:00;27.08.2025 16:15;0,000;-;0,000
27.08.2025 16:15;27.08.2025 16:30;0,000;-;0,000
27.08.2025 16:30;27.08.2025 16:45;0,000;-;0,000
27.08.2025 16:45;27.08.2025 17:00;0,000;-;0,000
27.08.2025 17:00;27.08.2025 17:15;0,000;-;0,000
27.08.2025 17:15;27.08.2025 17:30;0,000;-;0,000
27.08.2025 17:30;27.08.2025 17:45;0,000;-;0,000
27.08.2025 17:45;27.08.2025 18:00;0,000;-;0,000
27.08.2025 18:00;27.08.2025 18:15;33,250;-;0,000
27.08.2025 18:15;27.08.2025 18:30;33,250;-;0,000
27.08.2025 18:30;27.08.2025 18:45;33,250;-;0,000
27.08.2025 18:45;27.08.2025 19:00;33,250;-;0,000
27.08.2025 19:00;27.08.2025 19:15;70,000;-;0,000
27.08.2025 19:15;27.08.2025 19:30;70,000;-;0,000
27.08.2025 19:30;27.08.2025 19:45;70,000;-;0,000
27.08.2025 19:45;27.08.2025 20:00;70,000;-;0,000
27.08.2025 20:00;27.08.2025 20:15;90,750;-;0,000
27.08.2025 20:15;27.08.2025 20:30;90,750;-;0,000
27.08.2025 20:30;27.08.2025 20:45;90,750;-;0,000
27.08.2025 20:45;27.08.2025 21:00;90,750;-;0,000
27.08.2025 21:00;27.08.2025 21:15;90,750;-;0,000
27.08.2025 21:15;27.08.2025 21:30;90,750;-;0,000
27.08.2025 21:30;27.08.2025 21:45;90,750;-;0,000
27.08.2025 21:45;27.08.2025 22:00;90,750;-;0,000
27.08.2025 22:00;27.08.2025 22:15;78,750;-;0,000
27.08.2025 22:15;27.08.2025 22:30;78,750;-;0,000
27.08.2025 22:30;27.08.2025 22:45;78,750;-;0,000
27.08.2025 22:45;27.08.2025 23:00;78,750;-;0,000
27.08.2025 23:00;27.08.2025 23:15;81,500;-;0,000
27.08.2025 23:15;27.08.2025 23:30;81,500;-;0,000
27.08.2025 23:30;27.08.2025 23:45;81,500;-;0,000
27.08.2025 23:45;28.08.2025 00:00;81,500;-;0,000
28.08.2025 00:00;28.08.2025 00:15;45,250;-;0,000
28.08.2025 00:15;28.08.2025 00:30;45,250;-;0,000
28.08.2025 00:30;28.08.2025 00:45;45,250;-;0,000
28.08.2025 00:45;28.08.2025 01:00;45,250;-;0,000
28.08.2025 01:00;28.08.2025 01:15;40,750;-;0,000
28.08.2025 01:15;28.08.2025 01:30;40,750;-;0,000
28.08.2025 01:30;28.08.2025 01:45;40,750;-;0,000
28.08.2025 01:45;28.08.2025 02:00;40,750;-;0,000
28.08.2025 02:00;28.08.2025 02:15;41,000;-;0,000
28.08.2025 02:15;28.08.2025 02:30;41,000;-;0,000
28.08.2025 02:30;28.08.2025 02:45;41,000;-;0,000
28.08.2025 02:45;28.08.2025 03:00;41,000;-;0,000
28.08.2025 03:00;28.08.2025 03:15;40,750;-;0,000
28.08.2025 03:15;28.08.2025 03:30;40,750;-;0,000
28.08.2025 03:30;28.08.2025 03:45;40,750;-;0,000
28.08.2025 03:45;28.08.2025 04:00;40,750;-;0,000
28.08.2025 04:00;28.08.2025 04:15;40,500;-;0,000
28.08.2025 04:15;28.08.2025 04:30;40,500;-;0,000
28.08.2025 04:30;28.08.2025 04:45;40,500;-;0,000
28.08.2025 04:45;28.08.2025 05:00;40,500;-;0,000
28.08.2025 05:00;28.08.2025 05:15;46,500;-;0,000
28.08.2025 05:15;28.08.2025 05:30;46,500;-;0,000
28.08.2025 05:30;28.08.2025 05:45;46,500;-;0,000
28.08.2025 05:45;28.08.2025 06:00;46,500;-;0,000
28.08.2025 06:00;28.08.2025 06:15;78,000;-;0,000
28.08.2025 06:15;28.08.2025 06:30;78,000;-;0,000
28.08.2025 06:30;28.08.2025 06:45;78,000;-;0,000
28.08.2025 06:45;28.08.2025 07:00;78,000;-;0,000
28.08.2025 07:00;28.08.2025 07:15;78,250;-;0,000
28.08.2025 07:15;28.08.2025 07:30;78,250;-;0,000
28.08.2025 07:30;28.08.2025 07:45;78,250;-;0,000
28.08.2025 07:45;28.08.2025 08:00;78,250;-;0,000
28.08.2025 08:00;28.08.2025 08:15;77,500;-;0,000
28.08.2025 08:15;28.08.2025 08:30;77,500;-;0,000
28.08.2025 08:30;28.08.2025 08:45;77,500;-;0,000
28.08.2025 08:45;28.08.2025 09:00;77,500;-;0,000
28.08.2025 09:00;28.08.2025 09:15;76,250;-;0,000
28.08.2025 09:15;28.08.2025 09:30;76,250;-;0,000
28.08.2025 09:30;28.08.2025 09:45;76,250;-;0,000
28.08.2025 09:45;28.08.2025 10:00;76,250;-;0,000
28.08.2025 10:00;28.08.2025 10:15;57,250;-;0,000
28.08.2025 10:15;28.08.2025 10:30;57,250;-;0,000
28.08.2025 10:30;28.08.2025 10:45;57,250;-;0,000
28.08.2025 10:45;28.08.2025 11:00;57,250;-;0,000
28.08.2025 11:00;28.08.2025 11:15;44,500;-;0,000
28.08.2025 11:15;28.08.2025 11:30;44,500;-;0,000
28.08.2025 11:30;28.08.2025 11:45;44,500;-;0,000
28.08.2025 11:45;28.08.2025 12:00;44,500;-;0,000
28.08.2025 12:00;28.08.2025 12:15;46,750;-;0,000
28.08.2025 12:15;28.08.2025 12:30;46,750;-;0,000
28.08.2025 12:30;28.08.2025 12:45;46,750;-;0,000
28.08.2025 12:45;28.08.2025 13:00;46,750;-;0,000
28.08.2025 13:00;28.08.2025 13:15;47,000;-;0,000
28.08.2025 13:15;28.08.2025 13:30;47,000;-;0,000
28.08.2025 13:30;28.08.2025 13:45;47,000;-;0,000
28.08.2025 13:45;28.08.2025 14:00;47,000;-;0,000
28.08.2025 14:00;28.08.2025 14:15;47,000;-;0,000
28.08.2025 14:15;28.08.2025 14:30;47,000;-;0,000
28.08.2025 14:30;28.08.2025 14:45;47,000;-;0,000
28.08.2025 14:45;28.08.2025 15:00;47,000;-;0,000
28.08.2025 15:00;28.08.2025 15:15;49,500;-;0,000
28.08.2025 15:15;28.08.2025 15:30;49,500;-;0,000
28.08.2025 15:30;28.08.2025 15:45;49,500;-;0,000
28.08.2025 15:45;28.08.2025 16:00;49,500;-;0,000
28.08.2025 16:00;28.08.2025 16:15;48,000;-;0,000
28.08.2025 16:15;28.08.2025 16:30;48,000;-;0,000
28.08.2025 16:30;28.08.2025 16:45;48,000;-;0,000
28.08.2025 16:45;28.08.2025 17:00;48,000;-;0,000
28.08.2025 17:00;28.08.2025 17:15;79,000;-;0,000
28.08.2025 17:15;28.08.2025 17:30;79,000;-;0,000
28.08.2025 17:30;28.08.2025 17:45;79,000;-;0,000
28.08.2025 17:45;28.08.2025 18:00;79,000;-;0,000
28.08.2025 18:00;28.08.2025 18:15;83,250;-;0,000
28.08.2025 18:15;28.08.2025 18:30;83,250;-;0,000
28.08.2025 18:30;28.08.2025 18:45;83,250;-;0,000
28.08.2025 18:45;28.08.2025 19:00;83,250;-;0,000
28.08.2025 19:00;28.08.2025 19:15;82,000;-;0,000
28.08.2025 19:15;28.08.2025 19:30;82,000;-;0,000
28.08.2025 19:30;28.08.2025 19:45;82,000;-;0,000
28.08.2025 19:45;28.08.2025 20:00;82,000;-;0,000
28.08.2025 20:00;28.08.2025 20:15;82,000;-;0,000
28.08.2025 20:15;28.08.2025 20:30;82,000;-;0,000
28.08.2025 20:30;28.08.2025 20:45;82,000;-;0,000
28.08.2025 20:45;28.08.2025 21:00;82,000;-;0,000
28.08.2025 21:00;28.08.2025 21:15;85,000;-;0,000
28.08.2025 21:15;28.08.2025 21:30;85,000;-;0,000
28.08.2025 21:30;28.08.2025 21:45;85,000;-;0,000
28.08.2025 21:45;28.08.2025 22:00;85,000;-;0,000
28.08.2025 22:00;28.08.2025 22:15;65,500;-;0,000
28.08.2025 22:15;28.08.2025 22:30;65,500;-;0,000
28.08.2025 22:30;28.08.2025 22:45;65,500;-;0,000
28.08.2025 22:45;28.08.2025 23:00;65,500;-;0,000
28.08.2025 23:00;28.08.2025 23:15;41,750;-;0,000
28.08.2025 23:15;28.08.2025 23:30;41,750;-;0,000
28.08.2025 23:30;28.08.2025 23:45;41,750;-;0,000
28.08.2025 23:45;29.08.2025 00:00;41,750;-;0,000
29.08.2025 00:00;29.08.2025 00:15;40,000;-;0,000
29.08.2025 00:15;29.08.2025 00:30;40,000;-;0,000
29.08.2025 00:30;29.08.2025 00:45;40,000;-;0,000
29.08.2025 00:45;29.08.2025 01:00;40,000;-;0,000
29.08.2025 01:00;29.08.2025 01:15;41,250;-;0,000
29.08.2025 01:15;29.08.2025 01:30;41,250;-;0,000
29.08.2025 01:30;29.08.2025 01:45;41,250;-;0,000
29.08.2025 01:45;29.08.2025 02:00;41,250;-;0,000
29.08.2025 02:00;29.08.2025 02:15;41,500;-;0,000
29.08.2025 02:15;29.08.2025 02:30;41,500;-;0,000
29.08.2025 02:30;29.08.2025 02:45;41,500;-;0,000
29.08.2025 02:45;29.08.2025 03:00;41,500;-;0,000
29.08.2025 03:00;29.08.2025 03:15;41,750;-;0,000
29.08.2025 03:15;29.08.2025 03:30;41,750;-;0,000
29.08.2025 03:30;29.08.2025 03:45;41,750;-;0,000
29.08.2025 03:45;29.08.2025 04:00;41,750;-;0,000
29.08.2025 04:00;29.08.2025 04:15;42,500;-;0,000
29.08.2025 04:15;29.08.2025 04:30;42,500;-;0,000
29.08.2025 04:30;29.08.2025 04:45;42,500;-;0,000
29.08.2025 04:45;29.08.2025 05:00;42,500;-;0,000
29.08.2025 05:00;29.08.2025 05:15;48,000;-;0,000
29.08.2025 05:15;29.08.2025 05:30;48,000;-;0,000
29.08.2025 05:30;29.08.2025 05:45;48,000;-;0,000
29.08.2025 05:45;29.08.2025 06:00;48,000;-;0,000
29.08.2025 06:00;29.08.2025 06:15;81,000;-;0,000
29.08.2025 06:15;29.08.2025 06:30;81,000;-;0,000
29.08.2025 06:30;29.08.2025 06:45;81,000;-;0,000
29.08.2025 06:45;29.08.2025 07:00;81,000;-;0,000
29.08.2025 07:00;29.08.2025 07:15;75,500;-;0,000
29.08.2025 07:15;29.08.2025 07:30;75,500;-;0,000
29.08.2025 07:30;29.08.2025 07:45;75,500;-;0,000
29.08.2025 07:45;29.08.2025 08:00;75,500;-;0,000
29.08.2025 08:00;29.08.2025 08:15;83,000;-;0,000
29.08.2025 08:15;29.08.2025 08:30;83,000;-;0,000
29.08.2025 08:30;29.08.2025 08:45;83,000;-;0,000
29.08.2025 08:45;29.08.2025 09:00;83,000;-;0,000
29.08.2025 09:00;29.08.2025 09:15;77,500;-;0,000
29.08.2025 09:15;29.08.2025 09:30;77,500;-;0,000
29.08.2025 09:30;29.08.2025 09:45;77,500;-;0,000
29.08.2025 09:45;29.08.2025 10:00;77,500;-;0,000
29.08.2025 10:00;29.08.2025 10:15;42,250;-;0,000
29.08.2025 10:15;29.08.2025 10:30;42,250;-;0,000
29.08.2025 10:30;29.08.2025 10:45;42,250;-;0,000
29.08.2025 10:45;29.08.2025 11:00;42,250;-;0,000
29.08.2025 11:00;29.08.2025 11:15;41,500;-;0,000
29.08.2025 11:15;29.08.2025 11:30;41,500;-;0,000
29.08.2025 11:30;29.08.2025 11:45;41,500;-;0,000
29.08.2025 11:45;29.08.2025 12:00;41,500;-;0,000
29.08.2025 12:00;29.08.2025 12:15;41,750;-;0,000
29.08.2025 12:15;29.08.2025 12:30;41,750;-;0,000
29.08.2025 12:30;29.08.2025 12:45;41,750;-;0,000
29.08.2025 12:45;29.08.2025 13:00;41,750;-;0,000
29.08.2025 13:00;29.08.2025 13:15;42,000;-;0,000
29.08.2025 13:15;29.08.2025 13:30;42,000;-;0,000
29.08.2025 13:30;29.08.2025 13:45;42,000;-;0,000
29.08.2025 13:45;29.08.2025 14:00;42,000;-;0,000
29.08.2025 14:00;29.08.2025 14:15;41,750;-;0,000
29.08.2025 14:15;29.08.2025 14:30;41,750;-;0,000
29.08.2025 14:30;29.08.2025 14:45;41,750;-;0,000
29.08.2025 14:45;29.08.2025 15:00;41,750;-;0,000
29.08.2025 15:00;29.08.2025 15:15;41,750;-;0,000
29.08.2025 15:15;29.08.2025 15:30;41,750;-;0,000
29.08.2025 15:30;29.08.2025 15:45;41,750;-;0,000
29.08.2025 15:45;29.08.2025 16:00;41,750;-;0,000
29.08.2025 16:00;29.08.2025 16:15;42,500;-;0,000
29.08.2025 16:15;29.08.2025 16:30;42,500;-;0,000
29.08.2025 16:30;29.08.2025 16:45;42,500;-;0,000
29.08.2025 16:45;29.08.2025 17:00;42,500;-;0,000
29.08.2025 17:00;29.08.2025 17:15;75,000;-;0,000
29.08.2025 17:15;29.08.2025 17:30;75,000;-;0,000
29.08.2025 17:30;29.08.2025 17:45;75,000;-;0,000
29.08.2025 17:45;29.08.2025 18:00;75,000;-;0,000
29.08.2025 18:00;29.08.2025 18:15;77,750;-;0,000
29.08.2025 18:15;29.08.2025 18:30;77,750;-;0,000
29.08.2025 18:30;29.08.2025 18:45;77,750;-;0,000
29.08.2025 18:45;29.08.2025 19:00;77,750;-;0,000
29.08.2025 19:00;29.08.2025 19:15;75,250;-;0,000
29.08.2025 19:15;29.08.2025 19:30;75,250;-;0,000
29.08.2025 19:30;29.08.2025 19:45;75,250;-;0,000
29.08.2025 19:45;29.08.2025 20:00;75,250;-;0,000
29.08.2025 20:00;29.08.2025 20:15;75,250;-;0,000
29.08.2025 20:15;29.08.2025 20:30;75,250;-;0,000
29.08.2025 20:30;29.08.2025 20:45;75,250;-;0,000
29.08.2025 20:45;29.08.2025 21:00;75,250;-;0,000
29.08.2025 21:00;29.08.2025 21:15;76,000;-;0,000
29.08.2025 21:15;29.08.2025 21:30;76,000;-;0,000
29.08.2025 21:30;29.08.2025 21:45;76,000;-;0,000
29.08.2025 21:45;29.08.2025 22:00;76,000;-;0,000
29.08.2025 22:00;29.08.2025 22:15;46,500;-;0,000
29.08.2025 22:15;29.08.2025 22:30;46,500;-;0,000
29.08.2025 22:30;29.08.2025 22:45;46,500;-;0,000
29.08.2025 22:45;29.08.2025 23:00;46,500;-;0,000
29.08.2025 23:00;29.08.2025 23:15;41,750;-;0,000
29.08.2025 23:15;29.08.2025 23:30;41,750;-;0,000
29.08.2025 23:30;29.08.2025 23:45;41,750;-;0,000
29.08.2025 23:45;30.08.2025 00:00;41,750;-;0,000
30.08.2025 00:00;30.08.2025 00:15;40,750;-;0,000
30.08.2025 00:15;30.08.2025 00:30;40,750;-;0,000
30.08.2025 00:30;30.08.2025 00:45;40,750;-;0,000
30.08.2025 00:45;30.08.2025 01:00;40,750;-;0,000
30.08.2025 01:00;30.08.2025 01:15;40,250;-;0,000
30.08.2025 01:15;30.08.2025 01:30;40,250;-;0,000
30.08.2025 01:30;30.08.2025 01:45;40,250;-;0,000
30.08.2025 01:45;30.08.2025 02:00;40,250;-;0,000
30.08.2025 02:00;30.08.2025 02:15;40,500;-;0,000
30.08.2025 02:15;30.08.2025 02:30;40,500;-;0,000
30.08.2025 02:30;30.08.2025 02:45;40,500;-;0,000
30.08.2025 02:45;30.08.2025 03:00;40,500;-;0,000
30.08.2025 03:00;30.08.2025 03:15;40,500;-;0,000
30.08.2025 03:15;30.08.2025 03:30;40,500;-;0,000
30.08.2025 03:30;30.08.2025 03:45;40,500;-;0,000
30.08.2025 03:45;30.08.2025 04:00;40,500;-;0,000
30.08.2025 04:00;30.08.2025 04:15;40,250;-;0,000
30.08.2025 04:15;30.08.2025 04:30;40,250;-;0,000
30.08.2025 04:30;30.08.2025 04:45;40,250;-;0,000
30.08.2025 04:45;30.08.2025 05:00;40,250;-;0,000
30.08.2025 05:00;30.08.2025 05:15;40,500;-;0,000
30.08.2025 05:15;30.08.2025 05:30;40,500;-;0,000
30.08.2025 05:30;30.08.2025 05:45;40,500;-;0,000
30.08.2025 05:45;30.08.2025 06:00;40,500;-;0,000
30.08.2025 06:00;30.08.2025 06:15;40,250;-;0,000
30.08.2025 06:15;30.08.2025 06:30;40,250;-;0,000
30.08.2025 06:30;30.08.2025 06:45;40,250;-;0,000
30.08.2025 06:45;30.08.2025 07:00;40,250;-;0,000
30.08.2025 07:00;30.08.2025 07:15;40,750;-;0,000
30.08.2025 07:15;30.08.2025 07:30;40,750;-;0,000
30.08.2025 07:30;30.08.2025 07:45;40,750;-;0,000
30.08.2025 07:45;30.08.2025 08:00;40,750;-;0,000
30.08.2025 08:00;30.08.2025 08:15;47,250;-;0,000
30.08.2025 08:15;30.08.2025 08:30;47,250;-;0,000
30.08.2025 08:30;30.08.2025 08:45;47,250;-;0,000
30.08.2025 08:45;30.08.2025 09:00;47,250;-;0,000
30.08.2025 09:00;30.08.2025 09:15;40,500;-;0,000
30.08.2025 09:15;30.08.2025 09:30;40,500;-;0,000
30.08.2025 09:30;30.08.2025 09:45;40,500;-;0,000
30.08.2025 09:45;30.08.2025 10:00;40,500;-;0,000
30.08.2025 10:00;30.08.2025 10:15;40,500;-;0,000
30.08.2025 10:15;30.08.2025 10:30;40,500;-;0,000
30.08.2025 10:30;30.08.2025 10:45;40,500;-;0,000
30.08.2025 10:45;30.08.2025 11:00;40,500;-;0,000
30.08.2025 11:00;30.08.2025 11:15;40,500;-;0,000
30.08.2025 11:15;30.08.2025 11:30;40,500;-;0,000
30.08.2025 11:30;30.08.2025 11:45;40,500;-;0,000
30.08.2025 11:45;30.08.2025 12:00;40,500;-;0,000
30.08.2025 12:00;30.08.2025 12:15;40,500;-;0,000
30.08.2025 12:15;30.08.2025 12:30;40,500;-;0,000
30.08.2025 12:30;30.08.2025 12:45;40,500;-;0,000
30.08.2025 12:45;30.08.2025 13:00;40,500;-;0,000
30.08.2025 13:00;30.08.2025 13:15;40,750;-;0,000
30.08.2025 13:15;30.08.2025 13:30;40,750;-;0,000
30.08.2025 13:30;30.08.2025 13:45;40,750;-;0,000
30.08.2025 13:45;30.08.2025 14:00;40,750;-;0,000
30.08.2025 14:00;30.08.2025 14:15;40,750;-;0,000
30.08.2025 14:15;30.08.2025 14:30;40,750;-;0,000
30.08.2025 14:30;30.08.2025 14:45;40,750;-;0,000
30.08.2025 14:45;30.08.2025 15:00;40,750;-;0,000
30.08.2025 15:00;30.08.2025 15:15;40,750;-;0,000
30.08.2025 15:15;30.08.2025 15:30;40,750;-;0,000
30.08.2025 15:30;30.08.2025 15:45;40,750;-;0,000
30.08.2025 15:45;30.08.2025 16:00;40,750;-;0,000
30.08.2025 16:00;30.08.2025 16:15;40,500;-;0,000
30.08.2025 16:15;30.08.2025 16:30;40,500;-;0,000
30.08.2025 16:30;30.08.2025 16:45;40,500;-;0,000
30.08.2025 16:45;30.08.2025 17:00;40,500;-;0,000
30.08.2025 17:00;30.08.2025 17:15;43,500;-;0,000
30.08.2025 17:15;30.08.2025 17:30;43,500;-;0,000
30.08.2025 17:30;30.08.2025 17:45;43,500;-;0,000
30.08.2025 17:45;30.08.2025 18:00;43,500;-;0,000
30.08.2025 18:00;30.08.2025 18:15;76,500;-;0,000
30.08.2025 18:15;30.08.2025 18:30;76,500;-;0,000
30.08.2025 18:30;30.08.2025 18:45;76,500;-;0,000
30.08.2025 18:45;30.08.2025 19:00;76,500;-;0,000
30.08.2025 19:00;30.08.2025 19:15;78,000;-;0,000
30.08.2025 19:15;30.08.2025 19:30;78,000;-;0,000
30.08.2025 19:30;30.08.2025 19:45;78,000;-;0,000
30.08.2025 19:45;30.08.2025 20:00;78,000;-;0,000
30.08.2025 20:00;30.08.2025 20:15;77,750;-;0,000
30.08.2025 20:15;30.08.2025 20:30;77,750;-;0,000
30.08.2025 20:30;30.08.2025 20:45;77,750;-;0,000
30.08.2025 20:45;30.08.2025 21:00;77,750;-;0,000
30.08.2025 21:00;30.08.2025 21:15;81,750;-;0,000
30.08.2025 21:15;30.08.2025 21:30;81,750;-;0,000
30.08.2025 21:30;30.08.2025 21:45;81,750;-;0,000
30.08.2025 21:45;30.08.2025 22:00;81,750;-;0,000
30.08.2025 22:00;30.08.2025 22:15;76,500;-;0,000
30.08.2025 22:15;30.08.2025 22:30;76,500;-;0,000
30.08.2025 22:30;30.08.2025 22:45;76,500;-;0,000
30.08.2025 22:45;30.08.2025 23:00;76,500;-;0,000
30.08.2025 23:00;30.08.2025 23:15;41,750;-;0,000
30.08.2025 23:15;30.08.2025 23:30;41,750;-;0,000
30.08.2025 23:30;30.08.2025 23:45;41,750;-;0,000
30.08.2025 23:45;31.08.2025 00:00;41,750;-;0,000
31.08.2025 00:00;31.08.2025 00:15;38,750;-;0,000
31.08.2025 00:15;31.08.2025 00:30;38,750;-;0,000
31.08.2025 00:30;31.08.2025 00:45;38,750;-;0,000
31.08.2025 00:45;31.08.2025 01:00;38,750;-;0,000
31.08.2025 01:00;31.08.2025 01:15;39,250;-;0,000
31.08.2025 01:15;31.08.2025 01:30;39,250;-;0,000
31.08.2025 01:30;31.08.2025 01:45;39,250;-;0,000
31.08.2025 01:45;31.08.2025 02:00;39,250;-;0,000
31.08.2025 02:00;31.08.2025 02:15;38,750;-;0,000
31.08.2025 02:15;31.08.2025 02:30;38,750;-;0,000
31.08.2025 02:30;31.08.2025 02:45;38,750;-;0,000
31.08.2025 02:45;31.08.2025 03:00;38,750;-;0,000
31.08.2025 03:00;31.08.2025 03:15;39,500;-;0,000
31.08.2025 03:15;31.08.2025 03:30;39,500;-;0,000
31.08.2025 03:30;31.08.2025 03:45;39,500;-;0,000
31.08.2025 03:45;31.08.2025 04:00;39,500;-;0,000
31.08.2025 04:00;31.08.2025 04:15;39,500;-;0,000
31.08.2025 04:15;31.08.2025 04:30;39,500;-;0,000
31.08.2025 04:30;31.08.2025 04:45;39,500;-;0,000
31.08.2025 04:45;31.08.2025 05:00;39,500;-;0,000
31.08.2025 05:00;31.08.2025 05:15;39,500;-;0,000
31.08.2025 05:15;31.08.2025 05:30;39,500;-;0,000
31.08.2025 05:30;31.08.2025 05:45;39,500;-;0,000
31.08.2025 05:45;31.08.2025 06:00;39,500;-;0,000
31.08.2025 06:00;31.08.2025 06:15;39,250;-;0,000
31.08.2025 06:15;31.08.2025 06:30;39,250;-;0,000
31.08.2025 06:30;31.08.2025 06:45;39,250;-;0,000
31.08.2025 06:45;31.08.2025 07:00;39,250;-;0,000
31.08.2025 07:00;31.08.2025 07:15;39,000;-;0,000
31.08.2025 07:15;31.08.2025 07:30;39,000;-;0,000
31.08.2025 07:30;31.08.2025 07:45;39,000;-;0,000
31.08.2025 07:45;31.08.2025 08:00;39,000;-;0,000
31.08.2025 08:00;31.08.2025 08:15;39,000;-;0,000
31.08.2025 08:15;31.08.2025 08:30;39,000;-;0,000
31.08.2025 08:30;31.08.2025 08:45;39,000;-;0,000
31.08.2025 08:45;31.08.2025 09:00;39,000;-;0,000
31.08.2025 09:00;31.08.2025 09:15;39,250;-;0,000
31.08.2025 09:15;31.08.2025 09:30;39,250;-;0,000
31.08.2025 09:30;31.08.2025 09:45;39,250;-;0,000
31.08.2025 09:45;31.08.2025 10:00;39,250;-;0,000
31.08.2025 10:00;31.08.2025 10:15;39,000;-;0,000
31.08.2025 10:15;31.08.2025 10:30;39,000;-;0,000
31.08.2025 10:30;31.08.2025 10:45;39,000;-;0,000
31.08.2025 10:45;31.08.2025 11:00;39,000;-;0,000
31.08.2025 11:00;31.08.2025 11:15;39,250;-;0,000
31.08.2025 11:15;31.08.2025 11:30;39,250;-;0,000
31.08.2025 11:30;31.08.2025 11:45;39,250;-;0,000
31.08.2025 11:45;31.08.2025 12:00;39,250;-;0,000
31.08.2025 12:00;31.08.2025 12:15;39,750;-;0,000
31.08.2025 12:15;31.08.2025 12:30;39,750;-;0,000
31.08.2025 12:30;31.08.2025 12:45;39,750;-;0,000
31.08.2025 12:45;31.08.2025 13:00;39,750;-;0,000
31.08.2025 13:00;31.08.2025 13:15;39,750;-;0,000
31.08.2025 13:15;31.08.2025 13:30;39,750;-;0,000
31.08.2025 13:30;31.08.2025 13:45;39,750;-;0,000
31.08.2025 13:45;31.08.2025 14:00;39,750;-;0,000
31.08.2025 14:00;31.08.2025 14:15;39,750;-;0,000
31.08.2025 14:15;31.08.2025 14:30;39,750;-;0,000
31.08.2025 14:30;31.08.2025 14:45;39,750;-;0,000
31.08.2025 14:45;31.08.2025 15:00;39,750;-;0,000
31.08.2025 15:00;31.08.2025 15:15;39,750;-;0,000
31.08.2025 15:15;31.08.2025 15:30;39,750;-;0,000
31.08.2025 15:30;31.08.2025 15:45;39,750;-;0,000
31.08.2025 15:45;31.08.2025 16:00;39,750;-;0,000
31.08.2025 16:00;31.08.2025 16:15;38,750;-;0,000
31.08.2025 16:15;31.08.2025 16:30;38,750;-;0,000
31.08.2025 16:30;31.08.2025 16:45;38,750;-;0,000
31.08.2025 16:45;31.08.2025 17:00;38,750;-;0,000
31.08.2025 17:00;31.08.2025 17:15;38,000;-;0,000
31.08.2025 17:15;31.08.2025 17:30;38,000;-;0,000
31.08.2025 17:30;31.08.2025 17:45;38,000;-;0,000
31.08.2025 17:45;31.08.2025 18:00;38,000;-;0,000
31.08.2025 18:00;31.08.2025 18:15;60,250;-;0,000
31.08.2025 18:15;31.08.2025 18:30;60,250;-;0,000
31.08.2025 18:30;31.08.2025 18:45;60,250;-;0,000
31.08.2025 18:45;31.08.2025 19:00;60,250;-;0,000
31.08.2025 19:00;31.08.2025 19:15;87,000;-;0,000
31.08.2025 19:15;31.08.2025 19:30;87,000;-;0,000
31.08.2025 19:30;31.08.2025 19:45;87,000;-;0,000
31.08.2025 19:45;31.08.2025 20:00;87,000;-;0,000
31.08.2025 20:00;31.08.2025 20:15;88,500;-;0,000
31.08.2025 20:15;31.08.2025 20:30;88,500;-;0,000
31.08.2025 20:30;31.08.2025 20:45;88,500;-;0,000
31.08.2025 20:45;31.08.2025 21:00;88,500;-;0,000
31.08.2025 21:00;31.08.2025 21:15;81,500;-;0,000
31.08.2025 21:15;31.08.2025 21:30;81,500;-;0,000
31.08.2025 21:30;31.08.2025 21:45;81,500;-;0,000
31.08.2025 21:45;31.08.2025 22:00;81,500;-;0,000
31.08.2025 22:00;31.08.2025 22:15;44,500;-;0,000
31.08.2025 22:15;31.08.2025 22:30;44,500;-;0,000
31.08.2025 22:30;31.08.2025 22:45;44,500;-;0,000
31.08.2025 22:45;31.08.2025 23:00;44,500;-;0,000
31.08.2025 23:00;31.08.2025 23:15;39,000;-;0,000
31.08.2025 23:15;31.08.2025 23:30;39,000;-;0,000
31.08.2025 23:30;31.08.2025 23:45;39,000;-;0,000
31.08.2025 23:45;01.09.2025 00:00;39,000;-;0,000
01.09.2025 00:00;01.09.2025 00:15;38,750;-;0,000
01.09.2025 00:15;01.09.2025 00:30;38,750;-;0,000
01.09.2025 00:30;01.09.2025 00:45;38,750;-;0,000
01.09.2025 00:45;01.09.2025 01:00;38,750;-;0,000
01.09.2025 01:00;01.09.2025 01:15;39,000;-;0,000
01.09.2025 01:15;01.09.2025 01:30;39,000;-;0,000
01.09.2025 01:30;01.09.2025 01:45;39,000;-;0,000
01.09.2025 01:45;01.09.2025 02:00;39,000;-;0,000
01.09.2025 02:00;01.09.2025 02:15;39,250;-;0,000
01.09.2025 02:15;01.09.2025 02:30;39,250;-;0,000
01.09.2025 02:30;01.09.2025 02:45;39,250;-;0,000
01.09.2025 02:45;01.09.2025 03:00;39,250;-;0,000
01.09.2025 03:00;01.09.2025 03:15;39,000;-;0,000
01.09.2025 03:15;01.09.2025 03:30;39,000;-;0,000
01.09.2025 03:30;01.09.2025 03:45;39,000;-;0,000
01.09.2025 03:45;01.09.2025 04:00;39,000;-;0,000
01.09.2025 04:00;01.09.2025 04:15;39,250;-;0,000
01.09.2025 04:15;01.09.2025 04:30;39,250;-;0,000
01.09.2025 04:30;01.09.2025 04:45;39,250;-;0,000
01.09.2025 04:45;01.09.2025 05:00;39,250;-;0,000
01.09.2025 05:00;01.09.2025 05:15;44,500;-;0,000
01.09.2025 05:15;01.09.2025 05:30;44,500;-;0,000
01.09.2025 05:30;01.09.2025 05:45;44,500;-;0,000
01.09.2025 05:45;01.09.2025 06:00;44,500;-;0,000
01.09.2025 06:00;01.09.2025 06:15;74,750;-;0,000
01.09.2025 06:15;01.09.2025 06:30;74,750;-;0,000
01.09.2025 06:30;01.09.2025 06:45;74,750;-;0,000
01.09.2025 06:45;01.09.2025 07:00;74,750;-;0,000
01.09.2025 07:00;01.09.2025 07:15;76,000;-;0,000
01.09.2025 07:15;01.09.2025 07:30;76,000;-;0,000
01.09.2025 07:30;01.09.2025 07:45;76,000;-;0,000
01.09.2025 07:45;01.09.2025 08:00;76,000;-;0,000
01.09.2025 08:00;01.09.2025 08:15;60,000;-;0,000
01.09.2025 08:15;01.09.2025 08:30;60,000;-;0,000
01.09.2025 08:30;01.09.2025 08:45;60,000;-;0,000
01.09.2025 08:45;01.09.2025 09:00;60,000;-;0,000
01.09.2025 09:00;01.09.2025 09:15;44,000;-;0,000
01.09.2025 09:15;01.09.2025 09:30;44,000;-;0,000
01.09.2025 09:30;01.09.2025 09:45;44,000;-;0,000
01.09.2025 09:45;01.09.2025 10:00;44,000;-;0,000
01.09.2025 10:00;01.09.2025 10:15;43,250;-;0,000
01.09.2025 10:15;01.09.2025 10:30;43,250;-;0,000
01.09.2025 10:30;01.09.2025 10:45;43,250;-;0,000
01.09.2025 10:45;01.09.2025 11:00;43,250;-;0,000
01.09.2025 11:00;01.09.2025 11:15;42,250;-;0,000
01.09.2025 11:15;01.09.2025 11:30;42,250;-;0,000
01.09.2025 11:30;01.09.2025 11:45;42,250;-;0,000
01.09.2025 11:45;01.09.2025 12:00;42,250;-;0,000
01.09.2025 12:00;01.09.2025 12:15;42,000;-;0,000
01.09.2025 12:15;01.09.2025 12:30;42,000;-;0,000
01.09.2025 12:30;01.09.2025 12:45;42,000;-;0,000
01.09.2025 12:45;01.09.2025 13:00;42,000;-;0,000
01.09.2025 13:00;01.09.2025 13:15;42,000;-;0,000
01.09.2025 13:15;01.09.2025 13:30;42,000;-;0,000
01.09.2025 13:30;01.09.2025 13:45;42,000;-;0,000
01.09.2025 13:45;01.09.2025 14:00;42,000;-;0,000
01.09.2025 14:00;01.09.2025 14:15;41,750;-;0,000
01.09.2025 14:15;01.09.2025 14:30;41,750;-;0,000
01.09.2025 14:30;01.09.2025 14:45;41,750;-;0,000
01.09.2025 14:45;01.09.2025 15:00;41,750;-;0,000
01.09.2025 15:00;01.09.2025 15:15;42,000;-;0,000
01.09.2025 15:15;01.09.2025 15:30;42,000;-;0,000
01.09.2025 15:30;01.09.2025 15:45;42,000;-;0,000
01.09.2025 15:45;01.09.2025 16:00;42,000;-;0,000
01.09.2025 16:00;01.09.2025 16:15;65,500;-;10,500
01.09.2025 16:15;01.09.2025 16:30;65,500;-;10,500
01.09.2025 16:30;01.09.2025 16:45;65,500;-;10,500
01.09.2025 16:45;01.09.2025 17:00;65,500;-;10,500
01.09.2025 17:00;01.09.2025 17:15;74,750;-;38,000
01.09.2025 17:15;01.09.2025 17:30;74,750;-;38,000
01.09.2025 17:30;01.09.2025 17:45;74,750;-;38,000
01.09.2025 17:45;01.09.2025 18:00;74,750;-;38,000
01.09.2025 18:00;01.09.2025 18:15;75,750;-;45,000
01.09.2025 18:15;01.09.2025 18:30;75,750;-;45,000
01.09.2025 18:30;01.09.2025 18:45;75,750;-;45,000
01.09.2025 18:45;01.09.2025 19:00;75,750;-;45,000
01.09.2025 19:00;01.09.2025 19:15;75,750;-;86,000
01.09.2025 19:15;01.09.2025 19:30;75,750;-;86,000
01.09.2025 19:30;01.09.2025 19:45;75,750;-;86,000
01.09.2025 19:45;01.09.2025 20:00;75,750;-;86,000
01.09.2025 20:00;01.09.2025 20:15;74,500;-;109,750
01.09.2025 20:15;01.09.2025 20:30;74,500;-;109,750
01.09.2025 20:30;01.09.2025 20:45;74,500;-;109,750
01.09.2025 20:45;01.09.2025 21:00;74,500;-;109,750
01.09.2025 21:00;01.09.2025 21:15;79,250;-;110,250
01.09.2025 21:15;01.09.2025 21:30;79,250;-;110,250
01.09.2025 21:30;01.09.2025 21:45;79,250;-;110,250
01.09.2025 21:45;01.09.2025 22:00;79,250;-;110,250
01.09.2025 22:00;01.09.2025 22:15;87,250;-;105,000
01.09.2025 22:15;01.09.2025 22:30;87,250;-;105,000
01.09.2025 22:30;01.09.2025 22:45;87,250;-;105,000
01.09.2025 22:45;01.09.2025 23:00;87,250;-;105,000
01.09.2025 23:00;01.09.2025 23:15;51,750;-;54,000
01.09.2025 23:15;01.09.2025 23:30;51,750;-;54,000
01.09.2025 23:30;01.09.2025 23:45;51,750;-;54,000
01.09.2025 23:45;02.09.2025 00:00;51,750;-;54,000
02.09.2025 00:00;02.09.2025 00:15;39,750;-;39,000
02.09.2025 00:15;02.09.2025 00:30;39,750;-;39,000
02.09.2025 00:30;02.09.2025 00:45;39,750;-;39,000
02.09.2025 00:45;02.09.2025 01:00;39,750;-;39,000
02.09.2025 01:00;02.09.2025 01:15;40,750;-;39,250
02.09.2025 01:15;02.09.2025 01:30;40,750;-;39,250
02.09.2025 01:30;02.09.2025 01:45;40,750;-;39,250
02.09.2025 01:45;02.09.2025 02:00;40,750;-;39,250
02.09.2025 02:00;02.09.2025 02:15;36,250;-;38,750
02.09.2025 02:15;02.09.2025 02:30;36,250;-;38,750
02.09.2025 02:30;02.09.2025 02:45;36,250;-;38,750
02.09.2025 02:45;02.09.2025 03:00;36,250;-;38,750
02.09.2025 03:00;02.09.2025 03:15;39,750;-;39,250
02.09.2025 03:15;02.09.2025 03:30;39,750;-;39,250
02.09.2025 03:30;02.09.2025 03:45;39,750;-;39,250
02.09.2025 03:45;02.09.2025 04:00;39,750;-;39,250
02.09.2025 04:00;02.09.2025 04:15;41,500;-;42,250
02.09.2025 04:15;02.09.2025 04:30;41,500;-;42,250
02.09.2025 04:30;02.09.2025 04:45;41,500;-;42,250
02.09.2025 04:45;02.09.2025 05:00;41,500;-;42,250
02.09.2025 05:00;02.09.2025 05:15;71,250;-;97,000
02.09.2025 05:15;02.09.2025 05:30;71,250;-;97,000
02.09.2025 05:30;02.09.2025 05:45;71,250;-;97,000
02.09.2025 05:45;02.09.2025 06:00;71,250;-;97,000
02.09.2025 06:00;02.09.2025 06:15;86,750;-;110,250
02.09.2025 06:15;02.09.2025 06:30;86,750;-;110,250
02.09.2025 06:30;02.09.2025 06:45;86,750;-;110,250
02.09.2025 06:45;02.09.2025 07:00;86,750;-;110,250
02.09.2025 07:00;02.09.2025 07:15;76,750;-;110,000
02.09.2025 07:15;02.09.2025 07:30;76,750;-;110,000
02.09.2025 07:30;02.09.2025 07:45;76,750;-;110,000
02.09.2025 07:45;02.09.2025 08:00;76,750;-;110,000
02.09.2025 08:00;02.09.2025 08:15;77,500;-;110,250
02.09.2025 08:15;02.09.2025 08:30;77,500;-;110,250
02.09.2025 08:30;02.09.2025 08:45;77,500;-;110,250
02.09.2025 08:45;02.09.2025 09:00;77,500;-;110,250
02.09.2025 09:00;02.09.2025 09:15;72,000;-;108,000
02.09.2025 09:15;02.09.2025 09:30;72,000;-;108,000
02.09.2025 09:30;02.09.2025 09:45;72,000;-;108,000
02.09.2025 09:45;02.09.2025 10:00;72,000;-;108,000
02.09.2025 10:00;02.09.2025 10:15;50,250;-;66,250
02.09.2025 10:15;02.09.2025 10:30;50,250;-;66,250
02.09.2025 10:30;02.09.2025 10:45;50,250;-;66,250
02.09.2025 10:45;02.09.2025 11:00;50,250;-;66,250
02.09.2025 11:00;02.09.2025 11:15;32,250;-;40,000
02.09.2025 11:15;02.09.2025 11:30;32,250;-;40,000
02.09.2025 11:30;02.09.2025 11:45;32,250;-;40,000
02.09.2025 11:45;02.09.2025 12:00;32,250;-;40,000
02.09.2025 12:00;02.09.2025 12:15;41,000;-;39,500
02.09.2025 12:15;02.09.2025 12:30;41,000;-;39,500
02.09.2025 12:30;02.09.2025 12:45;41,000;-;39,500
02.09.2025 12:45;02.09.2025 13:00;41,000;-;39,500
02.09.2025 13:00;02.09.2025 13:15;21,250;-;40,000
02.09.2025 13:15;02.09.2025 13:30;21,250;-;40,000
02.09.2025 13:30;02.09.2025 13:45;21,250;-;40,000
02.09.2025 13:45;02.09.2025 14:00;21,250;-;40,000
02.09.2025 14:00;02.09.2025 14:15;19,750;-;40,750
02.09.2025 14:15;02.09.2025 14:30;19,750;-;40,750
02.09.2025 14:30;02.09.2025 14:45;19,750;-;40,750
02.09.2025 14:45;02.09.2025 15:00;19,750;-;40,750
02.09.2025 15:00;02.09.2025 15:15;30,250;-;39,250
02.09.2025 15:15;02.09.2025 15:30;30,250;-;39,250
02.09.2025 15:30;02.09.2025 15:45;30,250;-;39,250
02.09.2025 15:45;02.09.2025 16:00;30,250;-;39,250
02.09.2025 16:00;02.09.2025 16:15;27,500;-;39,750
02.09.2025 16:15;02.09.2025 16:30;27,500;-;39,750
02.09.2025 16:30;02.09.2025 16:45;27,500;-;39,750
02.09.2025 16:45;02.09.2025 17:00;27,500;-;39,750
02.09.2025 17:00;02.09.2025 17:15;31,000;-;69,500
02.09.2025 17:15;02.09.2025 17:30;31,000;-;69,500
02.09.2025 17:30;02.09.2025 17:45;31,000;-;69,500
02.09.2025 17:45;02.09.2025 18:00;31,000;-;69,500
02.09.2025 18:00;02.09.2025 18:15;63,750;-;106,000
02.09.2025 18:15;02.09.2025 18:30;63,750;-;106,000
02.09.2025 18:30;02.09.2025 18:45;63,750;-;106,000
02.09.2025 18:45;02.09.2025 19:00;63,750;-;106,000
02.09.2025 19:00;02.09.2025 19:15;54,500;-;110,250
02.09.2025 19:15;02.09.2025 19:30;54,500;-;110,250
02.09.2025 19:30;02.09.2025 19:45;54,500;-;110,250
02.09.2025 19:45;02.09.2025 20:00;54,500;-;110,250
02.09.2025 20:00;02.09.2025 20:15;74,250;-;109,250
02.09.2025 20:15;02.09.2025 20:30;74,250;-;109,250
02.09.2025 20:30;02.09.2025 20:45;74,250;-;109,250
02.09.2025 20:45;02.09.2025 21:00;74,250;-;109,250
02.09.2025 21:00;02.09.2025 21:15;83,750;-;92,500
02.09.2025 21:15;02.09.2025 21:30;83,750;-;92,500
02.09.2025 21:30;02.09.2025 21:45;83,750;-;92,500
02.09.2025 21:45;02.09.2025 22:00;83,750;-;92,500
02.09.2025 22:00;02.09.2025 22:15;71,500;-;44,000
02.09.2025 22:15;02.09.2025 22:30;71,500;-;44,000
02.09.2025 22:30;02.09.2025 22:45;71,500;-;44,000
02.09.2025 22:45;02.09.2025 23:00;71,500;-;44,000
02.09.2025 23:00;02.09.2025 23:15;34,500;-;45,000
02.09.2025 23:15;02.09.2025 23:30;34,500;-;45,000
02.09.2025 23:30;02.09.2025 23:45;34,500;-;45,000
02.09.2025 23:45;03.09.2025 00:00;34,500;-;45,000
03.09.2025 00:00;03.09.2025 00:15;0,000;-;40,750
03.09.2025 00:15;03.09.2025 00:30;0,000;-;40,750
03.09.2025 00:30;03.09.2025 00:45;0,000;-;40,750
03.09.2025 00:45;03.09.2025 01:00;0,000;-;40,750
03.09.2025 01:00;03.09.2025 01:15;0,000;-;40,250
03.09.2025 01:15;03.09.2025 01:30;0,000;-;40,250
03.09.2025 01:30;03.09.2025 01:45;0,000;-;40,250
03.09.2025 01:45;03.09.2025 02:00;0,000;-;40,250
03.09.2025 02:00;03.09.2025 02:15;0,000;-;40,250
03.09.2025 02:15;03.09.2025 02:30;0,000;-;40,250
03.09.2025 02:30;03.09.2025 02:45;0,000;-;40,250
03.09.2025 02:45;03.09.2025 03:00;0,000;-;40,250
03.09.2025 03:00;03.09.2025 03:15;0,000;-;40,250
03.09.2025 03:15;03.09.2025 03:30;0,000;-;40,250
03.09.2025 03:30;03.09.2025 03:45;0,000;-;40,250
03.09.2025 03:45;03.09.2025 04:00;0,000;-;40,250
03.09.2025 04:00;03.09.2025 04:15;0,000;-;40,250
03.09.2025 04:15;03.09.2025 04:30;0,000;-;40,250
03.09.2025 04:30;03.09.2025 04:45;0,000;-;40,250
03.09.2025 04:45;03.09.2025 05:00;0,000;-;40,250
03.09.2025 05:00;03.09.2025 05:15;0,000;-;45,250
03.09.2025 05:15;03.09.2025 05:30;0,000;-;45,250
03.09.2025 05:30;03.09.2025 05:45;0,000;-;45,250
03.09.2025 05:45;03.09.2025 06:00;0,000;-;45,250
03.09.2025 06:00;03.09.2025 06:15;0,000;-;86,000
03.09.2025 06:15;03.09.2025 06:30;0,000;-;86,000
03.09.2025 06:30;03.09.2025 06:45;0,000;-;86,000
03.09.2025 06:45;03.09.2025 07:00;0,000;-;86,000
03.09.2025 07:00;03.09.2025 07:15;0,000;-;60,750
03.09.2025 07:15;03.09.2025 07:30;0,000;-;60,750
03.09.2025 07:30;03.09.2025 07:45;0,000;-;60,750
03.09.2025 07:45;03.09.2025 08:00;0,000;-;60,750
03.09.2025 08:00;03.09.2025 08:15;0,000;-;69,500
03.09.2025 08:15;03.09.2025 08:30;0,000;-;69,500
03.09.2025 08:30;03.09.2025 08:45;0,000;-;69,500
03.09.2025 08:45;03.09.2025 09:00;0,000;-;69,500
03.09.2025 09:00;03.09.2025 09:15;0,000;-;42,000
03.09.2025 09:15;03.09.2025 09:30;0,000;-;42,000
03.09.2025 09:30;03.09.2025 09:45;0,000;-;42,000
03.09.2025 09:45;03.09.2025 10:00;0,000;-;42,000
03.09.2025 10:00;03.09.2025 10:15;0,000;-;40,000
03.09.2025 10:15;03.09.2025 10:30;0,000;-;40,000
03.09.2025 10:30;03.09.2025 10:45;0,000;-;40,000
03.09.2025 10:45;03.09.2025 11:00;0,000;-;40,000
03.09.2025 11:00;03.09.2025 11:15;0,000;-;42,500
03.09.2025 11:15;03.09.2025 11:30;0,000;-;42,500
03.09.2025 11:30;03.09.2025 11:45;0,000;-;42,500
03.09.2025 11:45;03.09.2025 12:00;0,000;-;42,500
03.09.2025 12:00;03.09.2025 12:15;0,000;-;42,750
03.09.2025 12:15;03.09.2025 12:30;0,000;-;42,750
03.09.2025 12:30;03.09.2025 12:45;0,000;-;42,750
03.09.2025 12:45;03.09.2025 13:00;0,000;-;42,750
03.09.2025 13:00;03.09.2025 13:15;23,500;-;40,750
03.09.2025 13:15;03.09.2025 13:30;23,500;-;40,750
03.09.2025 13:30;03.09.2025 13:45;23,500;-;40,750
03.09.2025 13:45;03.09.2025 14:00;23,500;-;40,750
03.09.2025 14:00;03.09.2025 14:15;40,500;-;30,000
03.09.2025 14:15;03.09.2025 14:30;40,500;-;30,000
03.09.2025 14:30;03.09.2025 14:45;40,500;-;30,000
03.09.2025 14:45;03.09.2025 15:00;40,500;-;30,000
03.09.2025 15:00;03.09.2025 15:15;42,250;-;37,250
03.09.2025 15:15;03.09.2025 15:30;42,250;-;37,250
03.09.2025 15:30;03.09.2025 15:45;42,250;-;37,250
03.09.2025 15:45;03.09.2025 16:00;42,250;-;37,250
03.09.2025 16:00;03.09.2025 16:15;45,750;-;0,000
03.09.2025 16:15;03.09.2025 16:30;45,750;-;0,000
03.09.2025 16:30;03.09.2025 16:45;45,750;-;0,000
03.09.2025 16:45;03.09.2025 17:00;45,750;-;0,000
03.09.2025 17:00;03.09.2025 17:15;47,250;-;0,000
03.09.2025 17:15;03.09.2025 17:30;47,250;-;0,000
03.09.2025 17:30;03.09.2025 17:45;47,250;-;0,000
03.09.2025 17:45;03.09.2025 18:00;47,250;-;0,000
03.09.2025 18:00;03.09.2025 18:15;74,000;-;0,000
03.09.2025 18:15;03.09.2025 18:30;74,000;-;0,000
03.09.2025 18:30;03.09.2025 18:45;74,000;-;0,000
03.09.2025 18:45;03.09.2025 19:00;74,000;-;0,000
03.09.2025 19:00;03.09.2025 19:15;76,000;-;0,000
03.09.2025 19:15;03.09.2025 19:30;76,000;-;0,000
03.09.2025 19:30;03.09.2025 19:45;76,000;-;0,000
03.09.2025 19:45;03.09.2025 20:00;76,000;-;0,000
03.09.2025 20:00;03.09.2025 20:15;73,750;-;0,000
03.09.2025 20:15;03.09.2025 20:30;73,750;-;0,000
03.09.2025 20:30;03.09.2025 20:45;73,750;-;0,000
03.09.2025 20:45;03.09.2025 21:00;73,750;-;0,000
03.09.2025 21:00;03.09.2025 21:15;41,000;-;0,000
03.09.2025 21:15;03.09.2025 21:30;41,000;-;0,000
03.09.2025 21:30;03.09.2025 21:45;41,000;-;0,000
03.09.2025 21:45;03.09.2025 22:00;41,000;-;0,000
03.09.2025 22:00;03.09.2025 22:15;41,500;-;0,000
03.09.2025 22:15;03.09.2025 22:30;41,500;-;0,000
03.09.2025 22:30;03.09.2025 22:45;41,500;-;0,000
03.09.2025 22:45;03.09.2025 23:00;41,500;-;0,000
03.09.2025 23:00;03.09.2025 23:15;-;-;-
03.09.2025 23:15;03.09.2025 23:30;-;-;-
03.09.2025 23:30;03.09.2025 23:45;-;-;-
03.09.2025 23:45;04.09.2025 00:00;-;-;-
04.09.2025 00:00;04.09.2025 00:15;-;-;-
04.09.2025 00:15;04.09.2025 00:30;-;-;-
04.09.2025 00:30;04.09.2025 00:45;-;-;-
04.09.2025 00:45;04.09.2025 01:00;-;-;-
04.09.2025 01:00;04.09.2025 01:15;-;-;-
04.09.2025 01:15;04.09.2025 01:30;-;-;-
04.09.2025 01:30;04.09.2025 01:45;-;-;-
04.09.2025 01:45;04.09.2025 02:00;-;-;-
04.09.2025 02:00;04.09.2025 02:15;-;-;-
04.09.2025 02:15;04.09.2025 02:30;-;-;-
04.09.2025 02:30;04.09.2025 02:45;-;-;-
04.09.2025 02:45;04.09.2025 03:00;-;-;-
04.09.2025 03:00;04.09.2025 03:15;-;-;-
04.09.2025 03:15;04.09.2025 03:30;-;-;-
04.09.2025 03:30;04.09.2025 03:45;-;-;-
04.09.2025 03:45;04.09.2025 04:00;-;-;-
04.09.2025 04:00;04.09.2025 04:15;-;-;-
04.09.2025 04:15;04.09.2025 04:30;-;-;-
04.09.2025 04:30;04.09.2025 04:45;-;-;-
04.09.2025 04:45;04.09.2025 05:00;-;-;-
04.09.2025 05:00;04.09.2025 05:15;-;-;-
04.09.2025 05:15;04.09.2025 05:30;-;-;-
04.09.2025 05:30;04.09.2025 05:45;-;-;-
04.09.2025 05:45;04.09.2025 06:00;-;-;-
04.09.2025 06:00;04.09.2025 06:15;-;-;-
04.09.2025 06:15;04.09.2025 06:30;-;-;-
04.09.2025 06:30;04.09.2025 06:45;-;-;-
04.09.2025 06:45;04.09.2025 07:00;-;-;-
04.09.2025 07:00;04.09.2025 07:15;-;-;-
04.09.2025 07:15;04.09.2025 07:30;-;-;-
04.09.2025 07:30;04.09.2025 07:45;-;-;-
04.09.2025 07:45;04.09.2025 08:00;-;-;-
04.09.2025 08:00;04.09.2025 08:15;-;-;-
04.09.2025 08:15;04.09.2025 08:30;-;-;-
04.09.2025 08:30;04.09.2025 08:45;-;-;-
04.09.2025 08:45;04.09.2025 09:00;-;-;-
04.09.2025 09:00;04.09.2025 09:15;-;-;-
04.09.2025 09:15;04.09.2025 09:30;-;-;-
04.09.2025 09:30;04.09.2025 09:45;-;-;-
04.09.2025 09:45;04.09.2025 10:00;-;-;-
04.09.2025 10:00;04.09.2025 10:15;-;-;-
04.09.2025 10:15;04.09.2025 10:30;-;-;-
04.09.2025 10:30;04.09.2025 10:45;-;-;-
04.09.2025 10:45;04.09.2025 11:00;-;-;-
04.09.2025 11:00;04.09.2025 11:15;-;-;-
04.09.2025 11:15;04.09.2025 11:30;-;-;-
04.09.2025 11:30;04.09.2025 11:45;-;-;-
04.09.2025 11:45;04.09.2025 12:00;-;-;-
04.09.2025 12:00;04.09.2025 12:15;-;-;-
04.09.2025 12:15;04.09.2025 12:30;-;-;-
04.09.2025 12:30;04.09.2025 12:45;-;-;-
04.09.2025 12:45;04.09.2025 13:00;-;-;-
04.09.2025 13:00;04.09.2025 13:15;-;-;-
04.09.2025 13:15;04.09.2025 13:30;-;-;-
04.09.2025 13:30;04.09.2025 13:45;-;-;-
04.09.2025 13:45;04.09.2025 14:00;-;-;-
04.09.2025 14:00;04.09.2025 14:15;-;-;-
04.09.2025 14:15;04.09.2025 14:30;-;-;-
04.09.2025 14:30;04.09.2025 14:45;-;-;-
04.09.2025 14:45;04.09.2025 15:00;-;-;-
04.09.2025 15:00;04.09.2025 15:15;-;-;-
04.09.2025 15:15;04.09.2025 15:30;-;-;-
04.09.2025 15:30;04.09.2025 15:45;-;-;-
04.09.2025 15:45;04.09.2025 16:00;-;-;-
04.09.2025 16:00;04.09.2025 16:15;-;-;-
04.09.2025 16:15;04.09.2025 16:30;-;-;-
04.09.2025 16:30;04.09.2025 16:45;-;-;-
04.09.2025 16:45;04.09.2025 17:00;-;-;-
04.09.2025 17:00;04.09.2025 17:15;-;-;-
04.09.2025 17:15;04.09.2025 17:30;-;-;-
04.09.2025 17:30;04.09.2025 17:45;-;-;-
04.09.2025 17:45;04.09.2025 18:00;-;-;-
04.09.2025 18:00;04.09.2025 18:15;-;-;-
04.09.2025 18:15;04.09.2025 18:30;-;-;-
04.09.2025 18:30;04.09.2025 18:45;-;-;-
04.09.2025 18:45;04.09.2025 19:00;-;-;-
04.09.2025 19:00;04.09.2025 19:15;-;-;-
04.09.2025 19:15;04.09.2025 19:30;-;-;-
04.09.2025 19:30;04.09.2025 19:45;-;-;-
04.09.2025 19:45;04.09.2025 20:00;-;-;-
04.09.2025 20:00;04.09.2025 20:15;-;-;-
04.09.2025 20:15;04.09.2025 20:30;-;-;-
04.09.2025 20:30;04.09.2025 20:45;-;-;-
04.09.2025 20:45;04.09.2025 21:00;-;-;-
04.09.2025 21:00;04.09.2025 21:15;-;-;-
04.09.2025 21:15;04.09.2025 21:30;-;-;-
04.09.2025 21:30;04.09.2025 21:45;-;-;-
04.09.2025 21:45;04.09.2025 22:00;-;-;-
04.09.2025 22:00;04.09.2025 22:15;-;-;-
04.09.2025 22:15;04.09.2025 22:30;-;-;-
04.09.2025 22:30;04.09.2025 22:45;-;-;-
04.09.2025 22:45;04.09.2025 23:00;-;-;-
04.09.2025 23:00;04.09.2025 23:15;-;-;-
04.09.2025 23:15;04.09.2025 23:30;-;-;-
04.09.2025 23:30;04.09.2025 23:45;-;-;-
04.09.2025 23:45;05.09.2025 00:00;-;-;-
05.09.2025 00:00;05.09.2025 00:15;-;-;-
05.09.2025 00:15;05.09.2025 00:30;-;-;-
05.09.2025 00:30;05.09.2025 00:45;-;-;-
05.09.2025 00:45;05.09.2025 01:00;-;-;-
05.09.2025 01:00;05.09.2025 01:15;-;-;-
05.09.2025 01:15;05.09.2025 01:30;-;-;-
05.09.2025 01:30;05.09.2025 01:45;-;-;-
05.09.2025 01:45;05.09.2025 02:00;-;-;-
05.09.2025 02:00;05.09.2025 02:15;-;-;-
05.09.2025 02:15;05.09.2025 02:30;-;-;-
05.09.2025 02:30;05.09.2025 02:45;-;-;-
05.09.2025 02:45;05.09.2025 03:00;-;-;-
05.09.2025 03:00;05.09.2025 03:15;-;-;-
05.09.2025 03:15;05.09.2025 03:30;-;-;-
05.09.2025 03:30;05.09.2025 03:45;-;-;-
05.09.2025 03:45;05.09.2025 04:00;-;-;-
05.09.2025 04:00;05.09.2025 04:15;-;-;-
05.09.2025 04:15;05.09.2025 04:30;-;-;-
05.09.2025 04:30;05.09.2025 04:45;-;-;-
05.09.2025 04:45;05.09.2025 05:00;-;-;-
05.09.2025 05:00;05.09.2025 05:15;-;-;-
05.09.2025 05:15;05.09.2025 05:30;-;-;-
05.09.2025 05:30;05.09.2025 05:45;-;-;-
05.09.2025 05:45;05.09.2025 06:00;-;-;-
05.09.2025 06:00;05.09.2025 06:15;-;-;-
05.09.2025 06:15;05.09.2025 06:30;-;-;-
05.09.2025 06:30;05.09.2025 06:45;-;-;-
05.09.2025 06:45;05.09.2025 07:00;-;-;-
05.09.2025 07:00;05.09.2025 07:15;-;-;-
05.09.2025 07:15;05.09.2025 07:30;-;-;-
05.09.2025 07:30;05.09.2025 07:45;-;-;-
05.09.2025 07:45;05.09.2025 08:00;-;-;-
05.09.2025 08:00;05.09.2025 08:15;-;-;-
05.09.2025 08:15;05.09.2025 08:30;-;-;-
05.09.2025 08:30;05.09.2025 08:45;-;-;-
05.09.2025 08:45;05.09.2025 09:00;-;-;-
05.09.2025 09:00;05.09.2025 09:15;-;-;-
05.09.2025 09:15;05.09.2025 09:30;-;-;-
05.09.2025 09:30;05.09.2025 09:45;-;-;-
05.09.2025 09:45;05.09.2025 10:00;-;-;-
05.09.2025 10:00;05.09.2025 10:15;-;-;-
05.09.2025 10:15;05.09.2025 10:30;-;-;-
05.09.2025 10:30;05.09.2025 10:45;-;-;-
05.09.2025 10:45;05.09.2025 11:00;-;-;-
05.09.2025 11:00;05.09.2025 11:15;-;-;-
05.09.2025 11:15;05.09.2025 11:30;-;-;-
05.09.2025 11:30;05.09.2025 11:45;-;-;-
05.09.2025 11:45;05.09.2025 12:00;-;-;-
05.09.2025 12:00;05.09.2025 12:15;-;-;-
05.09.2025 12:15;05.09.2025 12:30;-;-;-
05.09.2025 12:30;05.09.2025 12:45;-;-;-
05.09.2025 12:45;05.09.2025 13:00;-;-;-
05.09.2025 13:00;05.09.2025 13:15;-;-;-
05.09.2025 13:15;05.09.2025 13:30;-;-;-
05.09.2025 13:30;05.09.2025 13:45;-;-;-
05.09.2025 13:45;05.09.2025 14:00;-;-;-
05.09.2025 14:00;05.09.2025 14:15;-;-;-
05.09.2025 14:15;05.09.2025 14:30;-;-;-
05.09.2025 14:30;05.09.2025 14:45;-;-;-
05.09.2025 14:45;05.09.2025 15:00;-;-;-
05.09.2025 15:00;05.09.2025 15:15;-;-;-
05.09.2025 15:15;05.09.2025 15:30;-;-;-
05.09.2025 15:30;05.09.2025 15:45;-;-;-
05.09.2025 15:45;05.09.2025 16:00;-;-;-
05.09.2025 16:00;05.09.2025 16:15;-;-;-
05.09.2025 16:15;05.09.2025 16:30;-;-;-
05.09.2025 16:30;05.09.2025 16:45;-;-;-
05.09.2025 16:45;05.09.2025 17:00;-;-;-
05.09.2025 17:00;05.09.2025 17:15;-;-;-
05.09.2025 17:15;05.09.2025 17:30;-;-;-
05.09.2025 17:30;05.09.2025 17:45;-;-;-
05.09.2025 17:45;05.09.2025 18:00;-;-;-
05.09.2025 18:00;05.09.2025 18:15;-;-;-
05.09.2025 18:15;05.09.2025 18:30;-;-;-
05.09.2025 18:30;05.09.2025 18:45;-;-;-
05.09.2025 18:45;05.09.2025 19:00;-;-;-
05.09.2025 19:00;05.09.2025 19:15;-;-;-
05.09.2025 19:15;05.09.2025 19:30;-;-;-
05.09.2025 19:30;05.09.2025 19:45;-;-;-
05.09.2025 19:45;05.09.2025 20:00;-;-;-
05.09.2025 20:00;05.09.2025 20:15;-;-;-
05.09.2025 20:15;05.09.2025 20:30;-;-;-
05.09.2025 20:30;05.09.2025 20:45;-;-;-
05.09.2025 20:45;05.09.2025 21:00;-;-;-
05.09.2025 21:00;05.09.2025 21:15;-;-;-
05.09.2025 21:15;05.09.2025 21:30;-;-;-
05.09.2025 21:30;05.09.2025 21:45;-;-;-
05.09.2025 21:45;05.09.2025 22:00;-;-;-
05.09.2025 22:00;05.09.2025 22:15;-;-;-
05.09.2025 22:15;05.09.2025 22:30;-;-;-
05.09.2025 22:30;05.09.2025 22:45;-;-;-
05.09.2025 22:45;05.09.2025 23:00;-;-;-
05.09.2025 23:00;05.09.2025 23:15;-;-;-
05.09.2025 23:15;05.09.2025 23:30;-;-;-
05.09.2025 23:30;05.09.2025 23:45;-;-;-
05.09.2025 23:45;06.09.2025 00:00;-;-;-
