Datum von;Datum bis;Generation_DE Weisweiler G VGT [MW] Berechnete Auflösungen;Generation_DE Weisweiler H VGT [MW] Berechnete Auflösungen;Generation_DE Weisweiler F [MW] Berechnete Auflösungen;Generation_DE Weisweiler G [MW] Berechnete Auflösungen;Generation_DE Weisweiler H [MW] Berechnete Auflösungen;Generation_DE Weisweiler [MW] Berechnete Auflösungen;Generation_DE Weisweiler [MW] Berechnete Auflösungen;Generation_DE Weisweiler E [MW] Berechnete Auflösungen
26.08.2025 00:00;26.08.2025 00:15;0,000;0,000;-;162,000;163,000;-;-;-
26.08.2025 00:15;26.08.2025 00:30;0,000;0,000;-;162,000;163,000;-;-;-
26.08.2025 00:30;26.08.2025 00:45;0,000;0,000;-;162,000;163,000;-;-;-
26.08.2025 00:45;26.08.2025 01:00;0,000;0,000;-;162,000;163,000;-;-;-
26.08.2025 01:00;26.08.2025 01:15;0,000;0,000;-;162,000;164,750;-;-;-
26.08.2025 01:15;26.08.2025 01:30;0,000;0,000;-;162,000;164,750;-;-;-
26.08.2025 01:30;26.08.2025 01:45;0,000;0,000;-;162,000;164,750;-;-;-
26.08.2025 01:45;26.08.2025 02:00;0,000;0,000;-;162,000;164,750;-;-;-
26.08.2025 02:00;26.08.2025 02:15;0,000;0,000;-;162,750;164,750;-;-;-
26.08.2025 02:15;26.08.2025 02:30;0,000;0,000;-;162,750;164,750;-;-;-
26.08.2025 02:30;26.08.2025 02:45;0,000;0,000;-;162,750;164,750;-;-;-
26.08.2025 02:45;26.08.2025 03:00;0,000;0,000;-;162,750;164,750;-;-;-
26.08.2025 03:00;26.08.2025 03:15;0,000;0,000;-;162,250;164,750;-;-;-
26.08.2025 03:15;26.08.2025 03:30;0,000;0,000;-;162,250;164,750;-;-;-
26.08.2025 03:30;26.08.2025 03:45;0,000;0,000;-;162,250;164,750;-;-;-
26.08.2025 03:45;26.08.2025 04:00;0,000;0,000;-;162,250;164,750;-;-;-
26.08.2025 04:00;26.08.2025 04:15;0,000;0,000;-;162,250;165,000;-;-;-
26.08.2025 04:15;26.08.2025 04:30;0,000;0,000;-;162,250;165,000;-;-;-
26.08.2025 04:30;26.08.2025 04:45;0,000;0,000;-;162,250;165,000;-;-;-
26.08.2025 04:45;26.08.2025 05:00;0,000;0,000;-;162,250;165,000;-;-;-
26.08.2025 05:00;26.08.2025 05:15;0,000;0,000;-;162,000;164,500;-;-;-
26.08.2025 05:15;26.08.2025 05:30;0,000;0,000;-;162,000;164,500;-;-;-
26.08.2025 05:30;26.08.2025 05:45;0,000;0,000;-;162,000;164,500;-;-;-
26.08.2025 05:45;26.08.2025 06:00;0,000;0,000;-;162,000;164,500;-;-;-
26.08.2025 06:00;26.08.2025 06:15;0,000;0,000;-;162,000;164,000;-;-;-
26.08.2025 06:15;26.08.2025 06:30;0,000;0,000;-;162,000;164,000;-;-;-
26.08.2025 06:30;26.08.2025 06:45;0,000;0,000;-;162,000;164,000;-;-;-
26.08.2025 06:45;26.08.2025 07:00;0,000;0,000;-;162,000;164,000;-;-;-
26.08.2025 07:00;26.08.2025 07:15;0,000;0,000;-;162,250;163,750;-;-;-
26.08.2025 07:15;26.08.2025 07:30;0,000;0,000;-;162,250;163,750;-;-;-
26.08.2025 07:30;26.08.2025 07:45;0,000;0,000;-;162,250;163,750;-;-;-
26.08.2025 07:45;26.08.2025 08:00;0,000;0,000;-;162,250;163,750;-;-;-
26.08.2025 08:00;26.08.2025 08:15;0,000;0,000;-;161,750;134,250;-;-;-
26.08.2025 08:15;26.08.2025 08:30;0,000;0,000;-;161,750;134,250;-;-;-
26.08.2025 08:30;26.08.2025 08:45;0,000;0,000;-;161,750;134,250;-;-;-
26.08.2025 08:45;26.08.2025 09:00;0,000;0,000;-;161,750;134,250;-;-;-
26.08.2025 09:00;26.08.2025 09:15;0,000;0,000;-;140,000;72,250;-;-;-
26.08.2025 09:15;26.08.2025 09:30;0,000;0,000;-;140,000;72,250;-;-;-
26.08.2025 09:30;26.08.2025 09:45;0,000;0,000;-;140,000;72,250;-;-;-
26.08.2025 09:45;26.08.2025 10:00;0,000;0,000;-;140,000;72,250;-;-;-
26.08.2025 10:00;26.08.2025 10:15;0,000;0,000;-;80,250;63,750;-;-;-
26.08.2025 10:15;26.08.2025 10:30;0,000;0,000;-;80,250;63,750;-;-;-
26.08.2025 10:30;26.08.2025 10:45;0,000;0,000;-;80,250;63,750;-;-;-
26.08.2025 10:45;26.08.2025 11:00;0,000;0,000;-;80,250;63,750;-;-;-
26.08.2025 11:00;26.08.2025 11:15;0,000;0,000;-;60,000;62,000;-;-;-
26.08.2025 11:15;26.08.2025 11:30;0,000;0,000;-;60,000;62,000;-;-;-
26.08.2025 11:30;26.08.2025 11:45;0,000;0,000;-;60,000;62,000;-;-;-
26.08.2025 11:45;26.08.2025 12:00;0,000;0,000;-;60,000;62,000;-;-;-
26.08.2025 12:00;26.08.2025 12:15;0,000;0,000;-;60,250;61,750;-;-;-
26.08.2025 12:15;26.08.2025 12:30;0,000;0,000;-;60,250;61,750;-;-;-
26.08.2025 12:30;26.08.2025 12:45;0,000;0,000;-;60,250;61,750;-;-;-
26.08.2025 12:45;26.08.2025 13:00;0,000;0,000;-;60,250;61,750;-;-;-
26.08.2025 13:00;26.08.2025 13:15;0,000;0,000;-;60,250;62,250;-;-;-
26.08.2025 13:15;26.08.2025 13:30;0,000;0,000;-;60,250;62,250;-;-;-
26.08.2025 13:30;26.08.2025 13:45;0,000;0,000;-;60,250;62,250;-;-;-
26.08.2025 13:45;26.08.2025 14:00;0,000;0,000;-;60,250;62,250;-;-;-
26.08.2025 14:00;26.08.2025 14:15;0,000;0,000;-;59,750;61,500;-;-;-
26.08.2025 14:15;26.08.2025 14:30;0,000;0,000;-;59,750;61,500;-;-;-
26.08.2025 14:30;26.08.2025 14:45;0,000;0,000;-;59,750;61,500;-;-;-
26.08.2025 14:45;26.08.2025 15:00;0,000;0,000;-;59,750;61,500;-;-;-
26.08.2025 15:00;26.08.2025 15:15;0,000;0,000;-;64,500;64,500;-;-;-
26.08.2025 15:15;26.08.2025 15:30;0,000;0,000;-;64,500;64,500;-;-;-
26.08.2025 15:30;26.08.2025 15:45;0,000;0,000;-;64,500;64,500;-;-;-
26.08.2025 15:45;26.08.2025 16:00;0,000;0,000;-;64,500;64,500;-;-;-
26.08.2025 16:00;26.08.2025 16:15;0,000;0,000;-;135,000;77,000;-;-;-
26.08.2025 16:15;26.08.2025 16:30;0,000;0,000;-;135,000;77,000;-;-;-
26.08.2025 16:30;26.08.2025 16:45;0,000;0,000;-;135,000;77,000;-;-;-
26.08.2025 16:45;26.08.2025 17:00;0,000;0,000;-;135,000;77,000;-;-;-
26.08.2025 17:00;26.08.2025 17:15;0,000;0,000;-;158,000;80,500;-;-;-
26.08.2025 17:15;26.08.2025 17:30;0,000;0,000;-;158,000;80,500;-;-;-
26.08.2025 17:30;26.08.2025 17:45;0,000;0,000;-;158,000;80,500;-;-;-
26.08.2025 17:45;26.08.2025 18:00;0,000;0,000;-;158,000;80,500;-;-;-
26.08.2025 18:00;26.08.2025 18:15;26,500;0,000;-;160,000;80,000;-;-;-
26.08.2025 18:15;26.08.2025 18:30;26,500;0,000;-;160,000;80,000;-;-;-
26.08.2025 18:30;26.08.2025 18:45;26,500;0,000;-;160,000;80,000;-;-;-
26.08.2025 18:45;26.08.2025 19:00;26,500;0,000;-;160,000;80,000;-;-;-
26.08.2025 19:00;26.08.2025 19:15;44,000;0,000;-;159,750;81,000;-;-;-
26.08.2025 19:15;26.08.2025 19:30;44,000;0,000;-;159,750;81,000;-;-;-
26.08.2025 19:30;26.08.2025 19:45;44,000;0,000;-;159,750;81,000;-;-;-
26.08.2025 19:45;26.08.2025 20:00;44,000;0,000;-;159,750;81,000;-;-;-
26.08.2025 20:00;26.08.2025 20:15;44,500;0,000;-;159,750;80,250;-;-;-
26.08.2025 20:15;26.08.2025 20:30;44,500;0,000;-;159,750;80,250;-;-;-
26.08.2025 20:30;26.08.2025 20:45;44,500;0,000;-;159,750;80,250;-;-;-
26.08.2025 20:45;26.08.2025 21:00;44,500;0,000;-;159,750;80,250;-;-;-
26.08.2025 21:00;26.08.2025 21:15;39,250;0,000;-;158,250;81,000;-;-;-
26.08.2025 21:15;26.08.2025 21:30;39,250;0,000;-;158,250;81,000;-;-;-
26.08.2025 21:30;26.08.2025 21:45;39,250;0,000;-;158,250;81,000;-;-;-
26.08.2025 21:45;26.08.2025 22:00;39,250;0,000;-;158,250;81,000;-;-;-
26.08.2025 22:00;26.08.2025 22:15;0,000;0,000;-;154,750;80,250;-;-;-
26.08.2025 22:15;26.08.2025 22:30;0,000;0,000;-;154,750;80,250;-;-;-
26.08.2025 22:30;26.08.2025 22:45;0,000;0,000;-;154,750;80,250;-;-;-
26.08.2025 22:45;26.08.2025 23:00;0,000;0,000;-;154,750;80,250;-;-;-
26.08.2025 23:00;26.08.2025 23:15;0,000;0,000;-;159,750;79,750;-;-;-
26.08.2025 23:15;26.08.2025 23:30;0,000;0,000;-;159,750;79,750;-;-;-
26.08.2025 23:30;26.08.2025 23:45;0,000;0,000;-;159,750;79,750;-;-;-
26.08.2025 23:45;27.08.2025 00:00;0,000;0,000;-;159,750;79,750;-;-;-
27.08.2025 00:00;27.08.2025 00:15;0,000;0,000;-;160,250;78,750;-;-;-
27.08.2025 00:15;27.08.2025 00:30;0,000;0,000;-;160,250;78,750;-;-;-
27.08.2025 00:30;27.08.2025 00:45;0,000;0,000;-;160,250;78,750;-;-;-
27.08.2025 00:45;27.08.2025 01:00;0,000;0,000;-;160,250;78,750;-;-;-
27.08.2025 01:00;27.08.2025 01:15;0,000;0,000;-;151,250;67,250;-;-;-
27.08.2025 01:15;27.08.2025 01:30;0,000;0,000;-;151,250;67,250;-;-;-
27.08.2025 01:30;27.08.2025 01:45;0,000;0,000;-;151,250;67,250;-;-;-
27.08.2025 01:45;27.08.2025 02:00;0,000;0,000;-;151,250;67,250;-;-;-
27.08.2025 02:00;27.08.2025 02:15;0,000;0,000;-;156,000;67,000;-;-;-
27.08.2025 02:15;27.08.2025 02:30;0,000;0,000;-;156,000;67,000;-;-;-
27.08.2025 02:30;27.08.2025 02:45;0,000;0,000;-;156,000;67,000;-;-;-
27.08.2025 02:45;27.08.2025 03:00;0,000;0,000;-;156,000;67,000;-;-;-
27.08.2025 03:00;27.08.2025 03:15;0,000;0,000;-;157,000;66,500;-;-;-
27.08.2025 03:15;27.08.2025 03:30;0,000;0,000;-;157,000;66,500;-;-;-
27.08.2025 03:30;27.08.2025 03:45;0,000;0,000;-;157,000;66,500;-;-;-
27.08.2025 03:45;27.08.2025 04:00;0,000;0,000;-;157,000;66,500;-;-;-
27.08.2025 04:00;27.08.2025 04:15;0,000;0,000;-;159,750;75,750;-;-;-
27.08.2025 04:15;27.08.2025 04:30;0,000;0,000;-;159,750;75,750;-;-;-
27.08.2025 04:30;27.08.2025 04:45;0,000;0,000;-;159,750;75,750;-;-;-
27.08.2025 04:45;27.08.2025 05:00;0,000;0,000;-;159,750;75,750;-;-;-
27.08.2025 05:00;27.08.2025 05:15;0,000;0,000;-;161,750;80,250;-;-;-
27.08.2025 05:15;27.08.2025 05:30;0,000;0,000;-;161,750;80,250;-;-;-
27.08.2025 05:30;27.08.2025 05:45;0,000;0,000;-;161,750;80,250;-;-;-
27.08.2025 05:45;27.08.2025 06:00;0,000;0,000;-;161,750;80,250;-;-;-
27.08.2025 06:00;27.08.2025 06:15;0,000;0,000;-;161,500;78,000;-;-;-
27.08.2025 06:15;27.08.2025 06:30;0,000;0,000;-;161,500;78,000;-;-;-
27.08.2025 06:30;27.08.2025 06:45;0,000;0,000;-;161,500;78,000;-;-;-
27.08.2025 06:45;27.08.2025 07:00;0,000;0,000;-;161,500;78,000;-;-;-
27.08.2025 07:00;27.08.2025 07:15;0,000;0,000;-;159,000;78,000;-;-;-
27.08.2025 07:15;27.08.2025 07:30;0,000;0,000;-;159,000;78,000;-;-;-
27.08.2025 07:30;27.08.2025 07:45;0,000;0,000;-;159,000;78,000;-;-;-
27.08.2025 07:45;27.08.2025 08:00;0,000;0,000;-;159,000;78,000;-;-;-
27.08.2025 08:00;27.08.2025 08:15;0,000;0,000;-;160,500;78,750;-;-;-
27.08.2025 08:15;27.08.2025 08:30;0,000;0,000;-;160,500;78,750;-;-;-
27.08.2025 08:30;27.08.2025 08:45;0,000;0,000;-;160,500;78,750;-;-;-
27.08.2025 08:45;27.08.2025 09:00;0,000;0,000;-;160,500;78,750;-;-;-
27.08.2025 09:00;27.08.2025 09:15;0,000;0,000;-;161,500;78,250;-;-;-
27.08.2025 09:15;27.08.2025 09:30;0,000;0,000;-;161,500;78,250;-;-;-
27.08.2025 09:30;27.08.2025 09:45;0,000;0,000;-;161,500;78,250;-;-;-
27.08.2025 09:45;27.08.2025 10:00;0,000;0,000;-;161,500;78,250;-;-;-
27.08.2025 10:00;27.08.2025 10:15;0,000;0,000;-;146,000;74,000;-;-;-
27.08.2025 10:15;27.08.2025 10:30;0,000;0,000;-;146,000;74,000;-;-;-
27.08.2025 10:30;27.08.2025 10:45;0,000;0,000;-;146,000;74,000;-;-;-
27.08.2025 10:45;27.08.2025 11:00;0,000;0,000;-;146,000;74,000;-;-;-
27.08.2025 11:00;27.08.2025 11:15;0,000;0,000;-;69,500;61,500;-;-;-
27.08.2025 11:15;27.08.2025 11:30;0,000;0,000;-;69,500;61,500;-;-;-
27.08.2025 11:30;27.08.2025 11:45;0,000;0,000;-;69,500;61,500;-;-;-
27.08.2025 11:45;27.08.2025 12:00;0,000;0,000;-;69,500;61,500;-;-;-
27.08.2025 12:00;27.08.2025 12:15;0,000;0,000;-;60,000;62,250;-;-;-
27.08.2025 12:15;27.08.2025 12:30;0,000;0,000;-;60,000;62,250;-;-;-
27.08.2025 12:30;27.08.2025 12:45;0,000;0,000;-;60,000;62,250;-;-;-
27.08.2025 12:45;27.08.2025 13:00;0,000;0,000;-;60,000;62,250;-;-;-
27.08.2025 13:00;27.08.2025 13:15;0,000;0,000;-;60,000;61,750;-;-;-
27.08.2025 13:15;27.08.2025 13:30;0,000;0,000;-;60,000;61,750;-;-;-
27.08.2025 13:30;27.08.2025 13:45;0,000;0,000;-;60,000;61,750;-;-;-
27.08.2025 13:45;27.08.2025 14:00;0,000;0,000;-;60,000;61,750;-;-;-
27.08.2025 14:00;27.08.2025 14:15;0,000;0,000;-;60,000;62,000;-;-;-
27.08.2025 14:15;27.08.2025 14:30;0,000;0,000;-;60,000;62,000;-;-;-
27.08.2025 14:30;27.08.2025 14:45;0,000;0,000;-;60,000;62,000;-;-;-
27.08.2025 14:45;27.08.2025 15:00;0,000;0,000;-;60,000;62,000;-;-;-
27.08.2025 15:00;27.08.2025 15:15;0,000;0,000;-;64,000;63,500;-;-;-
27.08.2025 15:15;27.08.2025 15:30;0,000;0,000;-;64,000;63,500;-;-;-
27.08.2025 15:30;27.08.2025 15:45;0,000;0,000;-;64,000;63,500;-;-;-
27.08.2025 15:45;27.08.2025 16:00;0,000;0,000;-;64,000;63,500;-;-;-
27.08.2025 16:00;27.08.2025 16:15;0,000;0,000;-;125,000;71,500;-;-;-
27.08.2025 16:15;27.08.2025 16:30;0,000;0,000;-;125,000;71,500;-;-;-
27.08.2025 16:30;27.08.2025 16:45;0,000;0,000;-;125,000;71,500;-;-;-
27.08.2025 16:45;27.08.2025 17:00;0,000;0,000;-;125,000;71,500;-;-;-
27.08.2025 17:00;27.08.2025 17:15;0,000;0,000;-;160,500;137,750;-;-;-
27.08.2025 17:15;27.08.2025 17:30;0,000;0,000;-;160,500;137,750;-;-;-
27.08.2025 17:30;27.08.2025 17:45;0,000;0,000;-;160,500;137,750;-;-;-
27.08.2025 17:45;27.08.2025 18:00;0,000;0,000;-;160,500;137,750;-;-;-
27.08.2025 18:00;27.08.2025 18:15;32,500;32,750;-;160,750;162,000;-;-;-
27.08.2025 18:15;27.08.2025 18:30;32,500;32,750;-;160,750;162,000;-;-;-
27.08.2025 18:30;27.08.2025 18:45;32,500;32,750;-;160,750;162,000;-;-;-
27.08.2025 18:45;27.08.2025 19:00;32,500;32,750;-;160,750;162,000;-;-;-
27.08.2025 19:00;27.08.2025 19:15;44,500;44,250;-;161,000;162,000;-;-;-
27.08.2025 19:15;27.08.2025 19:30;44,500;44,250;-;161,000;162,000;-;-;-
27.08.2025 19:30;27.08.2025 19:45;44,500;44,250;-;161,000;162,000;-;-;-
27.08.2025 19:45;27.08.2025 20:00;44,500;44,250;-;161,000;162,000;-;-;-
27.08.2025 20:00;27.08.2025 20:15;45,000;45,000;-;160,250;162,750;-;-;-
27.08.2025 20:15;27.08.2025 20:30;45,000;45,000;-;160,250;162,750;-;-;-
27.08.2025 20:30;27.08.2025 20:45;45,000;45,000;-;160,250;162,750;-;-;-
27.08.2025 20:45;27.08.2025 21:00;45,000;45,000;-;160,250;162,750;-;-;-
27.08.2025 21:00;27.08.2025 21:15;16,750;16,750;-;158,000;158,250;-;-;-
27.08.2025 21:15;27.08.2025 21:30;16,750;16,750;-;158,000;158,250;-;-;-
27.08.2025 21:30;27.08.2025 21:45;16,750;16,750;-;158,000;158,250;-;-;-
27.08.2025 21:45;27.08.2025 22:00;16,750;16,750;-;158,000;158,250;-;-;-
27.08.2025 22:00;27.08.2025 22:15;0,000;0,000;-;157,250;157,000;-;-;-
27.08.2025 22:15;27.08.2025 22:30;0,000;0,000;-;157,250;157,000;-;-;-
27.08.2025 22:30;27.08.2025 22:45;0,000;0,000;-;157,250;157,000;-;-;-
27.08.2025 22:45;27.08.2025 23:00;0,000;0,000;-;157,250;157,000;-;-;-
27.08.2025 23:00;27.08.2025 23:15;0,000;0,000;-;161,250;162,000;-;-;-
27.08.2025 23:15;27.08.2025 23:30;0,000;0,000;-;161,250;162,000;-;-;-
27.08.2025 23:30;27.08.2025 23:45;0,000;0,000;-;161,250;162,000;-;-;-
27.08.2025 23:45;28.08.2025 00:00;0,000;0,000;-;161,250;162,000;-;-;-
28.08.2025 00:00;28.08.2025 00:15;0,000;0,000;-;160,500;162,000;-;-;-
28.08.2025 00:15;28.08.2025 00:30;0,000;0,000;-;160,500;162,000;-;-;-
28.08.2025 00:30;28.08.2025 00:45;0,000;0,000;-;160,500;162,000;-;-;-
28.08.2025 00:45;28.08.2025 01:00;0,000;0,000;-;160,500;162,000;-;-;-
28.08.2025 01:00;28.08.2025 01:15;0,000;0,000;-;159,750;161,250;-;-;-
28.08.2025 01:15;28.08.2025 01:30;0,000;0,000;-;159,750;161,250;-;-;-
28.08.2025 01:30;28.08.2025 01:45;0,000;0,000;-;159,750;161,250;-;-;-
28.08.2025 01:45;28.08.2025 02:00;0,000;0,000;-;159,750;161,250;-;-;-
28.08.2025 02:00;28.08.2025 02:15;0,000;0,000;-;162,250;162,250;-;-;-
28.08.2025 02:15;28.08.2025 02:30;0,000;0,000;-;162,250;162,250;-;-;-
28.08.2025 02:30;28.08.2025 02:45;0,000;0,000;-;162,250;162,250;-;-;-
28.08.2025 02:45;28.08.2025 03:00;0,000;0,000;-;162,250;162,250;-;-;-
28.08.2025 03:00;28.08.2025 03:15;0,000;0,000;-;161,750;163,000;-;-;-
28.08.2025 03:15;28.08.2025 03:30;0,000;0,000;-;161,750;163,000;-;-;-
28.08.2025 03:30;28.08.2025 03:45;0,000;0,000;-;161,750;163,000;-;-;-
28.08.2025 03:45;28.08.2025 04:00;0,000;0,000;-;161,750;163,000;-;-;-
28.08.2025 04:00;28.08.2025 04:15;0,000;0,000;-;161,750;162,000;-;-;-
28.08.2025 04:15;28.08.2025 04:30;0,000;0,000;-;161,750;162,000;-;-;-
28.08.2025 04:30;28.08.2025 04:45;0,000;0,000;-;161,750;162,000;-;-;-
28.08.2025 04:45;28.08.2025 05:00;0,000;0,000;-;161,750;162,000;-;-;-
28.08.2025 05:00;28.08.2025 05:15;0,000;0,000;-;161,500;162,250;-;-;-
28.08.2025 05:15;28.08.2025 05:30;0,000;0,000;-;161,500;162,250;-;-;-
28.08.2025 05:30;28.08.2025 05:45;0,000;0,000;-;161,500;162,250;-;-;-
28.08.2025 05:45;28.08.2025 06:00;0,000;0,000;-;161,500;162,250;-;-;-
28.08.2025 06:00;28.08.2025 06:15;0,000;0,000;-;161,500;162,000;-;-;-
28.08.2025 06:15;28.08.2025 06:30;0,000;0,000;-;161,500;162,000;-;-;-
28.08.2025 06:30;28.08.2025 06:45;0,000;0,000;-;161,500;162,000;-;-;-
28.08.2025 06:45;28.08.2025 07:00;0,000;0,000;-;161,500;162,000;-;-;-
28.08.2025 07:00;28.08.2025 07:15;0,000;0,000;-;161,500;161,250;-;-;-
28.08.2025 07:15;28.08.2025 07:30;0,000;0,000;-;161,500;161,250;-;-;-
28.08.2025 07:30;28.08.2025 07:45;0,000;0,000;-;161,500;161,250;-;-;-
28.08.2025 07:45;28.08.2025 08:00;0,000;0,000;-;161,500;161,250;-;-;-
28.08.2025 08:00;28.08.2025 08:15;0,000;0,000;-;159,000;162,500;-;-;-
28.08.2025 08:15;28.08.2025 08:30;0,000;0,000;-;159,000;162,500;-;-;-
28.08.2025 08:30;28.08.2025 08:45;0,000;0,000;-;159,000;162,500;-;-;-
28.08.2025 08:45;28.08.2025 09:00;0,000;0,000;-;159,000;162,500;-;-;-
28.08.2025 09:00;28.08.2025 09:15;0,000;0,000;-;161,500;162,250;-;-;-
28.08.2025 09:15;28.08.2025 09:30;0,000;0,000;-;161,500;162,250;-;-;-
28.08.2025 09:30;28.08.2025 09:45;0,000;0,000;-;161,500;162,250;-;-;-
28.08.2025 09:45;28.08.2025 10:00;0,000;0,000;-;161,500;162,250;-;-;-
28.08.2025 10:00;28.08.2025 10:15;0,000;0,000;-;161,500;162,500;-;-;-
28.08.2025 10:15;28.08.2025 10:30;0,000;0,000;-;161,500;162,500;-;-;-
28.08.2025 10:30;28.08.2025 10:45;0,000;0,000;-;161,500;162,500;-;-;-
28.08.2025 10:45;28.08.2025 11:00;0,000;0,000;-;161,500;162,500;-;-;-
28.08.2025 11:00;28.08.2025 11:15;0,000;0,000;-;160,000;156,000;-;-;-
28.08.2025 11:15;28.08.2025 11:30;0,000;0,000;-;160,000;156,000;-;-;-
28.08.2025 11:30;28.08.2025 11:45;0,000;0,000;-;160,000;156,000;-;-;-
28.08.2025 11:45;28.08.2025 12:00;0,000;0,000;-;160,000;156,000;-;-;-
28.08.2025 12:00;28.08.2025 12:15;0,000;0,000;-;158,250;113,500;-;-;-
28.08.2025 12:15;28.08.2025 12:30;0,000;0,000;-;158,250;113,500;-;-;-
28.08.2025 12:30;28.08.2025 12:45;0,000;0,000;-;158,250;113,500;-;-;-
28.08.2025 12:45;28.08.2025 13:00;0,000;0,000;-;158,250;113,500;-;-;-
28.08.2025 13:00;28.08.2025 13:15;0,000;0,000;-;158,500;92,750;-;-;-
28.08.2025 13:15;28.08.2025 13:30;0,000;0,000;-;158,500;92,750;-;-;-
28.08.2025 13:30;28.08.2025 13:45;0,000;0,000;-;158,500;92,750;-;-;-
28.08.2025 13:45;28.08.2025 14:00;0,000;0,000;-;158,500;92,750;-;-;-
28.08.2025 14:00;28.08.2025 14:15;0,000;0,000;-;159,500;136,000;-;-;-
28.08.2025 14:15;28.08.2025 14:30;0,000;0,000;-;159,500;136,000;-;-;-
28.08.2025 14:30;28.08.2025 14:45;0,000;0,000;-;159,500;136,000;-;-;-
28.08.2025 14:45;28.08.2025 15:00;0,000;0,000;-;159,500;136,000;-;-;-
28.08.2025 15:00;28.08.2025 15:15;0,000;0,000;-;159,750;132,500;-;-;-
28.08.2025 15:15;28.08.2025 15:30;0,000;0,000;-;159,750;132,500;-;-;-
28.08.2025 15:30;28.08.2025 15:45;0,000;0,000;-;159,750;132,500;-;-;-
28.08.2025 15:45;28.08.2025 16:00;0,000;0,000;-;159,750;132,500;-;-;-
28.08.2025 16:00;28.08.2025 16:15;0,000;0,000;-;159,250;124,250;-;-;-
28.08.2025 16:15;28.08.2025 16:30;0,000;0,000;-;159,250;124,250;-;-;-
28.08.2025 16:30;28.08.2025 16:45;0,000;0,000;-;159,250;124,250;-;-;-
28.08.2025 16:45;28.08.2025 17:00;0,000;0,000;-;159,250;124,250;-;-;-
28.08.2025 17:00;28.08.2025 17:15;0,000;0,000;-;159,750;162,250;-;-;-
28.08.2025 17:15;28.08.2025 17:30;0,000;0,000;-;159,750;162,250;-;-;-
28.08.2025 17:30;28.08.2025 17:45;0,000;0,000;-;159,750;162,250;-;-;-
28.08.2025 17:45;28.08.2025 18:00;0,000;0,000;-;159,750;162,250;-;-;-
28.08.2025 18:00;28.08.2025 18:15;0,000;0,000;-;159,750;161,750;-;-;-
28.08.2025 18:15;28.08.2025 18:30;0,000;0,000;-;159,750;161,750;-;-;-
28.08.2025 18:30;28.08.2025 18:45;0,000;0,000;-;159,750;161,750;-;-;-
28.08.2025 18:45;28.08.2025 19:00;0,000;0,000;-;159,750;161,750;-;-;-
28.08.2025 19:00;28.08.2025 19:15;0,000;0,000;-;160,250;162,000;-;-;-
28.08.2025 19:15;28.08.2025 19:30;0,000;0,000;-;160,250;162,000;-;-;-
28.08.2025 19:30;28.08.2025 19:45;0,000;0,000;-;160,250;162,000;-;-;-
28.08.2025 19:45;28.08.2025 20:00;0,000;0,000;-;160,250;162,000;-;-;-
28.08.2025 20:00;28.08.2025 20:15;0,000;0,000;-;160,000;162,000;-;-;-
28.08.2025 20:15;28.08.2025 20:30;0,000;0,000;-;160,000;162,000;-;-;-
28.08.2025 20:30;28.08.2025 20:45;0,000;0,000;-;160,000;162,000;-;-;-
28.08.2025 20:45;28.08.2025 21:00;0,000;0,000;-;160,000;162,000;-;-;-
28.08.2025 21:00;28.08.2025 21:15;0,000;0,000;-;160,250;162,000;-;-;-
28.08.2025 21:15;28.08.2025 21:30;0,000;0,000;-;160,250;162,000;-;-;-
28.08.2025 21:30;28.08.2025 21:45;0,000;0,000;-;160,250;162,000;-;-;-
28.08.2025 21:45;28.08.2025 22:00;0,000;0,000;-;160,250;162,000;-;-;-
28.08.2025 22:00;28.08.2025 22:15;0,000;0,000;-;160,250;161,750;-;-;-
28.08.2025 22:15;28.08.2025 22:30;0,000;0,000;-;160,250;161,750;-;-;-
28.08.2025 22:30;28.08.2025 22:45;0,000;0,000;-;160,250;161,750;-;-;-
28.08.2025 22:45;28.08.2025 23:00;0,000;0,000;-;160,250;161,750;-;-;-
28.08.2025 23:00;28.08.2025 23:15;0,000;0,000;-;161,250;162,000;-;-;-
28.08.2025 23:15;28.08.2025 23:30;0,000;0,000;-;161,250;162,000;-;-;-
28.08.2025 23:30;28.08.2025 23:45;0,000;0,000;-;161,250;162,000;-;-;-
28.08.2025 23:45;29.08.2025 00:00;0,000;0,000;-;161,250;162,000;-;-;-
29.08.2025 00:00;29.08.2025 00:15;0,000;0,000;-;161,500;163,000;-;-;-
29.08.2025 00:15;29.08.2025 00:30;0,000;0,000;-;161,500;163,000;-;-;-
29.08.2025 00:30;29.08.2025 00:45;0,000;0,000;-;161,500;163,000;-;-;-
29.08.2025 00:45;29.08.2025 01:00;0,000;0,000;-;161,500;163,000;-;-;-
29.08.2025 01:00;29.08.2025 01:15;0,000;0,000;-;161,750;163,250;-;-;-
29.08.2025 01:15;29.08.2025 01:30;0,000;0,000;-;161,750;163,250;-;-;-
29.08.2025 01:30;29.08.2025 01:45;0,000;0,000;-;161,750;163,250;-;-;-
29.08.2025 01:45;29.08.2025 02:00;0,000;0,000;-;161,750;163,250;-;-;-
29.08.2025 02:00;29.08.2025 02:15;0,000;0,000;-;162,000;162,500;-;-;-
29.08.2025 02:15;29.08.2025 02:30;0,000;0,000;-;162,000;162,500;-;-;-
29.08.2025 02:30;29.08.2025 02:45;0,000;0,000;-;162,000;162,500;-;-;-
29.08.2025 02:45;29.08.2025 03:00;0,000;0,000;-;162,000;162,500;-;-;-
29.08.2025 03:00;29.08.2025 03:15;0,000;0,000;-;161,750;163,250;-;-;-
29.08.2025 03:15;29.08.2025 03:30;0,000;0,000;-;161,750;163,250;-;-;-
29.08.2025 03:30;29.08.2025 03:45;0,000;0,000;-;161,750;163,250;-;-;-
29.08.2025 03:45;29.08.2025 04:00;0,000;0,000;-;161,750;163,250;-;-;-
29.08.2025 04:00;29.08.2025 04:15;0,000;0,000;-;161,500;162,250;-;-;-
29.08.2025 04:15;29.08.2025 04:30;0,000;0,000;-;161,500;162,250;-;-;-
29.08.2025 04:30;29.08.2025 04:45;0,000;0,000;-;161,500;162,250;-;-;-
29.08.2025 04:45;29.08.2025 05:00;0,000;0,000;-;161,500;162,250;-;-;-
29.08.2025 05:00;29.08.2025 05:15;0,000;0,000;-;162,000;162,250;-;-;-
29.08.2025 05:15;29.08.2025 05:30;0,000;0,000;-;162,000;162,250;-;-;-
29.08.2025 05:30;29.08.2025 05:45;0,000;0,000;-;162,000;162,250;-;-;-
29.08.2025 05:45;29.08.2025 06:00;0,000;0,000;-;162,000;162,250;-;-;-
29.08.2025 06:00;29.08.2025 06:15;0,000;0,000;-;161,500;162,500;-;-;-
29.08.2025 06:15;29.08.2025 06:30;0,000;0,000;-;161,500;162,500;-;-;-
29.08.2025 06:30;29.08.2025 06:45;0,000;0,000;-;161,500;162,500;-;-;-
29.08.2025 06:45;29.08.2025 07:00;0,000;0,000;-;161,500;162,500;-;-;-
29.08.2025 07:00;29.08.2025 07:15;0,000;0,000;-;161,000;163,250;-;-;-
29.08.2025 07:15;29.08.2025 07:30;0,000;0,000;-;161,000;163,250;-;-;-
29.08.2025 07:30;29.08.2025 07:45;0,000;0,000;-;161,000;163,250;-;-;-
29.08.2025 07:45;29.08.2025 08:00;0,000;0,000;-;161,000;163,250;-;-;-
29.08.2025 08:00;29.08.2025 08:15;0,000;0,000;-;161,250;163,250;-;-;-
29.08.2025 08:15;29.08.2025 08:30;0,000;0,000;-;161,250;163,250;-;-;-
29.08.2025 08:30;29.08.2025 08:45;0,000;0,000;-;161,250;163,250;-;-;-
29.08.2025 08:45;29.08.2025 09:00;0,000;0,000;-;161,250;163,250;-;-;-
29.08.2025 09:00;29.08.2025 09:15;0,000;0,000;-;148,500;127,500;-;-;-
29.08.2025 09:15;29.08.2025 09:30;0,000;0,000;-;148,500;127,500;-;-;-
29.08.2025 09:30;29.08.2025 09:45;0,000;0,000;-;148,500;127,500;-;-;-
29.08.2025 09:45;29.08.2025 10:00;0,000;0,000;-;148,500;127,500;-;-;-
29.08.2025 10:00;29.08.2025 10:15;0,000;0,000;-;92,750;69,000;-;-;-
29.08.2025 10:15;29.08.2025 10:30;0,000;0,000;-;92,750;69,000;-;-;-
29.08.2025 10:30;29.08.2025 10:45;0,000;0,000;-;92,750;69,000;-;-;-
29.08.2025 10:45;29.08.2025 11:00;0,000;0,000;-;92,750;69,000;-;-;-
29.08.2025 11:00;29.08.2025 11:15;0,000;0,000;-;60,500;64,000;-;-;-
29.08.2025 11:15;29.08.2025 11:30;0,000;0,000;-;60,500;64,000;-;-;-
29.08.2025 11:30;29.08.2025 11:45;0,000;0,000;-;60,500;64,000;-;-;-
29.08.2025 11:45;29.08.2025 12:00;0,000;0,000;-;60,500;64,000;-;-;-
29.08.2025 12:00;29.08.2025 12:15;0,000;0,000;-;61,500;64,000;-;-;-
29.08.2025 12:15;29.08.2025 12:30;0,000;0,000;-;61,500;64,000;-;-;-
29.08.2025 12:30;29.08.2025 12:45;0,000;0,000;-;61,500;64,000;-;-;-
29.08.2025 12:45;29.08.2025 13:00;0,000;0,000;-;61,500;64,000;-;-;-
29.08.2025 13:00;29.08.2025 13:15;0,000;0,000;-;60,500;60,000;-;-;-
29.08.2025 13:15;29.08.2025 13:30;0,000;0,000;-;60,500;60,000;-;-;-
29.08.2025 13:30;29.08.2025 13:45;0,000;0,000;-;60,500;60,000;-;-;-
29.08.2025 13:45;29.08.2025 14:00;0,000;0,000;-;60,500;60,000;-;-;-
29.08.2025 14:00;29.08.2025 14:15;0,000;0,000;-;60,250;60,500;-;-;-
29.08.2025 14:15;29.08.2025 14:30;0,000;0,000;-;60,250;60,500;-;-;-
29.08.2025 14:30;29.08.2025 14:45;0,000;0,000;-;60,250;60,500;-;-;-
29.08.2025 14:45;29.08.2025 15:00;0,000;0,000;-;60,250;60,500;-;-;-
29.08.2025 15:00;29.08.2025 15:15;0,000;0,000;-;68,250;65,250;-;-;-
29.08.2025 15:15;29.08.2025 15:30;0,000;0,000;-;68,250;65,250;-;-;-
29.08.2025 15:30;29.08.2025 15:45;0,000;0,000;-;68,250;65,250;-;-;-
29.08.2025 15:45;29.08.2025 16:00;0,000;0,000;-;68,250;65,250;-;-;-
29.08.2025 16:00;29.08.2025 16:15;0,000;0,000;-;74,000;70,250;-;-;-
29.08.2025 16:15;29.08.2025 16:30;0,000;0,000;-;74,000;70,250;-;-;-
29.08.2025 16:30;29.08.2025 16:45;0,000;0,000;-;74,000;70,250;-;-;-
29.08.2025 16:45;29.08.2025 17:00;0,000;0,000;-;74,000;70,250;-;-;-
29.08.2025 17:00;29.08.2025 17:15;0,000;0,000;-;88,000;73,500;-;-;-
29.08.2025 17:15;29.08.2025 17:30;0,000;0,000;-;88,000;73,500;-;-;-
29.08.2025 17:30;29.08.2025 17:45;0,000;0,000;-;88,000;73,500;-;-;-
29.08.2025 17:45;29.08.2025 18:00;0,000;0,000;-;88,000;73,500;-;-;-
29.08.2025 18:00;29.08.2025 18:15;0,000;0,000;-;136,750;115,250;-;-;-
29.08.2025 18:15;29.08.2025 18:30;0,000;0,000;-;136,750;115,250;-;-;-
29.08.2025 18:30;29.08.2025 18:45;0,000;0,000;-;136,750;115,250;-;-;-
29.08.2025 18:45;29.08.2025 19:00;0,000;0,000;-;136,750;115,250;-;-;-
29.08.2025 19:00;29.08.2025 19:15;0,000;0,000;-;161,250;163,000;-;-;-
29.08.2025 19:15;29.08.2025 19:30;0,000;0,000;-;161,250;163,000;-;-;-
29.08.2025 19:30;29.08.2025 19:45;0,000;0,000;-;161,250;163,000;-;-;-
29.08.2025 19:45;29.08.2025 20:00;0,000;0,000;-;161,250;163,000;-;-;-
29.08.2025 20:00;29.08.2025 20:15;0,000;0,000;-;161,250;162,500;-;-;-
29.08.2025 20:15;29.08.2025 20:30;0,000;0,000;-;161,250;162,500;-;-;-
29.08.2025 20:30;29.08.2025 20:45;0,000;0,000;-;161,250;162,500;-;-;-
29.08.2025 20:45;29.08.2025 21:00;0,000;0,000;-;161,250;162,500;-;-;-
29.08.2025 21:00;29.08.2025 21:15;0,000;0,000;-;161,500;163,750;-;-;-
29.08.2025 21:15;29.08.2025 21:30;0,000;0,000;-;161,500;163,750;-;-;-
29.08.2025 21:30;29.08.2025 21:45;0,000;0,000;-;161,500;163,750;-;-;-
29.08.2025 21:45;29.08.2025 22:00;0,000;0,000;-;161,500;163,750;-;-;-
29.08.2025 22:00;29.08.2025 22:15;0,000;0,000;-;140,750;141,000;-;-;-
29.08.2025 22:15;29.08.2025 22:30;0,000;0,000;-;140,750;141,000;-;-;-
29.08.2025 22:30;29.08.2025 22:45;0,000;0,000;-;140,750;141,000;-;-;-
29.08.2025 22:45;29.08.2025 23:00;0,000;0,000;-;140,750;141,000;-;-;-
29.08.2025 23:00;29.08.2025 23:15;0,000;0,000;-;63,750;56,500;-;-;-
29.08.2025 23:15;29.08.2025 23:30;0,000;0,000;-;63,750;56,500;-;-;-
29.08.2025 23:30;29.08.2025 23:45;0,000;0,000;-;63,750;56,500;-;-;-
29.08.2025 23:45;30.08.2025 00:00;0,000;0,000;-;63,750;56,500;-;-;-
30.08.2025 00:00;30.08.2025 00:15;0,000;0,000;-;70,750;0,000;-;-;-
30.08.2025 00:15;30.08.2025 00:30;0,000;0,000;-;70,750;0,000;-;-;-
30.08.2025 00:30;30.08.2025 00:45;0,000;0,000;-;70,750;0,000;-;-;-
30.08.2025 00:45;30.08.2025 01:00;0,000;0,000;-;70,750;0,000;-;-;-
30.08.2025 01:00;30.08.2025 01:15;0,000;0,000;-;139,500;0,000;-;-;-
30.08.2025 01:15;30.08.2025 01:30;0,000;0,000;-;139,500;0,000;-;-;-
30.08.2025 01:30;30.08.2025 01:45;0,000;0,000;-;139,500;0,000;-;-;-
30.08.2025 01:45;30.08.2025 02:00;0,000;0,000;-;139,500;0,000;-;-;-
30.08.2025 02:00;30.08.2025 02:15;0,000;0,000;-;161,250;0,000;-;-;-
30.08.2025 02:15;30.08.2025 02:30;0,000;0,000;-;161,250;0,000;-;-;-
30.08.2025 02:30;30.08.2025 02:45;0,000;0,000;-;161,250;0,000;-;-;-
30.08.2025 02:45;30.08.2025 03:00;0,000;0,000;-;161,250;0,000;-;-;-
30.08.2025 03:00;30.08.2025 03:15;0,000;0,000;-;161,000;0,000;-;-;-
30.08.2025 03:15;30.08.2025 03:30;0,000;0,000;-;161,000;0,000;-;-;-
30.08.2025 03:30;30.08.2025 03:45;0,000;0,000;-;161,000;0,000;-;-;-
30.08.2025 03:45;30.08.2025 04:00;0,000;0,000;-;161,000;0,000;-;-;-
30.08.2025 04:00;30.08.2025 04:15;0,000;0,000;-;160,750;0,000;-;-;-
30.08.2025 04:15;30.08.2025 04:30;0,000;0,000;-;160,750;0,000;-;-;-
30.08.2025 04:30;30.08.2025 04:45;0,000;0,000;-;160,750;0,000;-;-;-
30.08.2025 04:45;30.08.2025 05:00;0,000;0,000;-;160,750;0,000;-;-;-
30.08.2025 05:00;30.08.2025 05:15;0,000;0,000;-;160,500;0,000;-;-;-
30.08.2025 05:15;30.08.2025 05:30;0,000;0,000;-;160,500;0,000;-;-;-
30.08.2025 05:30;30.08.2025 05:45;0,000;0,000;-;160,500;0,000;-;-;-
30.08.2025 05:45;30.08.2025 06:00;0,000;0,000;-;160,500;0,000;-;-;-
30.08.2025 06:00;30.08.2025 06:15;0,000;0,000;-;160,500;0,000;-;-;-
30.08.2025 06:15;30.08.2025 06:30;0,000;0,000;-;160,500;0,000;-;-;-
30.08.2025 06:30;30.08.2025 06:45;0,000;0,000;-;160,500;0,000;-;-;-
30.08.2025 06:45;30.08.2025 07:00;0,000;0,000;-;160,500;0,000;-;-;-
30.08.2025 07:00;30.08.2025 07:15;0,000;0,000;-;160,250;0,000;-;-;-
30.08.2025 07:15;30.08.2025 07:30;0,000;0,000;-;160,250;0,000;-;-;-
30.08.2025 07:30;30.08.2025 07:45;0,000;0,000;-;160,250;0,000;-;-;-
30.08.2025 07:45;30.08.2025 08:00;0,000;0,000;-;160,250;0,000;-;-;-
30.08.2025 08:00;30.08.2025 08:15;0,000;0,000;-;153,000;0,000;-;-;-
30.08.2025 08:15;30.08.2025 08:30;0,000;0,000;-;153,000;0,000;-;-;-
30.08.2025 08:30;30.08.2025 08:45;0,000;0,000;-;153,000;0,000;-;-;-
30.08.2025 08:45;30.08.2025 09:00;0,000;0,000;-;153,000;0,000;-;-;-
30.08.2025 09:00;30.08.2025 09:15;0,000;0,000;-;103,250;0,000;-;-;-
30.08.2025 09:15;30.08.2025 09:30;0,000;0,000;-;103,250;0,000;-;-;-
30.08.2025 09:30;30.08.2025 09:45;0,000;0,000;-;103,250;0,000;-;-;-
30.08.2025 09:45;30.08.2025 10:00;0,000;0,000;-;103,250;0,000;-;-;-
30.08.2025 10:00;30.08.2025 10:15;0,000;0,000;-;59,750;0,000;-;-;-
30.08.2025 10:15;30.08.2025 10:30;0,000;0,000;-;59,750;0,000;-;-;-
30.08.2025 10:30;30.08.2025 10:45;0,000;0,000;-;59,750;0,000;-;-;-
30.08.2025 10:45;30.08.2025 11:00;0,000;0,000;-;59,750;0,000;-;-;-
30.08.2025 11:00;30.08.2025 11:15;0,000;0,000;-;59,500;0,000;-;-;-
30.08.2025 11:15;30.08.2025 11:30;0,000;0,000;-;59,500;0,000;-;-;-
30.08.2025 11:30;30.08.2025 11:45;0,000;0,000;-;59,500;0,000;-;-;-
30.08.2025 11:45;30.08.2025 12:00;0,000;0,000;-;59,500;0,000;-;-;-
30.08.2025 12:00;30.08.2025 12:15;0,000;0,000;-;60,500;0,000;-;-;-
30.08.2025 12:15;30.08.2025 12:30;0,000;0,000;-;60,500;0,000;-;-;-
30.08.2025 12:30;30.08.2025 12:45;0,000;0,000;-;60,500;0,000;-;-;-
30.08.2025 12:45;30.08.2025 13:00;0,000;0,000;-;60,500;0,000;-;-;-
30.08.2025 13:00;30.08.2025 13:15;0,000;0,000;-;60,000;0,000;-;-;-
30.08.2025 13:15;30.08.2025 13:30;0,000;0,000;-;60,000;0,000;-;-;-
30.08.2025 13:30;30.08.2025 13:45;0,000;0,000;-;60,000;0,000;-;-;-
30.08.2025 13:45;30.08.2025 14:00;0,000;0,000;-;60,000;0,000;-;-;-
30.08.2025 14:00;30.08.2025 14:15;0,000;0,000;-;60,000;0,000;-;-;-
30.08.2025 14:15;30.08.2025 14:30;0,000;0,000;-;60,000;0,000;-;-;-
30.08.2025 14:30;30.08.2025 14:45;0,000;0,000;-;60,000;0,000;-;-;-
30.08.2025 14:45;30.08.2025 15:00;0,000;0,000;-;60,000;0,000;-;-;-
30.08.2025 15:00;30.08.2025 15:15;0,000;0,000;-;60,000;0,000;-;-;-
30.08.2025 15:15;30.08.2025 15:30;0,000;0,000;-;60,000;0,000;-;-;-
30.08.2025 15:30;30.08.2025 15:45;0,000;0,000;-;60,000;0,000;-;-;-
30.08.2025 15:45;30.08.2025 16:00;0,000;0,000;-;60,000;0,000;-;-;-
30.08.2025 16:00;30.08.2025 16:15;0,000;0,000;-;60,250;0,000;-;-;-
30.08.2025 16:15;30.08.2025 16:30;0,000;0,000;-;60,250;0,000;-;-;-
30.08.2025 16:30;30.08.2025 16:45;0,000;0,000;-;60,250;0,000;-;-;-
30.08.2025 16:45;30.08.2025 17:00;0,000;0,000;-;60,250;0,000;-;-;-
30.08.2025 17:00;30.08.2025 17:15;0,000;0,000;-;64,500;0,000;-;-;-
30.08.2025 17:15;30.08.2025 17:30;0,000;0,000;-;64,500;0,000;-;-;-
30.08.2025 17:30;30.08.2025 17:45;0,000;0,000;-;64,500;0,000;-;-;-
30.08.2025 17:45;30.08.2025 18:00;0,000;0,000;-;64,500;0,000;-;-;-
30.08.2025 18:00;30.08.2025 18:15;0,000;0,000;-;137,000;0,000;-;-;-
30.08.2025 18:15;30.08.2025 18:30;0,000;0,000;-;137,000;0,000;-;-;-
30.08.2025 18:30;30.08.2025 18:45;0,000;0,000;-;137,000;0,000;-;-;-
30.08.2025 18:45;30.08.2025 19:00;0,000;0,000;-;137,000;0,000;-;-;-
30.08.2025 19:00;30.08.2025 19:15;0,000;0,000;-;159,750;0,000;-;-;-
30.08.2025 19:15;30.08.2025 19:30;0,000;0,000;-;159,750;0,000;-;-;-
30.08.2025 19:30;30.08.2025 19:45;0,000;0,000;-;159,750;0,000;-;-;-
30.08.2025 19:45;30.08.2025 20:00;0,000;0,000;-;159,750;0,000;-;-;-
30.08.2025 20:00;30.08.2025 20:15;0,000;0,000;-;160,000;0,000;-;-;-
30.08.2025 20:15;30.08.2025 20:30;0,000;0,000;-;160,000;0,000;-;-;-
30.08.2025 20:30;30.08.2025 20:45;0,000;0,000;-;160,000;0,000;-;-;-
30.08.2025 20:45;30.08.2025 21:00;0,000;0,000;-;160,000;0,000;-;-;-
30.08.2025 21:00;30.08.2025 21:15;0,000;0,000;-;160,500;0,000;-;-;-
30.08.2025 21:15;30.08.2025 21:30;0,000;0,000;-;160,500;0,000;-;-;-
30.08.2025 21:30;30.08.2025 21:45;0,000;0,000;-;160,500;0,000;-;-;-
30.08.2025 21:45;30.08.2025 22:00;0,000;0,000;-;160,500;0,000;-;-;-
30.08.2025 22:00;30.08.2025 22:15;0,000;0,000;-;120,250;0,000;-;-;-
30.08.2025 22:15;30.08.2025 22:30;0,000;0,000;-;120,250;0,000;-;-;-
30.08.2025 22:30;30.08.2025 22:45;0,000;0,000;-;120,250;0,000;-;-;-
30.08.2025 22:45;30.08.2025 23:00;0,000;0,000;-;120,250;0,000;-;-;-
30.08.2025 23:00;30.08.2025 23:15;0,000;0,000;-;61,500;0,000;-;-;-
30.08.2025 23:15;30.08.2025 23:30;0,000;0,000;-;61,500;0,000;-;-;-
30.08.2025 23:30;30.08.2025 23:45;0,000;0,000;-;61,500;0,000;-;-;-
30.08.2025 23:45;31.08.2025 00:00;0,000;0,000;-;61,500;0,000;-;-;-
31.08.2025 00:00;31.08.2025 00:15;0,000;0,000;-;67,250;0,000;-;-;-
31.08.2025 00:15;31.08.2025 00:30;0,000;0,000;-;67,250;0,000;-;-;-
31.08.2025 00:30;31.08.2025 00:45;0,000;0,000;-;67,250;0,000;-;-;-
31.08.2025 00:45;31.08.2025 01:00;0,000;0,000;-;67,250;0,000;-;-;-
31.08.2025 01:00;31.08.2025 01:15;0,000;0,000;-;67,250;0,000;-;-;-
31.08.2025 01:15;31.08.2025 01:30;0,000;0,000;-;67,250;0,000;-;-;-
31.08.2025 01:30;31.08.2025 01:45;0,000;0,000;-;67,250;0,000;-;-;-
31.08.2025 01:45;31.08.2025 02:00;0,000;0,000;-;67,250;0,000;-;-;-
31.08.2025 02:00;31.08.2025 02:15;0,000;0,000;-;60,750;0,000;-;-;-
31.08.2025 02:15;31.08.2025 02:30;0,000;0,000;-;60,750;0,000;-;-;-
31.08.2025 02:30;31.08.2025 02:45;0,000;0,000;-;60,750;0,000;-;-;-
31.08.2025 02:45;31.08.2025 03:00;0,000;0,000;-;60,750;0,000;-;-;-
31.08.2025 03:00;31.08.2025 03:15;0,000;0,000;-;60,250;0,000;-;-;-
31.08.2025 03:15;31.08.2025 03:30;0,000;0,000;-;60,250;0,000;-;-;-
31.08.2025 03:30;31.08.2025 03:45;0,000;0,000;-;60,250;0,000;-;-;-
31.08.2025 03:45;31.08.2025 04:00;0,000;0,000;-;60,250;0,000;-;-;-
31.08.2025 04:00;31.08.2025 04:15;0,000;0,000;-;60,000;0,000;-;-;-
31.08.2025 04:15;31.08.2025 04:30;0,000;0,000;-;60,000;0,000;-;-;-
31.08.2025 04:30;31.08.2025 04:45;0,000;0,000;-;60,000;0,000;-;-;-
31.08.2025 04:45;31.08.2025 05:00;0,000;0,000;-;60,000;0,000;-;-;-
31.08.2025 05:00;31.08.2025 05:15;0,000;0,000;-;60,250;0,000;-;-;-
31.08.2025 05:15;31.08.2025 05:30;0,000;0,000;-;60,250;0,000;-;-;-
31.08.2025 05:30;31.08.2025 05:45;0,000;0,000;-;60,250;0,000;-;-;-
31.08.2025 05:45;31.08.2025 06:00;0,000;0,000;-;60,250;0,000;-;-;-
31.08.2025 06:00;31.08.2025 06:15;0,000;0,000;-;69,000;0,000;-;-;-
31.08.2025 06:15;31.08.2025 06:30;0,000;0,000;-;69,000;0,000;-;-;-
31.08.2025 06:30;31.08.2025 06:45;0,000;0,000;-;69,000;0,000;-;-;-
31.08.2025 06:45;31.08.2025 07:00;0,000;0,000;-;69,000;0,000;-;-;-
31.08.2025 07:00;31.08.2025 07:15;0,000;0,000;-;78,500;0,000;-;-;-
31.08.2025 07:15;31.08.2025 07:30;0,000;0,000;-;78,500;0,000;-;-;-
31.08.2025 07:30;31.08.2025 07:45;0,000;0,000;-;78,500;0,000;-;-;-
31.08.2025 07:45;31.08.2025 08:00;0,000;0,000;-;78,500;0,000;-;-;-
31.08.2025 08:00;31.08.2025 08:15;0,000;0,000;-;59,750;0,000;-;-;-
31.08.2025 08:15;31.08.2025 08:30;0,000;0,000;-;59,750;0,000;-;-;-
31.08.2025 08:30;31.08.2025 08:45;0,000;0,000;-;59,750;0,000;-;-;-
31.08.2025 08:45;31.08.2025 09:00;0,000;0,000;-;59,750;0,000;-;-;-
31.08.2025 09:00;31.08.2025 09:15;0,000;0,000;-;59,500;0,000;-;-;-
31.08.2025 09:15;31.08.2025 09:30;0,000;0,000;-;59,500;0,000;-;-;-
31.08.2025 09:30;31.08.2025 09:45;0,000;0,000;-;59,500;0,000;-;-;-
31.08.2025 09:45;31.08.2025 10:00;0,000;0,000;-;59,500;0,000;-;-;-
31.08.2025 10:00;31.08.2025 10:15;0,000;0,000;-;60,000;0,000;-;-;-
31.08.2025 10:15;31.08.2025 10:30;0,000;0,000;-;60,000;0,000;-;-;-
31.08.2025 10:30;31.08.2025 10:45;0,000;0,000;-;60,000;0,000;-;-;-
31.08.2025 10:45;31.08.2025 11:00;0,000;0,000;-;60,000;0,000;-;-;-
31.08.2025 11:00;31.08.2025 11:15;0,000;0,000;-;60,250;0,000;-;-;-
31.08.2025 11:15;31.08.2025 11:30;0,000;0,000;-;60,250;0,000;-;-;-
31.08.2025 11:30;31.08.2025 11:45;0,000;0,000;-;60,250;0,000;-;-;-
31.08.2025 11:45;31.08.2025 12:00;0,000;0,000;-;60,250;0,000;-;-;-
31.08.2025 12:00;31.08.2025 12:15;0,000;0,000;-;89,500;0,000;-;-;-
31.08.2025 12:15;31.08.2025 12:30;0,000;0,000;-;89,500;0,000;-;-;-
31.08.2025 12:30;31.08.2025 12:45;0,000;0,000;-;89,500;0,000;-;-;-
31.08.2025 12:45;31.08.2025 13:00;0,000;0,000;-;89,500;0,000;-;-;-
31.08.2025 13:00;31.08.2025 13:15;0,000;0,000;-;99,500;0,000;-;-;-
31.08.2025 13:15;31.08.2025 13:30;0,000;0,000;-;99,500;0,000;-;-;-
31.08.2025 13:30;31.08.2025 13:45;0,000;0,000;-;99,500;0,000;-;-;-
31.08.2025 13:45;31.08.2025 14:00;0,000;0,000;-;99,500;0,000;-;-;-
31.08.2025 14:00;31.08.2025 14:15;0,000;0,000;-;65,750;0,000;-;-;-
31.08.2025 14:15;31.08.2025 14:30;0,000;0,000;-;65,750;0,000;-;-;-
31.08.2025 14:30;31.08.2025 14:45;0,000;0,000;-;65,750;0,000;-;-;-
31.08.2025 14:45;31.08.2025 15:00;0,000;0,000;-;65,750;0,000;-;-;-
31.08.2025 15:00;31.08.2025 15:15;0,000;0,000;-;59,500;0,000;-;-;-
31.08.2025 15:15;31.08.2025 15:30;0,000;0,000;-;59,500;0,000;-;-;-
31.08.2025 15:30;31.08.2025 15:45;0,000;0,000;-;59,500;0,000;-;-;-
31.08.2025 15:45;31.08.2025 16:00;0,000;0,000;-;59,500;0,000;-;-;-
31.08.2025 16:00;31.08.2025 16:15;0,000;0,000;-;59,750;0,000;-;-;-
31.08.2025 16:15;31.08.2025 16:30;0,000;0,000;-;59,750;0,000;-;-;-
31.08.2025 16:30;31.08.2025 16:45;0,000;0,000;-;59,750;0,000;-;-;-
31.08.2025 16:45;31.08.2025 17:00;0,000;0,000;-;59,750;0,000;-;-;-
31.08.2025 17:00;31.08.2025 17:15;0,000;0,000;-;71,750;0,000;-;-;-
31.08.2025 17:15;31.08.2025 17:30;0,000;0,000;-;71,750;0,000;-;-;-
31.08.2025 17:30;31.08.2025 17:45;0,000;0,000;-;71,750;0,000;-;-;-
31.08.2025 17:45;31.08.2025 18:00;0,000;0,000;-;71,750;0,000;-;-;-
31.08.2025 18:00;31.08.2025 18:15;0,000;0,000;-;141,000;0,000;-;-;-
31.08.2025 18:15;31.08.2025 18:30;0,000;0,000;-;141,000;0,000;-;-;-
31.08.2025 18:30;31.08.2025 18:45;0,000;0,000;-;141,000;0,000;-;-;-
31.08.2025 18:45;31.08.2025 19:00;0,000;0,000;-;141,000;0,000;-;-;-
31.08.2025 19:00;31.08.2025 19:15;0,000;0,000;-;160,000;0,000;-;-;-
31.08.2025 19:15;31.08.2025 19:30;0,000;0,000;-;160,000;0,000;-;-;-
31.08.2025 19:30;31.08.2025 19:45;0,000;0,000;-;160,000;0,000;-;-;-
31.08.2025 19:45;31.08.2025 20:00;0,000;0,000;-;160,000;0,000;-;-;-
31.08.2025 20:00;31.08.2025 20:15;0,000;0,000;-;159,750;0,000;-;-;-
31.08.2025 20:15;31.08.2025 20:30;0,000;0,000;-;159,750;0,000;-;-;-
31.08.2025 20:30;31.08.2025 20:45;0,000;0,000;-;159,750;0,000;-;-;-
31.08.2025 20:45;31.08.2025 21:00;0,000;0,000;-;159,750;0,000;-;-;-
31.08.2025 21:00;31.08.2025 21:15;0,000;0,000;-;160,500;0,000;-;-;-
31.08.2025 21:15;31.08.2025 21:30;0,000;0,000;-;160,500;0,000;-;-;-
31.08.2025 21:30;31.08.2025 21:45;0,000;0,000;-;160,500;0,000;-;-;-
31.08.2025 21:45;31.08.2025 22:00;0,000;0,000;-;160,500;0,000;-;-;-
31.08.2025 22:00;31.08.2025 22:15;0,000;0,000;-;148,500;0,000;-;-;-
31.08.2025 22:15;31.08.2025 22:30;0,000;0,000;-;148,500;0,000;-;-;-
31.08.2025 22:30;31.08.2025 22:45;0,000;0,000;-;148,500;0,000;-;-;-
31.08.2025 22:45;31.08.2025 23:00;0,000;0,000;-;148,500;0,000;-;-;-
31.08.2025 23:00;31.08.2025 23:15;0,000;0,000;-;74,250;0,000;-;-;-
31.08.2025 23:15;31.08.2025 23:30;0,000;0,000;-;74,250;0,000;-;-;-
31.08.2025 23:30;31.08.2025 23:45;0,000;0,000;-;74,250;0,000;-;-;-
31.08.2025 23:45;01.09.2025 00:00;0,000;0,000;-;74,250;0,000;-;-;-
01.09.2025 00:00;01.09.2025 00:15;0,000;0,000;-;64,000;0,000;-;-;-
01.09.2025 00:15;01.09.2025 00:30;0,000;0,000;-;64,000;0,000;-;-;-
01.09.2025 00:30;01.09.2025 00:45;0,000;0,000;-;64,000;0,000;-;-;-
01.09.2025 00:45;01.09.2025 01:00;0,000;0,000;-;64,000;0,000;-;-;-
01.09.2025 01:00;01.09.2025 01:15;0,000;0,000;-;60,750;0,000;-;-;-
01.09.2025 01:15;01.09.2025 01:30;0,000;0,000;-;60,750;0,000;-;-;-
01.09.2025 01:30;01.09.2025 01:45;0,000;0,000;-;60,750;0,000;-;-;-
01.09.2025 01:45;01.09.2025 02:00;0,000;0,000;-;60,750;0,000;-;-;-
01.09.2025 02:00;01.09.2025 02:15;0,000;0,000;-;61,000;0,000;-;-;-
01.09.2025 02:15;01.09.2025 02:30;0,000;0,000;-;61,000;0,000;-;-;-
01.09.2025 02:30;01.09.2025 02:45;0,000;0,000;-;61,000;0,000;-;-;-
01.09.2025 02:45;01.09.2025 03:00;0,000;0,000;-;61,000;0,000;-;-;-
01.09.2025 03:00;01.09.2025 03:15;0,000;0,000;-;69,750;56,000;-;-;-
01.09.2025 03:15;01.09.2025 03:30;0,000;0,000;-;69,750;56,000;-;-;-
01.09.2025 03:30;01.09.2025 03:45;0,000;0,000;-;69,750;56,000;-;-;-
01.09.2025 03:45;01.09.2025 04:00;0,000;0,000;-;69,750;56,000;-;-;-
01.09.2025 04:00;01.09.2025 04:15;0,000;0,000;-;68,250;68,500;-;-;-
01.09.2025 04:15;01.09.2025 04:30;0,000;0,000;-;68,250;68,500;-;-;-
01.09.2025 04:30;01.09.2025 04:45;0,000;0,000;-;68,250;68,500;-;-;-
01.09.2025 04:45;01.09.2025 05:00;0,000;0,000;-;68,250;68,500;-;-;-
01.09.2025 05:00;01.09.2025 05:15;0,000;0,000;-;140,250;91,500;-;-;-
01.09.2025 05:15;01.09.2025 05:30;0,000;0,000;-;140,250;91,500;-;-;-
01.09.2025 05:30;01.09.2025 05:45;0,000;0,000;-;140,250;91,500;-;-;-
01.09.2025 05:45;01.09.2025 06:00;0,000;0,000;-;140,250;91,500;-;-;-
01.09.2025 06:00;01.09.2025 06:15;0,000;0,000;-;162,250;156,250;-;-;-
01.09.2025 06:15;01.09.2025 06:30;0,000;0,000;-;162,250;156,250;-;-;-
01.09.2025 06:30;01.09.2025 06:45;0,000;0,000;-;162,250;156,250;-;-;-
01.09.2025 06:45;01.09.2025 07:00;0,000;0,000;-;162,250;156,250;-;-;-
01.09.2025 07:00;01.09.2025 07:15;0,000;0,000;-;161,250;162,500;-;-;-
01.09.2025 07:15;01.09.2025 07:30;0,000;0,000;-;161,250;162,500;-;-;-
01.09.2025 07:30;01.09.2025 07:45;0,000;0,000;-;161,250;162,500;-;-;-
01.09.2025 07:45;01.09.2025 08:00;0,000;0,000;-;161,250;162,500;-;-;-
01.09.2025 08:00;01.09.2025 08:15;0,000;0,000;-;161,500;162,250;-;-;-
01.09.2025 08:15;01.09.2025 08:30;0,000;0,000;-;161,500;162,250;-;-;-
01.09.2025 08:30;01.09.2025 08:45;0,000;0,000;-;161,500;162,250;-;-;-
01.09.2025 08:45;01.09.2025 09:00;0,000;0,000;-;161,500;162,250;-;-;-
01.09.2025 09:00;01.09.2025 09:15;0,000;0,000;-;162,250;163,750;-;-;-
01.09.2025 09:15;01.09.2025 09:30;0,000;0,000;-;162,250;163,750;-;-;-
01.09.2025 09:30;01.09.2025 09:45;0,000;0,000;-;162,250;163,750;-;-;-
01.09.2025 09:45;01.09.2025 10:00;0,000;0,000;-;162,250;163,750;-;-;-
01.09.2025 10:00;01.09.2025 10:15;0,000;0,000;-;162,000;163,250;-;-;-
01.09.2025 10:15;01.09.2025 10:30;0,000;0,000;-;162,000;163,250;-;-;-
01.09.2025 10:30;01.09.2025 10:45;0,000;0,000;-;162,000;163,250;-;-;-
01.09.2025 10:45;01.09.2025 11:00;0,000;0,000;-;162,000;163,250;-;-;-
01.09.2025 11:00;01.09.2025 11:15;0,000;0,000;-;161,750;161,250;-;-;-
01.09.2025 11:15;01.09.2025 11:30;0,000;0,000;-;161,750;161,250;-;-;-
01.09.2025 11:30;01.09.2025 11:45;0,000;0,000;-;161,750;161,250;-;-;-
01.09.2025 11:45;01.09.2025 12:00;0,000;0,000;-;161,750;161,250;-;-;-
01.09.2025 12:00;01.09.2025 12:15;0,000;0,000;-;160,250;160,750;-;-;-
01.09.2025 12:15;01.09.2025 12:30;0,000;0,000;-;160,250;160,750;-;-;-
01.09.2025 12:30;01.09.2025 12:45;0,000;0,000;-;160,250;160,750;-;-;-
01.09.2025 12:45;01.09.2025 13:00;0,000;0,000;-;160,250;160,750;-;-;-
01.09.2025 13:00;01.09.2025 13:15;0,000;0,000;-;119,500;106,000;-;-;-
01.09.2025 13:15;01.09.2025 13:30;0,000;0,000;-;119,500;106,000;-;-;-
01.09.2025 13:30;01.09.2025 13:45;0,000;0,000;-;119,500;106,000;-;-;-
01.09.2025 13:45;01.09.2025 14:00;0,000;0,000;-;119,500;106,000;-;-;-
01.09.2025 14:00;01.09.2025 14:15;0,000;0,000;-;87,500;67,500;-;-;-
01.09.2025 14:15;01.09.2025 14:30;0,000;0,000;-;87,500;67,500;-;-;-
01.09.2025 14:30;01.09.2025 14:45;0,000;0,000;-;87,500;67,500;-;-;-
01.09.2025 14:45;01.09.2025 15:00;0,000;0,000;-;87,500;67,500;-;-;-
01.09.2025 15:00;01.09.2025 15:15;0,000;0,000;-;66,000;72,500;-;-;-
01.09.2025 15:15;01.09.2025 15:30;0,000;0,000;-;66,000;72,500;-;-;-
01.09.2025 15:30;01.09.2025 15:45;0,000;0,000;-;66,000;72,500;-;-;-
01.09.2025 15:45;01.09.2025 16:00;0,000;0,000;-;66,000;72,500;-;-;-
01.09.2025 16:00;01.09.2025 16:15;0,000;0,000;-;133,750;144,250;-;-;-
01.09.2025 16:15;01.09.2025 16:30;0,000;0,000;-;133,750;144,250;-;-;-
01.09.2025 16:30;01.09.2025 16:45;0,000;0,000;-;133,750;144,250;-;-;-
01.09.2025 16:45;01.09.2025 17:00;0,000;0,000;-;133,750;144,250;-;-;-
01.09.2025 17:00;01.09.2025 17:15;0,000;0,000;-;160,250;162,000;-;-;-
01.09.2025 17:15;01.09.2025 17:30;0,000;0,000;-;160,250;162,000;-;-;-
01.09.2025 17:30;01.09.2025 17:45;0,000;0,000;-;160,250;162,000;-;-;-
01.09.2025 17:45;01.09.2025 18:00;0,000;0,000;-;160,250;162,000;-;-;-
01.09.2025 18:00;01.09.2025 18:15;34,000;34,000;-;162,000;162,500;-;-;-
01.09.2025 18:15;01.09.2025 18:30;34,000;34,000;-;162,000;162,500;-;-;-
01.09.2025 18:30;01.09.2025 18:45;34,000;34,000;-;162,000;162,500;-;-;-
01.09.2025 18:45;01.09.2025 19:00;34,000;34,000;-;162,000;162,500;-;-;-
01.09.2025 19:00;01.09.2025 19:15;45,500;45,500;-;161,750;163,000;-;-;-
01.09.2025 19:15;01.09.2025 19:30;45,500;45,500;-;161,750;163,000;-;-;-
01.09.2025 19:30;01.09.2025 19:45;45,500;45,500;-;161,750;163,000;-;-;-
01.09.2025 19:45;01.09.2025 20:00;45,500;45,500;-;161,750;163,000;-;-;-
01.09.2025 20:00;01.09.2025 20:15;46,500;46,250;-;162,000;164,250;-;-;-
01.09.2025 20:15;01.09.2025 20:30;46,500;46,250;-;162,000;164,250;-;-;-
01.09.2025 20:30;01.09.2025 20:45;46,500;46,250;-;162,000;164,250;-;-;-
01.09.2025 20:45;01.09.2025 21:00;46,500;46,250;-;162,000;164,250;-;-;-
01.09.2025 21:00;01.09.2025 21:15;47,000;46,750;-;160,500;162,250;-;-;-
01.09.2025 21:15;01.09.2025 21:30;47,000;46,750;-;160,500;162,250;-;-;-
01.09.2025 21:30;01.09.2025 21:45;47,000;46,750;-;160,500;162,250;-;-;-
01.09.2025 21:45;01.09.2025 22:00;47,000;46,750;-;160,500;162,250;-;-;-
01.09.2025 22:00;01.09.2025 22:15;9,000;9,000;-;157,250;158,250;-;-;-
01.09.2025 22:15;01.09.2025 22:30;9,000;9,000;-;157,250;158,250;-;-;-
01.09.2025 22:30;01.09.2025 22:45;9,000;9,000;-;157,250;158,250;-;-;-
01.09.2025 22:45;01.09.2025 23:00;9,000;9,000;-;157,250;158,250;-;-;-
01.09.2025 23:00;01.09.2025 23:15;0,000;0,000;-;162,250;163,250;-;-;-
01.09.2025 23:15;01.09.2025 23:30;0,000;0,000;-;162,250;163,250;-;-;-
01.09.2025 23:30;01.09.2025 23:45;0,000;0,000;-;162,250;163,250;-;-;-
01.09.2025 23:45;02.09.2025 00:00;0,000;0,000;-;162,250;163,250;-;-;-
02.09.2025 00:00;02.09.2025 00:15;0,000;0,000;-;161,750;160,250;-;-;-
02.09.2025 00:15;02.09.2025 00:30;0,000;0,000;-;161,750;160,250;-;-;-
02.09.2025 00:30;02.09.2025 00:45;0,000;0,000;-;161,750;160,250;-;-;-
02.09.2025 00:45;02.09.2025 01:00;0,000;0,000;-;161,750;160,250;-;-;-
02.09.2025 01:00;02.09.2025 01:15;0,000;0,000;-;162,250;162,500;-;-;-
02.09.2025 01:15;02.09.2025 01:30;0,000;0,000;-;162,250;162,500;-;-;-
02.09.2025 01:30;02.09.2025 01:45;0,000;0,000;-;162,250;162,500;-;-;-
02.09.2025 01:45;02.09.2025 02:00;0,000;0,000;-;162,250;162,500;-;-;-
02.09.2025 02:00;02.09.2025 02:15;0,000;0,000;-;162,250;162,500;-;-;-
02.09.2025 02:15;02.09.2025 02:30;0,000;0,000;-;162,250;162,500;-;-;-
02.09.2025 02:30;02.09.2025 02:45;0,000;0,000;-;162,250;162,500;-;-;-
02.09.2025 02:45;02.09.2025 03:00;0,000;0,000;-;162,250;162,500;-;-;-
02.09.2025 03:00;02.09.2025 03:15;0,000;0,000;-;161,750;162,500;-;-;-
02.09.2025 03:15;02.09.2025 03:30;0,000;0,000;-;161,750;162,500;-;-;-
02.09.2025 03:30;02.09.2025 03:45;0,000;0,000;-;161,750;162,500;-;-;-
02.09.2025 03:45;02.09.2025 04:00;0,000;0,000;-;161,750;162,500;-;-;-
02.09.2025 04:00;02.09.2025 04:15;0,000;0,000;-;162,000;163,250;-;-;-
02.09.2025 04:15;02.09.2025 04:30;0,000;0,000;-;162,000;163,250;-;-;-
02.09.2025 04:30;02.09.2025 04:45;0,000;0,000;-;162,000;163,250;-;-;-
02.09.2025 04:45;02.09.2025 05:00;0,000;0,000;-;162,000;163,250;-;-;-
02.09.2025 05:00;02.09.2025 05:15;0,000;0,000;-;162,500;163,500;-;-;-
02.09.2025 05:15;02.09.2025 05:30;0,000;0,000;-;162,500;163,500;-;-;-
02.09.2025 05:30;02.09.2025 05:45;0,000;0,000;-;162,500;163,500;-;-;-
02.09.2025 05:45;02.09.2025 06:00;0,000;0,000;-;162,500;163,500;-;-;-
02.09.2025 06:00;02.09.2025 06:15;0,000;0,000;-;162,500;163,250;-;-;-
02.09.2025 06:15;02.09.2025 06:30;0,000;0,000;-;162,500;163,250;-;-;-
02.09.2025 06:30;02.09.2025 06:45;0,000;0,000;-;162,500;163,250;-;-;-
02.09.2025 06:45;02.09.2025 07:00;0,000;0,000;-;162,500;163,250;-;-;-
02.09.2025 07:00;02.09.2025 07:15;0,000;0,000;-;162,250;163,500;-;-;-
02.09.2025 07:15;02.09.2025 07:30;0,000;0,000;-;162,250;163,500;-;-;-
02.09.2025 07:30;02.09.2025 07:45;0,000;0,000;-;162,250;163,500;-;-;-
02.09.2025 07:45;02.09.2025 08:00;0,000;0,000;-;162,250;163,500;-;-;-
02.09.2025 08:00;02.09.2025 08:15;0,000;0,000;-;161,750;163,250;-;-;-
02.09.2025 08:15;02.09.2025 08:30;0,000;0,000;-;161,750;163,250;-;-;-
02.09.2025 08:30;02.09.2025 08:45;0,000;0,000;-;161,750;163,250;-;-;-
02.09.2025 08:45;02.09.2025 09:00;0,000;0,000;-;161,750;163,250;-;-;-
02.09.2025 09:00;02.09.2025 09:15;0,000;0,000;-;162,500;163,000;-;-;-
02.09.2025 09:15;02.09.2025 09:30;0,000;0,000;-;162,500;163,000;-;-;-
02.09.2025 09:30;02.09.2025 09:45;0,000;0,000;-;162,500;163,000;-;-;-
02.09.2025 09:45;02.09.2025 10:00;0,000;0,000;-;162,500;163,000;-;-;-
02.09.2025 10:00;02.09.2025 10:15;0,000;0,000;-;147,250;138,750;-;-;-
02.09.2025 10:15;02.09.2025 10:30;0,000;0,000;-;147,250;138,750;-;-;-
02.09.2025 10:30;02.09.2025 10:45;0,000;0,000;-;147,250;138,750;-;-;-
02.09.2025 10:45;02.09.2025 11:00;0,000;0,000;-;147,250;138,750;-;-;-
02.09.2025 11:00;02.09.2025 11:15;0,000;0,000;-;73,000;69,750;-;-;-
02.09.2025 11:15;02.09.2025 11:30;0,000;0,000;-;73,000;69,750;-;-;-
02.09.2025 11:30;02.09.2025 11:45;0,000;0,000;-;73,000;69,750;-;-;-
02.09.2025 11:45;02.09.2025 12:00;0,000;0,000;-;73,000;69,750;-;-;-
02.09.2025 12:00;02.09.2025 12:15;0,000;0,000;-;61,500;60,500;-;-;-
02.09.2025 12:15;02.09.2025 12:30;0,000;0,000;-;61,500;60,500;-;-;-
02.09.2025 12:30;02.09.2025 12:45;0,000;0,000;-;61,500;60,500;-;-;-
02.09.2025 12:45;02.09.2025 13:00;0,000;0,000;-;61,500;60,500;-;-;-
02.09.2025 13:00;02.09.2025 13:15;0,000;0,000;-;61,500;62,000;-;-;-
02.09.2025 13:15;02.09.2025 13:30;0,000;0,000;-;61,500;62,000;-;-;-
02.09.2025 13:30;02.09.2025 13:45;0,000;0,000;-;61,500;62,000;-;-;-
02.09.2025 13:45;02.09.2025 14:00;0,000;0,000;-;61,500;62,000;-;-;-
02.09.2025 14:00;02.09.2025 14:15;0,000;0,000;-;61,500;61,500;-;-;-
02.09.2025 14:15;02.09.2025 14:30;0,000;0,000;-;61,500;61,500;-;-;-
02.09.2025 14:30;02.09.2025 14:45;0,000;0,000;-;61,500;61,500;-;-;-
02.09.2025 14:45;02.09.2025 15:00;0,000;0,000;-;61,500;61,500;-;-;-
02.09.2025 15:00;02.09.2025 15:15;0,000;0,000;-;61,250;62,000;-;-;-
02.09.2025 15:15;02.09.2025 15:30;0,000;0,000;-;61,250;62,000;-;-;-
02.09.2025 15:30;02.09.2025 15:45;0,000;0,000;-;61,250;62,000;-;-;-
02.09.2025 15:45;02.09.2025 16:00;0,000;0,000;-;61,250;62,000;-;-;-
02.09.2025 16:00;02.09.2025 16:15;0,000;0,000;-;90,750;81,500;-;-;-
02.09.2025 16:15;02.09.2025 16:30;0,000;0,000;-;90,750;81,500;-;-;-
02.09.2025 16:30;02.09.2025 16:45;0,000;0,000;-;90,750;81,500;-;-;-
02.09.2025 16:45;02.09.2025 17:00;0,000;0,000;-;90,750;81,500;-;-;-
02.09.2025 17:00;02.09.2025 17:15;0,000;0,000;-;153,500;147,500;-;-;-
02.09.2025 17:15;02.09.2025 17:30;0,000;0,000;-;153,500;147,500;-;-;-
02.09.2025 17:30;02.09.2025 17:45;0,000;0,000;-;153,500;147,500;-;-;-
02.09.2025 17:45;02.09.2025 18:00;0,000;0,000;-;153,500;147,500;-;-;-
02.09.2025 18:00;02.09.2025 18:15;34,250;34,500;-;162,250;162,750;-;-;-
02.09.2025 18:15;02.09.2025 18:30;34,250;34,500;-;162,250;162,750;-;-;-
02.09.2025 18:30;02.09.2025 18:45;34,250;34,500;-;162,250;162,750;-;-;-
02.09.2025 18:45;02.09.2025 19:00;34,250;34,500;-;162,250;162,750;-;-;-
02.09.2025 19:00;02.09.2025 19:15;46,500;46,250;-;162,000;162,500;-;-;-
02.09.2025 19:15;02.09.2025 19:30;46,500;46,250;-;162,000;162,500;-;-;-
02.09.2025 19:30;02.09.2025 19:45;46,500;46,250;-;162,000;162,500;-;-;-
02.09.2025 19:45;02.09.2025 20:00;46,500;46,250;-;162,000;162,500;-;-;-
02.09.2025 20:00;02.09.2025 20:15;47,000;46,750;-;163,000;164,000;-;-;-
02.09.2025 20:15;02.09.2025 20:30;47,000;46,750;-;163,000;164,000;-;-;-
02.09.2025 20:30;02.09.2025 20:45;47,000;46,750;-;163,000;164,000;-;-;-
02.09.2025 20:45;02.09.2025 21:00;47,000;46,750;-;163,000;164,000;-;-;-
02.09.2025 21:00;02.09.2025 21:15;41,000;41,000;-;161,250;162,750;-;-;-
02.09.2025 21:15;02.09.2025 21:30;41,000;41,000;-;161,250;162,750;-;-;-
02.09.2025 21:30;02.09.2025 21:45;41,000;41,000;-;161,250;162,750;-;-;-
02.09.2025 21:45;02.09.2025 22:00;41,000;41,000;-;161,250;162,750;-;-;-
02.09.2025 22:00;02.09.2025 22:15;0,000;0,000;-;157,500;158,250;-;-;-
02.09.2025 22:15;02.09.2025 22:30;0,000;0,000;-;157,500;158,250;-;-;-
02.09.2025 22:30;02.09.2025 22:45;0,000;0,000;-;157,500;158,250;-;-;-
02.09.2025 22:45;02.09.2025 23:00;0,000;0,000;-;157,500;158,250;-;-;-
02.09.2025 23:00;02.09.2025 23:15;0,000;0,000;-;163,000;163,750;-;-;-
02.09.2025 23:15;02.09.2025 23:30;0,000;0,000;-;163,000;163,750;-;-;-
02.09.2025 23:30;02.09.2025 23:45;0,000;0,000;-;163,000;163,750;-;-;-
02.09.2025 23:45;03.09.2025 00:00;0,000;0,000;-;163,000;163,750;-;-;-
03.09.2025 00:00;03.09.2025 00:15;0,000;0,000;-;161,750;163,750;-;-;-
03.09.2025 00:15;03.09.2025 00:30;0,000;0,000;-;161,750;163,750;-;-;-
03.09.2025 00:30;03.09.2025 00:45;0,000;0,000;-;161,750;163,750;-;-;-
03.09.2025 00:45;03.09.2025 01:00;0,000;0,000;-;161,750;163,750;-;-;-
03.09.2025 01:00;03.09.2025 01:15;0,000;0,000;-;160,750;163,000;-;-;-
03.09.2025 01:15;03.09.2025 01:30;0,000;0,000;-;160,750;163,000;-;-;-
03.09.2025 01:30;03.09.2025 01:45;0,000;0,000;-;160,750;163,000;-;-;-
03.09.2025 01:45;03.09.2025 02:00;0,000;0,000;-;160,750;163,000;-;-;-
03.09.2025 02:00;03.09.2025 02:15;0,000;0,000;-;162,500;116,250;-;-;-
03.09.2025 02:15;03.09.2025 02:30;0,000;0,000;-;162,500;116,250;-;-;-
03.09.2025 02:30;03.09.2025 02:45;0,000;0,000;-;162,500;116,250;-;-;-
03.09.2025 02:45;03.09.2025 03:00;0,000;0,000;-;162,500;116,250;-;-;-
03.09.2025 03:00;03.09.2025 03:15;0,000;0,000;-;161,750;93,000;-;-;-
03.09.2025 03:15;03.09.2025 03:30;0,000;0,000;-;161,750;93,000;-;-;-
03.09.2025 03:30;03.09.2025 03:45;0,000;0,000;-;161,750;93,000;-;-;-
03.09.2025 03:45;03.09.2025 04:00;0,000;0,000;-;161,750;93,000;-;-;-
03.09.2025 04:00;03.09.2025 04:15;0,000;0,000;-;162,250;100,500;-;-;-
03.09.2025 04:15;03.09.2025 04:30;0,000;0,000;-;162,250;100,500;-;-;-
03.09.2025 04:30;03.09.2025 04:45;0,000;0,000;-;162,250;100,500;-;-;-
03.09.2025 04:45;03.09.2025 05:00;0,000;0,000;-;162,250;100,500;-;-;-
03.09.2025 05:00;03.09.2025 05:15;0,000;0,000;-;162,500;141,000;-;-;-
03.09.2025 05:15;03.09.2025 05:30;0,000;0,000;-;162,500;141,000;-;-;-
03.09.2025 05:30;03.09.2025 05:45;0,000;0,000;-;162,500;141,000;-;-;-
03.09.2025 05:45;03.09.2025 06:00;0,000;0,000;-;162,500;141,000;-;-;-
03.09.2025 06:00;03.09.2025 06:15;0,000;0,000;-;162,250;160,750;-;-;-
03.09.2025 06:15;03.09.2025 06:30;0,000;0,000;-;162,250;160,750;-;-;-
03.09.2025 06:30;03.09.2025 06:45;0,000;0,000;-;162,250;160,750;-;-;-
03.09.2025 06:45;03.09.2025 07:00;0,000;0,000;-;162,250;160,750;-;-;-
03.09.2025 07:00;03.09.2025 07:15;0,000;0,000;-;162,250;162,250;-;-;-
03.09.2025 07:15;03.09.2025 07:30;0,000;0,000;-;162,250;162,250;-;-;-
03.09.2025 07:30;03.09.2025 07:45;0,000;0,000;-;162,250;162,250;-;-;-
03.09.2025 07:45;03.09.2025 08:00;0,000;0,000;-;162,250;162,250;-;-;-
03.09.2025 08:00;03.09.2025 08:15;0,000;0,000;-;118,000;115,750;-;-;-
03.09.2025 08:15;03.09.2025 08:30;0,000;0,000;-;118,000;115,750;-;-;-
03.09.2025 08:30;03.09.2025 08:45;0,000;0,000;-;118,000;115,750;-;-;-
03.09.2025 08:45;03.09.2025 09:00;0,000;0,000;-;118,000;115,750;-;-;-
03.09.2025 09:00;03.09.2025 09:15;0,000;0,000;-;71,000;80,500;-;-;-
03.09.2025 09:15;03.09.2025 09:30;0,000;0,000;-;71,000;80,500;-;-;-
03.09.2025 09:30;03.09.2025 09:45;0,000;0,000;-;71,000;80,500;-;-;-
03.09.2025 09:45;03.09.2025 10:00;0,000;0,000;-;71,000;80,500;-;-;-
03.09.2025 10:00;03.09.2025 10:15;0,000;0,000;-;0,000;63,000;-;-;-
03.09.2025 10:15;03.09.2025 10:30;0,000;0,000;-;0,000;63,000;-;-;-
03.09.2025 10:30;03.09.2025 10:45;0,000;0,000;-;0,000;63,000;-;-;-
03.09.2025 10:45;03.09.2025 11:00;0,000;0,000;-;0,000;63,000;-;-;-
03.09.2025 11:00;03.09.2025 11:15;0,000;0,000;-;0,000;60,750;-;-;-
03.09.2025 11:15;03.09.2025 11:30;0,000;0,000;-;0,000;60,750;-;-;-
03.09.2025 11:30;03.09.2025 11:45;0,000;0,000;-;0,000;60,750;-;-;-
03.09.2025 11:45;03.09.2025 12:00;0,000;0,000;-;0,000;60,750;-;-;-
03.09.2025 12:00;03.09.2025 12:15;0,000;0,000;-;0,000;61,500;-;-;-
03.09.2025 12:15;03.09.2025 12:30;0,000;0,000;-;0,000;61,500;-;-;-
03.09.2025 12:30;03.09.2025 12:45;0,000;0,000;-;0,000;61,500;-;-;-
03.09.2025 12:45;03.09.2025 13:00;0,000;0,000;-;0,000;61,500;-;-;-
03.09.2025 13:00;03.09.2025 13:15;0,000;0,000;-;0,000;61,000;-;-;-
03.09.2025 13:15;03.09.2025 13:30;0,000;0,000;-;0,000;61,000;-;-;-
03.09.2025 13:30;03.09.2025 13:45;0,000;0,000;-;0,000;61,000;-;-;-
03.09.2025 13:45;03.09.2025 14:00;0,000;0,000;-;0,000;61,000;-;-;-
03.09.2025 14:00;03.09.2025 14:15;0,000;0,000;-;0,000;61,250;-;-;-
03.09.2025 14:15;03.09.2025 14:30;0,000;0,000;-;0,000;61,250;-;-;-
03.09.2025 14:30;03.09.2025 14:45;0,000;0,000;-;0,000;61,250;-;-;-
03.09.2025 14:45;03.09.2025 15:00;0,000;0,000;-;0,000;61,250;-;-;-
03.09.2025 15:00;03.09.2025 15:15;0,000;0,000;-;0,000;61,250;-;-;-
03.09.2025 15:15;03.09.2025 15:30;0,000;0,000;-;0,000;61,250;-;-;-
03.09.2025 15:30;03.09.2025 15:45;0,000;0,000;-;0,000;61,250;-;-;-
03.09.2025 15:45;03.09.2025 16:00;0,000;0,000;-;0,000;61,250;-;-;-
03.09.2025 16:00;03.09.2025 16:15;0,000;0,000;-;0,000;61,500;-;-;-
03.09.2025 16:15;03.09.2025 16:30;0,000;0,000;-;0,000;61,500;-;-;-
03.09.2025 16:30;03.09.2025 16:45;0,000;0,000;-;0,000;61,500;-;-;-
03.09.2025 16:45;03.09.2025 17:00;0,000;0,000;-;0,000;61,500;-;-;-
03.09.2025 17:00;03.09.2025 17:15;0,000;0,000;-;0,000;61,500;-;-;-
03.09.2025 17:15;03.09.2025 17:30;0,000;0,000;-;0,000;61,500;-;-;-
03.09.2025 17:30;03.09.2025 17:45;0,000;0,000;-;0,000;61,500;-;-;-
03.09.2025 17:45;03.09.2025 18:00;0,000;0,000;-;0,000;61,500;-;-;-
03.09.2025 18:00;03.09.2025 18:15;0,000;0,000;-;0,000;68,000;-;-;-
03.09.2025 18:15;03.09.2025 18:30;0,000;0,000;-;0,000;68,000;-;-;-
03.09.2025 18:30;03.09.2025 18:45;0,000;0,000;-;0,000;68,000;-;-;-
03.09.2025 18:45;03.09.2025 19:00;0,000;0,000;-;0,000;68,000;-;-;-
03.09.2025 19:00;03.09.2025 19:15;0,000;0,000;-;0,000;110,750;-;-;-
03.09.2025 19:15;03.09.2025 19:30;0,000;0,000;-;0,000;110,750;-;-;-
03.09.2025 19:30;03.09.2025 19:45;0,000;0,000;-;0,000;110,750;-;-;-
03.09.2025 19:45;03.09.2025 20:00;0,000;0,000;-;0,000;110,750;-;-;-
03.09.2025 20:00;03.09.2025 20:15;0,000;0,000;-;0,000;143,500;-;-;-
03.09.2025 20:15;03.09.2025 20:30;0,000;0,000;-;0,000;143,500;-;-;-
03.09.2025 20:30;03.09.2025 20:45;0,000;0,000;-;0,000;143,500;-;-;-
03.09.2025 20:45;03.09.2025 21:00;0,000;0,000;-;0,000;143,500;-;-;-
03.09.2025 21:00;03.09.2025 21:15;0,000;0,000;-;0,000;160,500;-;-;-
03.09.2025 21:15;03.09.2025 21:30;0,000;0,000;-;0,000;160,500;-;-;-
03.09.2025 21:30;03.09.2025 21:45;0,000;0,000;-;0,000;160,500;-;-;-
03.09.2025 21:45;03.09.2025 22:00;0,000;0,000;-;0,000;160,500;-;-;-
03.09.2025 22:00;03.09.2025 22:15;0,000;0,000;-;0,000;148,250;-;-;-
03.09.2025 22:15;03.09.2025 22:30;0,000;0,000;-;0,000;148,250;-;-;-
03.09.2025 22:30;03.09.2025 22:45;0,000;0,000;-;0,000;148,250;-;-;-
03.09.2025 22:45;03.09.2025 23:00;0,000;0,000;-;0,000;148,250;-;-;-
03.09.2025 23:00;03.09.2025 23:15;-;-;-;-;-;-;-;-
03.09.2025 23:15;03.09.2025 23:30;-;-;-;-;-;-;-;-
03.09.2025 23:30;03.09.2025 23:45;-;-;-;-;-;-;-;-
03.09.2025 23:45;04.09.2025 00:00;-;-;-;-;-;-;-;-
04.09.2025 00:00;04.09.2025 00:15;-;-;-;-;-;-;-;-
04.09.2025 00:15;04.09.2025 00:30;-;-;-;-;-;-;-;-
04.09.2025 00:30;04.09.2025 00:45;-;-;-;-;-;-;-;-
04.09.2025 00:45;04.09.2025 01:00;-;-;-;-;-;-;-;-
04.09.2025 01:00;04.09.2025 01:15;-;-;-;-;-;-;-;-
04.09.2025 01:15;04.09.2025 01:30;-;-;-;-;-;-;-;-
04.09.2025 01:30;04.09.2025 01:45;-;-;-;-;-;-;-;-
04.09.2025 01:45;04.09.2025 02:00;-;-;-;-;-;-;-;-
04.09.2025 02:00;04.09.2025 02:15;-;-;-;-;-;-;-;-
04.09.2025 02:15;04.09.2025 02:30;-;-;-;-;-;-;-;-
04.09.2025 02:30;04.09.2025 02:45;-;-;-;-;-;-;-;-
04.09.2025 02:45;04.09.2025 03:00;-;-;-;-;-;-;-;-
04.09.2025 03:00;04.09.2025 03:15;-;-;-;-;-;-;-;-
04.09.2025 03:15;04.09.2025 03:30;-;-;-;-;-;-;-;-
04.09.2025 03:30;04.09.2025 03:45;-;-;-;-;-;-;-;-
04.09.2025 03:45;04.09.2025 04:00;-;-;-;-;-;-;-;-
04.09.2025 04:00;04.09.2025 04:15;-;-;-;-;-;-;-;-
04.09.2025 04:15;04.09.2025 04:30;-;-;-;-;-;-;-;-
04.09.2025 04:30;04.09.2025 04:45;-;-;-;-;-;-;-;-
04.09.2025 04:45;04.09.2025 05:00;-;-;-;-;-;-;-;-
04.09.2025 05:00;04.09.2025 05:15;-;-;-;-;-;-;-;-
04.09.2025 05:15;04.09.2025 05:30;-;-;-;-;-;-;-;-
04.09.2025 05:30;04.09.2025 05:45;-;-;-;-;-;-;-;-
04.09.2025 05:45;04.09.2025 06:00;-;-;-;-;-;-;-;-
04.09.2025 06:00;04.09.2025 06:15;-;-;-;-;-;-;-;-
04.09.2025 06:15;04.09.2025 06:30;-;-;-;-;-;-;-;-
04.09.2025 06:30;04.09.2025 06:45;-;-;-;-;-;-;-;-
04.09.2025 06:45;04.09.2025 07:00;-;-;-;-;-;-;-;-
04.09.2025 07:00;04.09.2025 07:15;-;-;-;-;-;-;-;-
04.09.2025 07:15;04.09.2025 07:30;-;-;-;-;-;-;-;-
04.09.2025 07:30;04.09.2025 07:45;-;-;-;-;-;-;-;-
04.09.2025 07:45;04.09.2025 08:00;-;-;-;-;-;-;-;-
04.09.2025 08:00;04.09.2025 08:15;-;-;-;-;-;-;-;-
04.09.2025 08:15;04.09.2025 08:30;-;-;-;-;-;-;-;-
04.09.2025 08:30;04.09.2025 08:45;-;-;-;-;-;-;-;-
04.09.2025 08:45;04.09.2025 09:00;-;-;-;-;-;-;-;-
04.09.2025 09:00;04.09.2025 09:15;-;-;-;-;-;-;-;-
04.09.2025 09:15;04.09.2025 09:30;-;-;-;-;-;-;-;-
04.09.2025 09:30;04.09.2025 09:45;-;-;-;-;-;-;-;-
04.09.2025 09:45;04.09.2025 10:00;-;-;-;-;-;-;-;-
04.09.2025 10:00;04.09.2025 10:15;-;-;-;-;-;-;-;-
04.09.2025 10:15;04.09.2025 10:30;-;-;-;-;-;-;-;-
04.09.2025 10:30;04.09.2025 10:45;-;-;-;-;-;-;-;-
04.09.2025 10:45;04.09.2025 11:00;-;-;-;-;-;-;-;-
04.09.2025 11:00;04.09.2025 11:15;-;-;-;-;-;-;-;-
04.09.2025 11:15;04.09.2025 11:30;-;-;-;-;-;-;-;-
04.09.2025 11:30;04.09.2025 11:45;-;-;-;-;-;-;-;-
04.09.2025 11:45;04.09.2025 12:00;-;-;-;-;-;-;-;-
04.09.2025 12:00;04.09.2025 12:15;-;-;-;-;-;-;-;-
04.09.2025 12:15;04.09.2025 12:30;-;-;-;-;-;-;-;-
04.09.2025 12:30;04.09.2025 12:45;-;-;-;-;-;-;-;-
04.09.2025 12:45;04.09.2025 13:00;-;-;-;-;-;-;-;-
04.09.2025 13:00;04.09.2025 13:15;-;-;-;-;-;-;-;-
04.09.2025 13:15;04.09.2025 13:30;-;-;-;-;-;-;-;-
04.09.2025 13:30;04.09.2025 13:45;-;-;-;-;-;-;-;-
04.09.2025 13:45;04.09.2025 14:00;-;-;-;-;-;-;-;-
04.09.2025 14:00;04.09.2025 14:15;-;-;-;-;-;-;-;-
04.09.2025 14:15;04.09.2025 14:30;-;-;-;-;-;-;-;-
04.09.2025 14:30;04.09.2025 14:45;-;-;-;-;-;-;-;-
04.09.2025 14:45;04.09.2025 15:00;-;-;-;-;-;-;-;-
04.09.2025 15:00;04.09.2025 15:15;-;-;-;-;-;-;-;-
04.09.2025 15:15;04.09.2025 15:30;-;-;-;-;-;-;-;-
04.09.2025 15:30;04.09.2025 15:45;-;-;-;-;-;-;-;-
04.09.2025 15:45;04.09.2025 16:00;-;-;-;-;-;-;-;-
04.09.2025 16:00;04.09.2025 16:15;-;-;-;-;-;-;-;-
04.09.2025 16:15;04.09.2025 16:30;-;-;-;-;-;-;-;-
04.09.2025 16:30;04.09.2025 16:45;-;-;-;-;-;-;-;-
04.09.2025 16:45;04.09.2025 17:00;-;-;-;-;-;-;-;-
04.09.2025 17:00;04.09.2025 17:15;-;-;-;-;-;-;-;-
04.09.2025 17:15;04.09.2025 17:30;-;-;-;-;-;-;-;-
04.09.2025 17:30;04.09.2025 17:45;-;-;-;-;-;-;-;-
04.09.2025 17:45;04.09.2025 18:00;-;-;-;-;-;-;-;-
04.09.2025 18:00;04.09.2025 18:15;-;-;-;-;-;-;-;-
04.09.2025 18:15;04.09.2025 18:30;-;-;-;-;-;-;-;-
04.09.2025 18:30;04.09.2025 18:45;-;-;-;-;-;-;-;-
04.09.2025 18:45;04.09.2025 19:00;-;-;-;-;-;-;-;-
04.09.2025 19:00;04.09.2025 19:15;-;-;-;-;-;-;-;-
04.09.2025 19:15;04.09.2025 19:30;-;-;-;-;-;-;-;-
04.09.2025 19:30;04.09.2025 19:45;-;-;-;-;-;-;-;-
04.09.2025 19:45;04.09.2025 20:00;-;-;-;-;-;-;-;-
04.09.2025 20:00;04.09.2025 20:15;-;-;-;-;-;-;-;-
04.09.2025 20:15;04.09.2025 20:30;-;-;-;-;-;-;-;-
04.09.2025 20:30;04.09.2025 20:45;-;-;-;-;-;-;-;-
04.09.2025 20:45;04.09.2025 21:00;-;-;-;-;-;-;-;-
04.09.2025 21:00;04.09.2025 21:15;-;-;-;-;-;-;-;-
04.09.2025 21:15;04.09.2025 21:30;-;-;-;-;-;-;-;-
04.09.2025 21:30;04.09.2025 21:45;-;-;-;-;-;-;-;-
04.09.2025 21:45;04.09.2025 22:00;-;-;-;-;-;-;-;-
04.09.2025 22:00;04.09.2025 22:15;-;-;-;-;-;-;-;-
04.09.2025 22:15;04.09.2025 22:30;-;-;-;-;-;-;-;-
04.09.2025 22:30;04.09.2025 22:45;-;-;-;-;-;-;-;-
04.09.2025 22:45;04.09.2025 23:00;-;-;-;-;-;-;-;-
04.09.2025 23:00;04.09.2025 23:15;-;-;-;-;-;-;-;-
04.09.2025 23:15;04.09.2025 23:30;-;-;-;-;-;-;-;-
04.09.2025 23:30;04.09.2025 23:45;-;-;-;-;-;-;-;-
04.09.2025 23:45;05.09.2025 00:00;-;-;-;-;-;-;-;-
05.09.2025 00:00;05.09.2025 00:15;-;-;-;-;-;-;-;-
05.09.2025 00:15;05.09.2025 00:30;-;-;-;-;-;-;-;-
05.09.2025 00:30;05.09.2025 00:45;-;-;-;-;-;-;-;-
05.09.2025 00:45;05.09.2025 01:00;-;-;-;-;-;-;-;-
05.09.2025 01:00;05.09.2025 01:15;-;-;-;-;-;-;-;-
05.09.2025 01:15;05.09.2025 01:30;-;-;-;-;-;-;-;-
05.09.2025 01:30;05.09.2025 01:45;-;-;-;-;-;-;-;-
05.09.2025 01:45;05.09.2025 02:00;-;-;-;-;-;-;-;-
05.09.2025 02:00;05.09.2025 02:15;-;-;-;-;-;-;-;-
05.09.2025 02:15;05.09.2025 02:30;-;-;-;-;-;-;-;-
05.09.2025 02:30;05.09.2025 02:45;-;-;-;-;-;-;-;-
05.09.2025 02:45;05.09.2025 03:00;-;-;-;-;-;-;-;-
05.09.2025 03:00;05.09.2025 03:15;-;-;-;-;-;-;-;-
05.09.2025 03:15;05.09.2025 03:30;-;-;-;-;-;-;-;-
05.09.2025 03:30;05.09.2025 03:45;-;-;-;-;-;-;-;-
05.09.2025 03:45;05.09.2025 04:00;-;-;-;-;-;-;-;-
05.09.2025 04:00;05.09.2025 04:15;-;-;-;-;-;-;-;-
05.09.2025 04:15;05.09.2025 04:30;-;-;-;-;-;-;-;-
05.09.2025 04:30;05.09.2025 04:45;-;-;-;-;-;-;-;-
05.09.2025 04:45;05.09.2025 05:00;-;-;-;-;-;-;-;-
05.09.2025 05:00;05.09.2025 05:15;-;-;-;-;-;-;-;-
05.09.2025 05:15;05.09.2025 05:30;-;-;-;-;-;-;-;-
05.09.2025 05:30;05.09.2025 05:45;-;-;-;-;-;-;-;-
05.09.2025 05:45;05.09.2025 06:00;-;-;-;-;-;-;-;-
05.09.2025 06:00;05.09.2025 06:15;-;-;-;-;-;-;-;-
05.09.2025 06:15;05.09.2025 06:30;-;-;-;-;-;-;-;-
05.09.2025 06:30;05.09.2025 06:45;-;-;-;-;-;-;-;-
05.09.2025 06:45;05.09.2025 07:00;-;-;-;-;-;-;-;-
05.09.2025 07:00;05.09.2025 07:15;-;-;-;-;-;-;-;-
05.09.2025 07:15;05.09.2025 07:30;-;-;-;-;-;-;-;-
05.09.2025 07:30;05.09.2025 07:45;-;-;-;-;-;-;-;-
05.09.2025 07:45;05.09.2025 08:00;-;-;-;-;-;-;-;-
05.09.2025 08:00;05.09.2025 08:15;-;-;-;-;-;-;-;-
05.09.2025 08:15;05.09.2025 08:30;-;-;-;-;-;-;-;-
05.09.2025 08:30;05.09.2025 08:45;-;-;-;-;-;-;-;-
05.09.2025 08:45;05.09.2025 09:00;-;-;-;-;-;-;-;-
05.09.2025 09:00;05.09.2025 09:15;-;-;-;-;-;-;-;-
05.09.2025 09:15;05.09.2025 09:30;-;-;-;-;-;-;-;-
05.09.2025 09:30;05.09.2025 09:45;-;-;-;-;-;-;-;-
05.09.2025 09:45;05.09.2025 10:00;-;-;-;-;-;-;-;-
05.09.2025 10:00;05.09.2025 10:15;-;-;-;-;-;-;-;-
05.09.2025 10:15;05.09.2025 10:30;-;-;-;-;-;-;-;-
05.09.2025 10:30;05.09.2025 10:45;-;-;-;-;-;-;-;-
05.09.2025 10:45;05.09.2025 11:00;-;-;-;-;-;-;-;-
05.09.2025 11:00;05.09.2025 11:15;-;-;-;-;-;-;-;-
05.09.2025 11:15;05.09.2025 11:30;-;-;-;-;-;-;-;-
05.09.2025 11:30;05.09.2025 11:45;-;-;-;-;-;-;-;-
05.09.2025 11:45;05.09.2025 12:00;-;-;-;-;-;-;-;-
05.09.2025 12:00;05.09.2025 12:15;-;-;-;-;-;-;-;-
05.09.2025 12:15;05.09.2025 12:30;-;-;-;-;-;-;-;-
05.09.2025 12:30;05.09.2025 12:45;-;-;-;-;-;-;-;-
05.09.2025 12:45;05.09.2025 13:00;-;-;-;-;-;-;-;-
05.09.2025 13:00;05.09.2025 13:15;-;-;-;-;-;-;-;-
05.09.2025 13:15;05.09.2025 13:30;-;-;-;-;-;-;-;-
05.09.2025 13:30;05.09.2025 13:45;-;-;-;-;-;-;-;-
05.09.2025 13:45;05.09.2025 14:00;-;-;-;-;-;-;-;-
05.09.2025 14:00;05.09.2025 14:15;-;-;-;-;-;-;-;-
05.09.2025 14:15;05.09.2025 14:30;-;-;-;-;-;-;-;-
05.09.2025 14:30;05.09.2025 14:45;-;-;-;-;-;-;-;-
05.09.2025 14:45;05.09.2025 15:00;-;-;-;-;-;-;-;-
05.09.2025 15:00;05.09.2025 15:15;-;-;-;-;-;-;-;-
05.09.2025 15:15;05.09.2025 15:30;-;-;-;-;-;-;-;-
05.09.2025 15:30;05.09.2025 15:45;-;-;-;-;-;-;-;-
05.09.2025 15:45;05.09.2025 16:00;-;-;-;-;-;-;-;-
05.09.2025 16:00;05.09.2025 16:15;-;-;-;-;-;-;-;-
05.09.2025 16:15;05.09.2025 16:30;-;-;-;-;-;-;-;-
05.09.2025 16:30;05.09.2025 16:45;-;-;-;-;-;-;-;-
05.09.2025 16:45;05.09.2025 17:00;-;-;-;-;-;-;-;-
05.09.2025 17:00;05.09.2025 17:15;-;-;-;-;-;-;-;-
05.09.2025 17:15;05.09.2025 17:30;-;-;-;-;-;-;-;-
05.09.2025 17:30;05.09.2025 17:45;-;-;-;-;-;-;-;-
05.09.2025 17:45;05.09.2025 18:00;-;-;-;-;-;-;-;-
05.09.2025 18:00;05.09.2025 18:15;-;-;-;-;-;-;-;-
05.09.2025 18:15;05.09.2025 18:30;-;-;-;-;-;-;-;-
05.09.2025 18:30;05.09.2025 18:45;-;-;-;-;-;-;-;-
05.09.2025 18:45;05.09.2025 19:00;-;-;-;-;-;-;-;-
05.09.2025 19:00;05.09.2025 19:15;-;-;-;-;-;-;-;-
05.09.2025 19:15;05.09.2025 19:30;-;-;-;-;-;-;-;-
05.09.2025 19:30;05.09.2025 19:45;-;-;-;-;-;-;-;-
05.09.2025 19:45;05.09.2025 20:00;-;-;-;-;-;-;-;-
05.09.2025 20:00;05.09.2025 20:15;-;-;-;-;-;-;-;-
05.09.2025 20:15;05.09.2025 20:30;-;-;-;-;-;-;-;-
05.09.2025 20:30;05.09.2025 20:45;-;-;-;-;-;-;-;-
05.09.2025 20:45;05.09.2025 21:00;-;-;-;-;-;-;-;-
05.09.2025 21:00;05.09.2025 21:15;-;-;-;-;-;-;-;-
05.09.2025 21:15;05.09.2025 21:30;-;-;-;-;-;-;-;-
05.09.2025 21:30;05.09.2025 21:45;-;-;-;-;-;-;-;-
05.09.2025 21:45;05.09.2025 22:00;-;-;-;-;-;-;-;-
05.09.2025 22:00;05.09.2025 22:15;-;-;-;-;-;-;-;-
05.09.2025 22:15;05.09.2025 22:30;-;-;-;-;-;-;-;-
05.09.2025 22:30;05.09.2025 22:45;-;-;-;-;-;-;-;-
05.09.2025 22:45;05.09.2025 23:00;-;-;-;-;-;-;-;-
05.09.2025 23:00;05.09.2025 23:15;-;-;-;-;-;-;-;-
05.09.2025 23:15;05.09.2025 23:30;-;-;-;-;-;-;-;-
05.09.2025 23:30;05.09.2025 23:45;-;-;-;-;-;-;-;-
05.09.2025 23:45;06.09.2025 00:00;-;-;-;-;-;-;-;-
