Datum von;Datum bis;Generation_DE Niederaußem E [MW] Berechnete Auflösungen;Generation_DE Niederaußem F [MW] Berechnete Auflösungen;Generation_DE Niederaußem G [MW] Berechnete Auflösungen;Generation_DE Niederaußem H [MW] Berechnete Auflösungen;Generation_DE Niederaußem K [MW] Berechnete Auflösungen;Generation_DE Niederaußem D [MW] Berechnete Auflösungen;Generation_DE Niederaußem A [MW] Berechnete Auflösungen;Generation_DE Niederaußem B [MW] Berechnete Auflösungen;Generation_DE Niederaußem C [MW] Berechnete Auflösungen
26.08.2025 00:00;26.08.2025 00:15;-;-;155,250;0,000;226,250;-;-;-;-
26.08.2025 00:15;26.08.2025 00:30;-;-;155,250;0,000;226,250;-;-;-;-
26.08.2025 00:30;26.08.2025 00:45;-;-;155,250;0,000;226,250;-;-;-;-
26.08.2025 00:45;26.08.2025 01:00;-;-;155,250;0,000;226,250;-;-;-;-
26.08.2025 01:00;26.08.2025 01:15;-;-;154,750;0,000;227,000;-;-;-;-
26.08.2025 01:15;26.08.2025 01:30;-;-;154,750;0,000;227,000;-;-;-;-
26.08.2025 01:30;26.08.2025 01:45;-;-;154,750;0,000;227,000;-;-;-;-
26.08.2025 01:45;26.08.2025 02:00;-;-;154,750;0,000;227,000;-;-;-;-
26.08.2025 02:00;26.08.2025 02:15;-;-;156,500;0,000;226,500;-;-;-;-
26.08.2025 02:15;26.08.2025 02:30;-;-;156,500;0,000;226,500;-;-;-;-
26.08.2025 02:30;26.08.2025 02:45;-;-;156,500;0,000;226,500;-;-;-;-
26.08.2025 02:45;26.08.2025 03:00;-;-;156,500;0,000;226,500;-;-;-;-
26.08.2025 03:00;26.08.2025 03:15;-;-;153,500;0,000;227,750;-;-;-;-
26.08.2025 03:15;26.08.2025 03:30;-;-;153,500;0,000;227,750;-;-;-;-
26.08.2025 03:30;26.08.2025 03:45;-;-;153,500;0,000;227,750;-;-;-;-
26.08.2025 03:45;26.08.2025 04:00;-;-;153,500;0,000;227,750;-;-;-;-
26.08.2025 04:00;26.08.2025 04:15;-;-;153,250;0,000;227,750;-;-;-;-
26.08.2025 04:15;26.08.2025 04:30;-;-;153,250;0,000;227,750;-;-;-;-
26.08.2025 04:30;26.08.2025 04:45;-;-;153,250;0,000;227,750;-;-;-;-
26.08.2025 04:45;26.08.2025 05:00;-;-;153,250;0,000;227,750;-;-;-;-
26.08.2025 05:00;26.08.2025 05:15;-;-;155,000;0,000;228,500;-;-;-;-
26.08.2025 05:15;26.08.2025 05:30;-;-;155,000;0,000;228,500;-;-;-;-
26.08.2025 05:30;26.08.2025 05:45;-;-;155,000;0,000;228,500;-;-;-;-
26.08.2025 05:45;26.08.2025 06:00;-;-;155,000;0,000;228,500;-;-;-;-
26.08.2025 06:00;26.08.2025 06:15;-;-;158,250;0,000;231,250;-;-;-;-
26.08.2025 06:15;26.08.2025 06:30;-;-;158,250;0,000;231,250;-;-;-;-
26.08.2025 06:30;26.08.2025 06:45;-;-;158,250;0,000;231,250;-;-;-;-
26.08.2025 06:45;26.08.2025 07:00;-;-;158,250;0,000;231,250;-;-;-;-
26.08.2025 07:00;26.08.2025 07:15;-;-;158,500;0,000;231,500;-;-;-;-
26.08.2025 07:15;26.08.2025 07:30;-;-;158,500;0,000;231,500;-;-;-;-
26.08.2025 07:30;26.08.2025 07:45;-;-;158,500;0,000;231,500;-;-;-;-
26.08.2025 07:45;26.08.2025 08:00;-;-;158,500;0,000;231,500;-;-;-;-
26.08.2025 08:00;26.08.2025 08:15;-;-;148,000;0,000;230,250;-;-;-;-
26.08.2025 08:15;26.08.2025 08:30;-;-;148,000;0,000;230,250;-;-;-;-
26.08.2025 08:30;26.08.2025 08:45;-;-;148,000;0,000;230,250;-;-;-;-
26.08.2025 08:45;26.08.2025 09:00;-;-;148,000;0,000;230,250;-;-;-;-
26.08.2025 09:00;26.08.2025 09:15;-;-;82,750;0,000;226,750;-;-;-;-
26.08.2025 09:15;26.08.2025 09:30;-;-;82,750;0,000;226,750;-;-;-;-
26.08.2025 09:30;26.08.2025 09:45;-;-;82,750;0,000;226,750;-;-;-;-
26.08.2025 09:45;26.08.2025 10:00;-;-;82,750;0,000;226,750;-;-;-;-
26.08.2025 10:00;26.08.2025 10:15;-;-;71,000;0,000;224,500;-;-;-;-
26.08.2025 10:15;26.08.2025 10:30;-;-;71,000;0,000;224,500;-;-;-;-
26.08.2025 10:30;26.08.2025 10:45;-;-;71,000;0,000;224,500;-;-;-;-
26.08.2025 10:45;26.08.2025 11:00;-;-;71,000;0,000;224,500;-;-;-;-
26.08.2025 11:00;26.08.2025 11:15;-;-;76,000;0,000;181,500;-;-;-;-
26.08.2025 11:15;26.08.2025 11:30;-;-;76,000;0,000;181,500;-;-;-;-
26.08.2025 11:30;26.08.2025 11:45;-;-;76,000;0,000;181,500;-;-;-;-
26.08.2025 11:45;26.08.2025 12:00;-;-;76,000;0,000;181,500;-;-;-;-
26.08.2025 12:00;26.08.2025 12:15;-;-;69,250;0,000;94,500;-;-;-;-
26.08.2025 12:15;26.08.2025 12:30;-;-;69,250;0,000;94,500;-;-;-;-
26.08.2025 12:30;26.08.2025 12:45;-;-;69,250;0,000;94,500;-;-;-;-
26.08.2025 12:45;26.08.2025 13:00;-;-;69,250;0,000;94,500;-;-;-;-
26.08.2025 13:00;26.08.2025 13:15;-;-;75,500;0,000;92,750;-;-;-;-
26.08.2025 13:15;26.08.2025 13:30;-;-;75,500;0,000;92,750;-;-;-;-
26.08.2025 13:30;26.08.2025 13:45;-;-;75,500;0,000;92,750;-;-;-;-
26.08.2025 13:45;26.08.2025 14:00;-;-;75,500;0,000;92,750;-;-;-;-
26.08.2025 14:00;26.08.2025 14:15;-;-;79,000;0,000;91,750;-;-;-;-
26.08.2025 14:15;26.08.2025 14:30;-;-;79,000;0,000;91,750;-;-;-;-
26.08.2025 14:30;26.08.2025 14:45;-;-;79,000;0,000;91,750;-;-;-;-
26.08.2025 14:45;26.08.2025 15:00;-;-;79,000;0,000;91,750;-;-;-;-
26.08.2025 15:00;26.08.2025 15:15;-;-;76,250;0,000;126,250;-;-;-;-
26.08.2025 15:15;26.08.2025 15:30;-;-;76,250;0,000;126,250;-;-;-;-
26.08.2025 15:30;26.08.2025 15:45;-;-;76,250;0,000;126,250;-;-;-;-
26.08.2025 15:45;26.08.2025 16:00;-;-;76,250;0,000;126,250;-;-;-;-
26.08.2025 16:00;26.08.2025 16:15;-;-;139,750;0,000;220,500;-;-;-;-
26.08.2025 16:15;26.08.2025 16:30;-;-;139,750;0,000;220,500;-;-;-;-
26.08.2025 16:30;26.08.2025 16:45;-;-;139,750;0,000;220,500;-;-;-;-
26.08.2025 16:45;26.08.2025 17:00;-;-;139,750;0,000;220,500;-;-;-;-
26.08.2025 17:00;26.08.2025 17:15;-;-;147,750;0,000;225,000;-;-;-;-
26.08.2025 17:15;26.08.2025 17:30;-;-;147,750;0,000;225,000;-;-;-;-
26.08.2025 17:30;26.08.2025 17:45;-;-;147,750;0,000;225,000;-;-;-;-
26.08.2025 17:45;26.08.2025 18:00;-;-;147,750;0,000;225,000;-;-;-;-
26.08.2025 18:00;26.08.2025 18:15;-;-;157,000;0,000;230,750;-;-;-;-
26.08.2025 18:15;26.08.2025 18:30;-;-;157,000;0,000;230,750;-;-;-;-
26.08.2025 18:30;26.08.2025 18:45;-;-;157,000;0,000;230,750;-;-;-;-
26.08.2025 18:45;26.08.2025 19:00;-;-;157,000;0,000;230,750;-;-;-;-
26.08.2025 19:00;26.08.2025 19:15;-;-;159,750;0,000;231,000;-;-;-;-
26.08.2025 19:15;26.08.2025 19:30;-;-;159,750;0,000;231,000;-;-;-;-
26.08.2025 19:30;26.08.2025 19:45;-;-;159,750;0,000;231,000;-;-;-;-
26.08.2025 19:45;26.08.2025 20:00;-;-;159,750;0,000;231,000;-;-;-;-
26.08.2025 20:00;26.08.2025 20:15;-;-;161,250;0,000;231,500;-;-;-;-
26.08.2025 20:15;26.08.2025 20:30;-;-;161,250;0,000;231,500;-;-;-;-
26.08.2025 20:30;26.08.2025 20:45;-;-;161,250;0,000;231,500;-;-;-;-
26.08.2025 20:45;26.08.2025 21:00;-;-;161,250;0,000;231,500;-;-;-;-
26.08.2025 21:00;26.08.2025 21:15;-;-;159,500;0,000;226,000;-;-;-;-
26.08.2025 21:15;26.08.2025 21:30;-;-;159,500;0,000;226,000;-;-;-;-
26.08.2025 21:30;26.08.2025 21:45;-;-;159,500;0,000;226,000;-;-;-;-
26.08.2025 21:45;26.08.2025 22:00;-;-;159,500;0,000;226,000;-;-;-;-
26.08.2025 22:00;26.08.2025 22:15;-;-;148,750;0,000;227,750;-;-;-;-
26.08.2025 22:15;26.08.2025 22:30;-;-;148,750;0,000;227,750;-;-;-;-
26.08.2025 22:30;26.08.2025 22:45;-;-;148,750;0,000;227,750;-;-;-;-
26.08.2025 22:45;26.08.2025 23:00;-;-;148,750;0,000;227,750;-;-;-;-
26.08.2025 23:00;26.08.2025 23:15;-;-;152,750;0,000;225,000;-;-;-;-
26.08.2025 23:15;26.08.2025 23:30;-;-;152,750;0,000;225,000;-;-;-;-
26.08.2025 23:30;26.08.2025 23:45;-;-;152,750;0,000;225,000;-;-;-;-
26.08.2025 23:45;27.08.2025 00:00;-;-;152,750;0,000;225,000;-;-;-;-
27.08.2025 00:00;27.08.2025 00:15;-;-;152,500;0,000;224,500;-;-;-;-
27.08.2025 00:15;27.08.2025 00:30;-;-;152,500;0,000;224,500;-;-;-;-
27.08.2025 00:30;27.08.2025 00:45;-;-;152,500;0,000;224,500;-;-;-;-
27.08.2025 00:45;27.08.2025 01:00;-;-;152,500;0,000;224,500;-;-;-;-
27.08.2025 01:00;27.08.2025 01:15;-;-;144,750;0,000;210,500;-;-;-;-
27.08.2025 01:15;27.08.2025 01:30;-;-;144,750;0,000;210,500;-;-;-;-
27.08.2025 01:30;27.08.2025 01:45;-;-;144,750;0,000;210,500;-;-;-;-
27.08.2025 01:45;27.08.2025 02:00;-;-;144,750;0,000;210,500;-;-;-;-
27.08.2025 02:00;27.08.2025 02:15;-;-;148,250;0,000;221,250;-;-;-;-
27.08.2025 02:15;27.08.2025 02:30;-;-;148,250;0,000;221,250;-;-;-;-
27.08.2025 02:30;27.08.2025 02:45;-;-;148,250;0,000;221,250;-;-;-;-
27.08.2025 02:45;27.08.2025 03:00;-;-;148,250;0,000;221,250;-;-;-;-
27.08.2025 03:00;27.08.2025 03:15;-;-;149,250;0,000;226,500;-;-;-;-
27.08.2025 03:15;27.08.2025 03:30;-;-;149,250;0,000;226,500;-;-;-;-
27.08.2025 03:30;27.08.2025 03:45;-;-;149,250;0,000;226,500;-;-;-;-
27.08.2025 03:45;27.08.2025 04:00;-;-;149,250;0,000;226,500;-;-;-;-
27.08.2025 04:00;27.08.2025 04:15;-;-;151,000;0,000;225,750;-;-;-;-
27.08.2025 04:15;27.08.2025 04:30;-;-;151,000;0,000;225,750;-;-;-;-
27.08.2025 04:30;27.08.2025 04:45;-;-;151,000;0,000;225,750;-;-;-;-
27.08.2025 04:45;27.08.2025 05:00;-;-;151,000;0,000;225,750;-;-;-;-
27.08.2025 05:00;27.08.2025 05:15;-;-;153,000;0,000;227,250;-;-;-;-
27.08.2025 05:15;27.08.2025 05:30;-;-;153,000;0,000;227,250;-;-;-;-
27.08.2025 05:30;27.08.2025 05:45;-;-;153,000;0,000;227,250;-;-;-;-
27.08.2025 05:45;27.08.2025 06:00;-;-;153,000;0,000;227,250;-;-;-;-
27.08.2025 06:00;27.08.2025 06:15;-;-;156,250;0,000;231,500;-;-;-;-
27.08.2025 06:15;27.08.2025 06:30;-;-;156,250;0,000;231,500;-;-;-;-
27.08.2025 06:30;27.08.2025 06:45;-;-;156,250;0,000;231,500;-;-;-;-
27.08.2025 06:45;27.08.2025 07:00;-;-;156,250;0,000;231,500;-;-;-;-
27.08.2025 07:00;27.08.2025 07:15;-;-;155,750;0,000;231,750;-;-;-;-
27.08.2025 07:15;27.08.2025 07:30;-;-;155,750;0,000;231,750;-;-;-;-
27.08.2025 07:30;27.08.2025 07:45;-;-;155,750;0,000;231,750;-;-;-;-
27.08.2025 07:45;27.08.2025 08:00;-;-;155,750;0,000;231,750;-;-;-;-
27.08.2025 08:00;27.08.2025 08:15;-;-;155,500;0,000;231,000;-;-;-;-
27.08.2025 08:15;27.08.2025 08:30;-;-;155,500;0,000;231,000;-;-;-;-
27.08.2025 08:30;27.08.2025 08:45;-;-;155,500;0,000;231,000;-;-;-;-
27.08.2025 08:45;27.08.2025 09:00;-;-;155,500;0,000;231,000;-;-;-;-
27.08.2025 09:00;27.08.2025 09:15;-;-;153,000;0,000;226,500;-;-;-;-
27.08.2025 09:15;27.08.2025 09:30;-;-;153,000;0,000;226,500;-;-;-;-
27.08.2025 09:30;27.08.2025 09:45;-;-;153,000;0,000;226,500;-;-;-;-
27.08.2025 09:45;27.08.2025 10:00;-;-;153,000;0,000;226,500;-;-;-;-
27.08.2025 10:00;27.08.2025 10:15;-;-;146,500;0,000;225,500;-;-;-;-
27.08.2025 10:15;27.08.2025 10:30;-;-;146,500;0,000;225,500;-;-;-;-
27.08.2025 10:30;27.08.2025 10:45;-;-;146,500;0,000;225,500;-;-;-;-
27.08.2025 10:45;27.08.2025 11:00;-;-;146,500;0,000;225,500;-;-;-;-
27.08.2025 11:00;27.08.2025 11:15;-;-;77,500;0,000;146,000;-;-;-;-
27.08.2025 11:15;27.08.2025 11:30;-;-;77,500;0,000;146,000;-;-;-;-
27.08.2025 11:30;27.08.2025 11:45;-;-;77,500;0,000;146,000;-;-;-;-
27.08.2025 11:45;27.08.2025 12:00;-;-;77,500;0,000;146,000;-;-;-;-
27.08.2025 12:00;27.08.2025 12:15;-;-;70,000;0,000;91,000;-;-;-;-
27.08.2025 12:15;27.08.2025 12:30;-;-;70,000;0,000;91,000;-;-;-;-
27.08.2025 12:30;27.08.2025 12:45;-;-;70,000;0,000;91,000;-;-;-;-
27.08.2025 12:45;27.08.2025 13:00;-;-;70,000;0,000;91,000;-;-;-;-
27.08.2025 13:00;27.08.2025 13:15;-;-;70,000;0,000;88,000;-;-;-;-
27.08.2025 13:15;27.08.2025 13:30;-;-;70,000;0,000;88,000;-;-;-;-
27.08.2025 13:30;27.08.2025 13:45;-;-;70,000;0,000;88,000;-;-;-;-
27.08.2025 13:45;27.08.2025 14:00;-;-;70,000;0,000;88,000;-;-;-;-
27.08.2025 14:00;27.08.2025 14:15;-;-;70,000;0,000;94,500;-;-;-;-
27.08.2025 14:15;27.08.2025 14:30;-;-;70,000;0,000;94,500;-;-;-;-
27.08.2025 14:30;27.08.2025 14:45;-;-;70,000;0,000;94,500;-;-;-;-
27.08.2025 14:45;27.08.2025 15:00;-;-;70,000;0,000;94,500;-;-;-;-
27.08.2025 15:00;27.08.2025 15:15;-;-;73,250;0,000;106,750;-;-;-;-
27.08.2025 15:15;27.08.2025 15:30;-;-;73,250;0,000;106,750;-;-;-;-
27.08.2025 15:30;27.08.2025 15:45;-;-;73,250;0,000;106,750;-;-;-;-
27.08.2025 15:45;27.08.2025 16:00;-;-;73,250;0,000;106,750;-;-;-;-
27.08.2025 16:00;27.08.2025 16:15;-;-;127,250;0,000;202,500;-;-;-;-
27.08.2025 16:15;27.08.2025 16:30;-;-;127,250;0,000;202,500;-;-;-;-
27.08.2025 16:30;27.08.2025 16:45;-;-;127,250;0,000;202,500;-;-;-;-
27.08.2025 16:45;27.08.2025 17:00;-;-;127,250;0,000;202,500;-;-;-;-
27.08.2025 17:00;27.08.2025 17:15;-;-;152,500;0,000;209,750;-;-;-;-
27.08.2025 17:15;27.08.2025 17:30;-;-;152,500;0,000;209,750;-;-;-;-
27.08.2025 17:30;27.08.2025 17:45;-;-;152,500;0,000;209,750;-;-;-;-
27.08.2025 17:45;27.08.2025 18:00;-;-;152,500;0,000;209,750;-;-;-;-
27.08.2025 18:00;27.08.2025 18:15;-;-;155,500;0,000;212,000;-;-;-;-
27.08.2025 18:15;27.08.2025 18:30;-;-;155,500;0,000;212,000;-;-;-;-
27.08.2025 18:30;27.08.2025 18:45;-;-;155,500;0,000;212,000;-;-;-;-
27.08.2025 18:45;27.08.2025 19:00;-;-;155,500;0,000;212,000;-;-;-;-
27.08.2025 19:00;27.08.2025 19:15;-;-;156,500;0,000;218,250;-;-;-;-
27.08.2025 19:15;27.08.2025 19:30;-;-;156,500;0,000;218,250;-;-;-;-
27.08.2025 19:30;27.08.2025 19:45;-;-;156,500;0,000;218,250;-;-;-;-
27.08.2025 19:45;27.08.2025 20:00;-;-;156,500;0,000;218,250;-;-;-;-
27.08.2025 20:00;27.08.2025 20:15;-;-;156,250;0,000;224,750;-;-;-;-
27.08.2025 20:15;27.08.2025 20:30;-;-;156,250;0,000;224,750;-;-;-;-
27.08.2025 20:30;27.08.2025 20:45;-;-;156,250;0,000;224,750;-;-;-;-
27.08.2025 20:45;27.08.2025 21:00;-;-;156,250;0,000;224,750;-;-;-;-
27.08.2025 21:00;27.08.2025 21:15;-;-;154,000;0,000;221,750;-;-;-;-
27.08.2025 21:15;27.08.2025 21:30;-;-;154,000;0,000;221,750;-;-;-;-
27.08.2025 21:30;27.08.2025 21:45;-;-;154,000;0,000;221,750;-;-;-;-
27.08.2025 21:45;27.08.2025 22:00;-;-;154,000;0,000;221,750;-;-;-;-
27.08.2025 22:00;27.08.2025 22:15;-;-;153,000;0,000;222,500;-;-;-;-
27.08.2025 22:15;27.08.2025 22:30;-;-;153,000;0,000;222,500;-;-;-;-
27.08.2025 22:30;27.08.2025 22:45;-;-;153,000;0,000;222,500;-;-;-;-
27.08.2025 22:45;27.08.2025 23:00;-;-;153,000;0,000;222,500;-;-;-;-
27.08.2025 23:00;27.08.2025 23:15;-;-;151,750;0,000;218,000;-;-;-;-
27.08.2025 23:15;27.08.2025 23:30;-;-;151,750;0,000;218,000;-;-;-;-
27.08.2025 23:30;27.08.2025 23:45;-;-;151,750;0,000;218,000;-;-;-;-
27.08.2025 23:45;28.08.2025 00:00;-;-;151,750;0,000;218,000;-;-;-;-
28.08.2025 00:00;28.08.2025 00:15;-;-;152,000;0,000;218,750;-;-;-;-
28.08.2025 00:15;28.08.2025 00:30;-;-;152,000;0,000;218,750;-;-;-;-
28.08.2025 00:30;28.08.2025 00:45;-;-;152,000;0,000;218,750;-;-;-;-
28.08.2025 00:45;28.08.2025 01:00;-;-;152,000;0,000;218,750;-;-;-;-
28.08.2025 01:00;28.08.2025 01:15;-;-;152,750;0,000;220,250;-;-;-;-
28.08.2025 01:15;28.08.2025 01:30;-;-;152,750;0,000;220,250;-;-;-;-
28.08.2025 01:30;28.08.2025 01:45;-;-;152,750;0,000;220,250;-;-;-;-
28.08.2025 01:45;28.08.2025 02:00;-;-;152,750;0,000;220,250;-;-;-;-
28.08.2025 02:00;28.08.2025 02:15;-;-;152,750;0,000;220,750;-;-;-;-
28.08.2025 02:15;28.08.2025 02:30;-;-;152,750;0,000;220,750;-;-;-;-
28.08.2025 02:30;28.08.2025 02:45;-;-;152,750;0,000;220,750;-;-;-;-
28.08.2025 02:45;28.08.2025 03:00;-;-;152,750;0,000;220,750;-;-;-;-
28.08.2025 03:00;28.08.2025 03:15;-;-;153,750;0,000;223,000;-;-;-;-
28.08.2025 03:15;28.08.2025 03:30;-;-;153,750;0,000;223,000;-;-;-;-
28.08.2025 03:30;28.08.2025 03:45;-;-;153,750;0,000;223,000;-;-;-;-
28.08.2025 03:45;28.08.2025 04:00;-;-;153,750;0,000;223,000;-;-;-;-
28.08.2025 04:00;28.08.2025 04:15;-;-;153,750;0,000;225,250;-;-;-;-
28.08.2025 04:15;28.08.2025 04:30;-;-;153,750;0,000;225,250;-;-;-;-
28.08.2025 04:30;28.08.2025 04:45;-;-;153,750;0,000;225,250;-;-;-;-
28.08.2025 04:45;28.08.2025 05:00;-;-;153,750;0,000;225,250;-;-;-;-
28.08.2025 05:00;28.08.2025 05:15;-;-;154,000;0,000;225,250;-;-;-;-
28.08.2025 05:15;28.08.2025 05:30;-;-;154,000;0,000;225,250;-;-;-;-
28.08.2025 05:30;28.08.2025 05:45;-;-;154,000;0,000;225,250;-;-;-;-
28.08.2025 05:45;28.08.2025 06:00;-;-;154,000;0,000;225,250;-;-;-;-
28.08.2025 06:00;28.08.2025 06:15;-;-;156,500;0,000;229,750;-;-;-;-
28.08.2025 06:15;28.08.2025 06:30;-;-;156,500;0,000;229,750;-;-;-;-
28.08.2025 06:30;28.08.2025 06:45;-;-;156,500;0,000;229,750;-;-;-;-
28.08.2025 06:45;28.08.2025 07:00;-;-;156,500;0,000;229,750;-;-;-;-
28.08.2025 07:00;28.08.2025 07:15;-;-;156,500;0,000;229,500;-;-;-;-
28.08.2025 07:15;28.08.2025 07:30;-;-;156,500;0,000;229,500;-;-;-;-
28.08.2025 07:30;28.08.2025 07:45;-;-;156,500;0,000;229,500;-;-;-;-
28.08.2025 07:45;28.08.2025 08:00;-;-;156,500;0,000;229,500;-;-;-;-
28.08.2025 08:00;28.08.2025 08:15;-;-;155,750;0,000;229,750;-;-;-;-
28.08.2025 08:15;28.08.2025 08:30;-;-;155,750;0,000;229,750;-;-;-;-
28.08.2025 08:30;28.08.2025 08:45;-;-;155,750;0,000;229,750;-;-;-;-
28.08.2025 08:45;28.08.2025 09:00;-;-;155,750;0,000;229,750;-;-;-;-
28.08.2025 09:00;28.08.2025 09:15;-;-;155,250;0,000;229,500;-;-;-;-
28.08.2025 09:15;28.08.2025 09:30;-;-;155,250;0,000;229,500;-;-;-;-
28.08.2025 09:30;28.08.2025 09:45;-;-;155,250;0,000;229,500;-;-;-;-
28.08.2025 09:45;28.08.2025 10:00;-;-;155,250;0,000;229,500;-;-;-;-
28.08.2025 10:00;28.08.2025 10:15;-;-;155,500;0,000;230,000;-;-;-;-
28.08.2025 10:15;28.08.2025 10:30;-;-;155,500;0,000;230,000;-;-;-;-
28.08.2025 10:30;28.08.2025 10:45;-;-;155,500;0,000;230,000;-;-;-;-
28.08.2025 10:45;28.08.2025 11:00;-;-;155,500;0,000;230,000;-;-;-;-
28.08.2025 11:00;28.08.2025 11:15;-;-;154,250;0,000;228,250;-;-;-;-
28.08.2025 11:15;28.08.2025 11:30;-;-;154,250;0,000;228,250;-;-;-;-
28.08.2025 11:30;28.08.2025 11:45;-;-;154,250;0,000;228,250;-;-;-;-
28.08.2025 11:45;28.08.2025 12:00;-;-;154,250;0,000;228,250;-;-;-;-
28.08.2025 12:00;28.08.2025 12:15;-;-;150,750;0,000;224,250;-;-;-;-
28.08.2025 12:15;28.08.2025 12:30;-;-;150,750;0,000;224,250;-;-;-;-
28.08.2025 12:30;28.08.2025 12:45;-;-;150,750;0,000;224,250;-;-;-;-
28.08.2025 12:45;28.08.2025 13:00;-;-;150,750;0,000;224,250;-;-;-;-
28.08.2025 13:00;28.08.2025 13:15;-;-;152,250;0,000;224,250;-;-;-;-
28.08.2025 13:15;28.08.2025 13:30;-;-;152,250;0,000;224,250;-;-;-;-
28.08.2025 13:30;28.08.2025 13:45;-;-;152,250;0,000;224,250;-;-;-;-
28.08.2025 13:45;28.08.2025 14:00;-;-;152,250;0,000;224,250;-;-;-;-
28.08.2025 14:00;28.08.2025 14:15;-;-;151,750;0,000;224,250;-;-;-;-
28.08.2025 14:15;28.08.2025 14:30;-;-;151,750;0,000;224,250;-;-;-;-
28.08.2025 14:30;28.08.2025 14:45;-;-;151,750;0,000;224,250;-;-;-;-
28.08.2025 14:45;28.08.2025 15:00;-;-;151,750;0,000;224,250;-;-;-;-
28.08.2025 15:00;28.08.2025 15:15;-;-;152,500;0,000;228,000;-;-;-;-
28.08.2025 15:15;28.08.2025 15:30;-;-;152,500;0,000;228,000;-;-;-;-
28.08.2025 15:30;28.08.2025 15:45;-;-;152,500;0,000;228,000;-;-;-;-
28.08.2025 15:45;28.08.2025 16:00;-;-;152,500;0,000;228,000;-;-;-;-
28.08.2025 16:00;28.08.2025 16:15;-;-;152,500;0,000;228,000;-;-;-;-
28.08.2025 16:15;28.08.2025 16:30;-;-;152,500;0,000;228,000;-;-;-;-
28.08.2025 16:30;28.08.2025 16:45;-;-;152,500;0,000;228,000;-;-;-;-
28.08.2025 16:45;28.08.2025 17:00;-;-;152,500;0,000;228,000;-;-;-;-
28.08.2025 17:00;28.08.2025 17:15;-;-;153,750;0,000;227,750;-;-;-;-
28.08.2025 17:15;28.08.2025 17:30;-;-;153,750;0,000;227,750;-;-;-;-
28.08.2025 17:30;28.08.2025 17:45;-;-;153,750;0,000;227,750;-;-;-;-
28.08.2025 17:45;28.08.2025 18:00;-;-;153,750;0,000;227,750;-;-;-;-
28.08.2025 18:00;28.08.2025 18:15;-;-;158,000;0,000;231,750;-;-;-;-
28.08.2025 18:15;28.08.2025 18:30;-;-;158,000;0,000;231,750;-;-;-;-
28.08.2025 18:30;28.08.2025 18:45;-;-;158,000;0,000;231,750;-;-;-;-
28.08.2025 18:45;28.08.2025 19:00;-;-;158,000;0,000;231,750;-;-;-;-
28.08.2025 19:00;28.08.2025 19:15;-;-;157,750;0,000;232,750;-;-;-;-
28.08.2025 19:15;28.08.2025 19:30;-;-;157,750;0,000;232,750;-;-;-;-
28.08.2025 19:30;28.08.2025 19:45;-;-;157,750;0,000;232,750;-;-;-;-
28.08.2025 19:45;28.08.2025 20:00;-;-;157,750;0,000;232,750;-;-;-;-
28.08.2025 20:00;28.08.2025 20:15;-;-;157,750;0,000;232,250;-;-;-;-
28.08.2025 20:15;28.08.2025 20:30;-;-;157,750;0,000;232,250;-;-;-;-
28.08.2025 20:30;28.08.2025 20:45;-;-;157,750;0,000;232,250;-;-;-;-
28.08.2025 20:45;28.08.2025 21:00;-;-;157,750;0,000;232,250;-;-;-;-
28.08.2025 21:00;28.08.2025 21:15;-;-;155,250;0,000;227,750;-;-;-;-
28.08.2025 21:15;28.08.2025 21:30;-;-;155,250;0,000;227,750;-;-;-;-
28.08.2025 21:30;28.08.2025 21:45;-;-;155,250;0,000;227,750;-;-;-;-
28.08.2025 21:45;28.08.2025 22:00;-;-;155,250;0,000;227,750;-;-;-;-
28.08.2025 22:00;28.08.2025 22:15;-;-;154,000;0,000;229,000;-;-;-;-
28.08.2025 22:15;28.08.2025 22:30;-;-;154,000;0,000;229,000;-;-;-;-
28.08.2025 22:30;28.08.2025 22:45;-;-;154,000;0,000;229,000;-;-;-;-
28.08.2025 22:45;28.08.2025 23:00;-;-;154,000;0,000;229,000;-;-;-;-
28.08.2025 23:00;28.08.2025 23:15;-;-;153,750;0,000;223,750;-;-;-;-
28.08.2025 23:15;28.08.2025 23:30;-;-;153,750;0,000;223,750;-;-;-;-
28.08.2025 23:30;28.08.2025 23:45;-;-;153,750;0,000;223,750;-;-;-;-
28.08.2025 23:45;29.08.2025 00:00;-;-;153,750;0,000;223,750;-;-;-;-
29.08.2025 00:00;29.08.2025 00:15;-;-;153,750;0,000;225,000;-;-;-;-
29.08.2025 00:15;29.08.2025 00:30;-;-;153,750;0,000;225,000;-;-;-;-
29.08.2025 00:30;29.08.2025 00:45;-;-;153,750;0,000;225,000;-;-;-;-
29.08.2025 00:45;29.08.2025 01:00;-;-;153,750;0,000;225,000;-;-;-;-
29.08.2025 01:00;29.08.2025 01:15;-;-;153,750;0,000;224,500;-;-;-;-
29.08.2025 01:15;29.08.2025 01:30;-;-;153,750;0,000;224,500;-;-;-;-
29.08.2025 01:30;29.08.2025 01:45;-;-;153,750;0,000;224,500;-;-;-;-
29.08.2025 01:45;29.08.2025 02:00;-;-;153,750;0,000;224,500;-;-;-;-
29.08.2025 02:00;29.08.2025 02:15;-;-;153,750;0,000;225,500;-;-;-;-
29.08.2025 02:15;29.08.2025 02:30;-;-;153,750;0,000;225,500;-;-;-;-
29.08.2025 02:30;29.08.2025 02:45;-;-;153,750;0,000;225,500;-;-;-;-
29.08.2025 02:45;29.08.2025 03:00;-;-;153,750;0,000;225,500;-;-;-;-
29.08.2025 03:00;29.08.2025 03:15;-;-;153,750;0,000;224,750;-;-;-;-
29.08.2025 03:15;29.08.2025 03:30;-;-;153,750;0,000;224,750;-;-;-;-
29.08.2025 03:30;29.08.2025 03:45;-;-;153,750;0,000;224,750;-;-;-;-
29.08.2025 03:45;29.08.2025 04:00;-;-;153,750;0,000;224,750;-;-;-;-
29.08.2025 04:00;29.08.2025 04:15;-;-;154,250;0,000;224,500;-;-;-;-
29.08.2025 04:15;29.08.2025 04:30;-;-;154,250;0,000;224,500;-;-;-;-
29.08.2025 04:30;29.08.2025 04:45;-;-;154,250;0,000;224,500;-;-;-;-
29.08.2025 04:45;29.08.2025 05:00;-;-;154,250;0,000;224,500;-;-;-;-
29.08.2025 05:00;29.08.2025 05:15;-;-;154,250;0,000;225,500;-;-;-;-
29.08.2025 05:15;29.08.2025 05:30;-;-;154,250;0,000;225,500;-;-;-;-
29.08.2025 05:30;29.08.2025 05:45;-;-;154,250;0,000;225,500;-;-;-;-
29.08.2025 05:45;29.08.2025 06:00;-;-;154,250;0,000;225,500;-;-;-;-
29.08.2025 06:00;29.08.2025 06:15;-;-;156,750;0,000;230,750;-;-;-;-
29.08.2025 06:15;29.08.2025 06:30;-;-;156,750;0,000;230,750;-;-;-;-
29.08.2025 06:30;29.08.2025 06:45;-;-;156,750;0,000;230,750;-;-;-;-
29.08.2025 06:45;29.08.2025 07:00;-;-;156,750;0,000;230,750;-;-;-;-
29.08.2025 07:00;29.08.2025 07:15;-;-;156,500;0,000;230,000;-;-;-;-
29.08.2025 07:15;29.08.2025 07:30;-;-;156,500;0,000;230,000;-;-;-;-
29.08.2025 07:30;29.08.2025 07:45;-;-;156,500;0,000;230,000;-;-;-;-
29.08.2025 07:45;29.08.2025 08:00;-;-;156,500;0,000;230,000;-;-;-;-
29.08.2025 08:00;29.08.2025 08:15;-;-;157,000;0,000;230,250;-;-;-;-
29.08.2025 08:15;29.08.2025 08:30;-;-;157,000;0,000;230,250;-;-;-;-
29.08.2025 08:30;29.08.2025 08:45;-;-;157,000;0,000;230,250;-;-;-;-
29.08.2025 08:45;29.08.2025 09:00;-;-;157,000;0,000;230,250;-;-;-;-
29.08.2025 09:00;29.08.2025 09:15;-;-;155,500;0,000;230,000;-;-;-;-
29.08.2025 09:15;29.08.2025 09:30;-;-;155,500;0,000;230,000;-;-;-;-
29.08.2025 09:30;29.08.2025 09:45;-;-;155,500;0,000;230,000;-;-;-;-
29.08.2025 09:45;29.08.2025 10:00;-;-;155,500;0,000;230,000;-;-;-;-
29.08.2025 10:00;29.08.2025 10:15;-;-;110,000;0,000;221,250;-;-;-;-
29.08.2025 10:15;29.08.2025 10:30;-;-;110,000;0,000;221,250;-;-;-;-
29.08.2025 10:30;29.08.2025 10:45;-;-;110,000;0,000;221,250;-;-;-;-
29.08.2025 10:45;29.08.2025 11:00;-;-;110,000;0,000;221,250;-;-;-;-
29.08.2025 11:00;29.08.2025 11:15;-;-;69,000;0,000;133,250;-;-;-;-
29.08.2025 11:15;29.08.2025 11:30;-;-;69,000;0,000;133,250;-;-;-;-
29.08.2025 11:30;29.08.2025 11:45;-;-;69,000;0,000;133,250;-;-;-;-
29.08.2025 11:45;29.08.2025 12:00;-;-;69,000;0,000;133,250;-;-;-;-
29.08.2025 12:00;29.08.2025 12:15;-;-;78,500;0,000;95,000;-;-;-;-
29.08.2025 12:15;29.08.2025 12:30;-;-;78,500;0,000;95,000;-;-;-;-
29.08.2025 12:30;29.08.2025 12:45;-;-;78,500;0,000;95,000;-;-;-;-
29.08.2025 12:45;29.08.2025 13:00;-;-;78,500;0,000;95,000;-;-;-;-
29.08.2025 13:00;29.08.2025 13:15;-;-;68,000;0,000;105,000;-;-;-;-
29.08.2025 13:15;29.08.2025 13:30;-;-;68,000;0,000;105,000;-;-;-;-
29.08.2025 13:30;29.08.2025 13:45;-;-;68,000;0,000;105,000;-;-;-;-
29.08.2025 13:45;29.08.2025 14:00;-;-;68,000;0,000;105,000;-;-;-;-
29.08.2025 14:00;29.08.2025 14:15;-;-;70,500;0,000;172,500;-;-;-;-
29.08.2025 14:15;29.08.2025 14:30;-;-;70,500;0,000;172,500;-;-;-;-
29.08.2025 14:30;29.08.2025 14:45;-;-;70,500;0,000;172,500;-;-;-;-
29.08.2025 14:45;29.08.2025 15:00;-;-;70,500;0,000;172,500;-;-;-;-
29.08.2025 15:00;29.08.2025 15:15;-;-;76,750;0,000;208,000;-;-;-;-
29.08.2025 15:15;29.08.2025 15:30;-;-;76,750;0,000;208,000;-;-;-;-
29.08.2025 15:30;29.08.2025 15:45;-;-;76,750;0,000;208,000;-;-;-;-
29.08.2025 15:45;29.08.2025 16:00;-;-;76,750;0,000;208,000;-;-;-;-
29.08.2025 16:00;29.08.2025 16:15;-;-;87,250;0,000;206,000;-;-;-;-
29.08.2025 16:15;29.08.2025 16:30;-;-;87,250;0,000;206,000;-;-;-;-
29.08.2025 16:30;29.08.2025 16:45;-;-;87,250;0,000;206,000;-;-;-;-
29.08.2025 16:45;29.08.2025 17:00;-;-;87,250;0,000;206,000;-;-;-;-
29.08.2025 17:00;29.08.2025 17:15;-;-;143,000;0,000;218,750;-;-;-;-
29.08.2025 17:15;29.08.2025 17:30;-;-;143,000;0,000;218,750;-;-;-;-
29.08.2025 17:30;29.08.2025 17:45;-;-;143,000;0,000;218,750;-;-;-;-
29.08.2025 17:45;29.08.2025 18:00;-;-;143,000;0,000;218,750;-;-;-;-
29.08.2025 18:00;29.08.2025 18:15;-;-;156,250;0,000;225,500;-;-;-;-
29.08.2025 18:15;29.08.2025 18:30;-;-;156,250;0,000;225,500;-;-;-;-
29.08.2025 18:30;29.08.2025 18:45;-;-;156,250;0,000;225,500;-;-;-;-
29.08.2025 18:45;29.08.2025 19:00;-;-;156,250;0,000;225,500;-;-;-;-
29.08.2025 19:00;29.08.2025 19:15;-;-;156,000;0,000;227,500;-;-;-;-
29.08.2025 19:15;29.08.2025 19:30;-;-;156,000;0,000;227,500;-;-;-;-
29.08.2025 19:30;29.08.2025 19:45;-;-;156,000;0,000;227,500;-;-;-;-
29.08.2025 19:45;29.08.2025 20:00;-;-;156,000;0,000;227,500;-;-;-;-
29.08.2025 20:00;29.08.2025 20:15;-;-;156,750;0,000;226,750;-;-;-;-
29.08.2025 20:15;29.08.2025 20:30;-;-;156,750;0,000;226,750;-;-;-;-
29.08.2025 20:30;29.08.2025 20:45;-;-;156,750;0,000;226,750;-;-;-;-
29.08.2025 20:45;29.08.2025 21:00;-;-;156,750;0,000;226,750;-;-;-;-
29.08.2025 21:00;29.08.2025 21:15;-;-;155,750;0,000;228,000;-;-;-;-
29.08.2025 21:15;29.08.2025 21:30;-;-;155,750;0,000;228,000;-;-;-;-
29.08.2025 21:30;29.08.2025 21:45;-;-;155,750;0,000;228,000;-;-;-;-
29.08.2025 21:45;29.08.2025 22:00;-;-;155,750;0,000;228,000;-;-;-;-
29.08.2025 22:00;29.08.2025 22:15;-;-;155,000;0,000;223,250;-;-;-;-
29.08.2025 22:15;29.08.2025 22:30;-;-;155,000;0,000;223,250;-;-;-;-
29.08.2025 22:30;29.08.2025 22:45;-;-;155,000;0,000;223,250;-;-;-;-
29.08.2025 22:45;29.08.2025 23:00;-;-;155,000;0,000;223,250;-;-;-;-
29.08.2025 23:00;29.08.2025 23:15;-;-;155,250;0,000;223,750;-;-;-;-
29.08.2025 23:15;29.08.2025 23:30;-;-;155,250;0,000;223,750;-;-;-;-
29.08.2025 23:30;29.08.2025 23:45;-;-;155,250;0,000;223,750;-;-;-;-
29.08.2025 23:45;30.08.2025 00:00;-;-;155,250;0,000;223,750;-;-;-;-
30.08.2025 00:00;30.08.2025 00:15;-;-;154,750;0,000;224,500;-;-;-;-
30.08.2025 00:15;30.08.2025 00:30;-;-;154,750;0,000;224,500;-;-;-;-
30.08.2025 00:30;30.08.2025 00:45;-;-;154,750;0,000;224,500;-;-;-;-
30.08.2025 00:45;30.08.2025 01:00;-;-;154,750;0,000;224,500;-;-;-;-
30.08.2025 01:00;30.08.2025 01:15;-;-;155,750;0,000;225,750;-;-;-;-
30.08.2025 01:15;30.08.2025 01:30;-;-;155,750;0,000;225,750;-;-;-;-
30.08.2025 01:30;30.08.2025 01:45;-;-;155,750;0,000;225,750;-;-;-;-
30.08.2025 01:45;30.08.2025 02:00;-;-;155,750;0,000;225,750;-;-;-;-
30.08.2025 02:00;30.08.2025 02:15;-;-;154,750;0,000;224,250;-;-;-;-
30.08.2025 02:15;30.08.2025 02:30;-;-;154,750;0,000;224,250;-;-;-;-
30.08.2025 02:30;30.08.2025 02:45;-;-;154,750;0,000;224,250;-;-;-;-
30.08.2025 02:45;30.08.2025 03:00;-;-;154,750;0,000;224,250;-;-;-;-
30.08.2025 03:00;30.08.2025 03:15;-;-;155,000;0,000;223,500;-;-;-;-
30.08.2025 03:15;30.08.2025 03:30;-;-;155,000;0,000;223,500;-;-;-;-
30.08.2025 03:30;30.08.2025 03:45;-;-;155,000;0,000;223,500;-;-;-;-
30.08.2025 03:45;30.08.2025 04:00;-;-;155,000;0,000;223,500;-;-;-;-
30.08.2025 04:00;30.08.2025 04:15;-;-;155,000;0,000;223,250;-;-;-;-
30.08.2025 04:15;30.08.2025 04:30;-;-;155,000;0,000;223,250;-;-;-;-
30.08.2025 04:30;30.08.2025 04:45;-;-;155,000;0,000;223,250;-;-;-;-
30.08.2025 04:45;30.08.2025 05:00;-;-;155,000;0,000;223,250;-;-;-;-
30.08.2025 05:00;30.08.2025 05:15;-;-;148,250;0,000;224,250;-;-;-;-
30.08.2025 05:15;30.08.2025 05:30;-;-;148,250;0,000;224,250;-;-;-;-
30.08.2025 05:30;30.08.2025 05:45;-;-;148,250;0,000;224,250;-;-;-;-
30.08.2025 05:45;30.08.2025 06:00;-;-;148,250;0,000;224,250;-;-;-;-
30.08.2025 06:00;30.08.2025 06:15;-;-;69,250;0,000;225,500;-;-;-;-
30.08.2025 06:15;30.08.2025 06:30;-;-;69,250;0,000;225,500;-;-;-;-
30.08.2025 06:30;30.08.2025 06:45;-;-;69,250;0,000;225,500;-;-;-;-
30.08.2025 06:45;30.08.2025 07:00;-;-;69,250;0,000;225,500;-;-;-;-
30.08.2025 07:00;30.08.2025 07:15;-;-;0,000;0,000;225,750;-;-;-;-
30.08.2025 07:15;30.08.2025 07:30;-;-;0,000;0,000;225,750;-;-;-;-
30.08.2025 07:30;30.08.2025 07:45;-;-;0,000;0,000;225,750;-;-;-;-
30.08.2025 07:45;30.08.2025 08:00;-;-;0,000;0,000;225,750;-;-;-;-
30.08.2025 08:00;30.08.2025 08:15;-;-;0,000;0,000;226,000;-;-;-;-
30.08.2025 08:15;30.08.2025 08:30;-;-;0,000;0,000;226,000;-;-;-;-
30.08.2025 08:30;30.08.2025 08:45;-;-;0,000;0,000;226,000;-;-;-;-
30.08.2025 08:45;30.08.2025 09:00;-;-;0,000;0,000;226,000;-;-;-;-
30.08.2025 09:00;30.08.2025 09:15;-;-;0,000;0,000;225,000;-;-;-;-
30.08.2025 09:15;30.08.2025 09:30;-;-;0,000;0,000;225,000;-;-;-;-
30.08.2025 09:30;30.08.2025 09:45;-;-;0,000;0,000;225,000;-;-;-;-
30.08.2025 09:45;30.08.2025 10:00;-;-;0,000;0,000;225,000;-;-;-;-
30.08.2025 10:00;30.08.2025 10:15;-;-;0,000;0,000;211,500;-;-;-;-
30.08.2025 10:15;30.08.2025 10:30;-;-;0,000;0,000;211,500;-;-;-;-
30.08.2025 10:30;30.08.2025 10:45;-;-;0,000;0,000;211,500;-;-;-;-
30.08.2025 10:45;30.08.2025 11:00;-;-;0,000;0,000;211,500;-;-;-;-
30.08.2025 11:00;30.08.2025 11:15;-;-;0,000;0,000;141,750;-;-;-;-
30.08.2025 11:15;30.08.2025 11:30;-;-;0,000;0,000;141,750;-;-;-;-
30.08.2025 11:30;30.08.2025 11:45;-;-;0,000;0,000;141,750;-;-;-;-
30.08.2025 11:45;30.08.2025 12:00;-;-;0,000;0,000;141,750;-;-;-;-
30.08.2025 12:00;30.08.2025 12:15;-;-;0,000;0,000;92,750;-;-;-;-
30.08.2025 12:15;30.08.2025 12:30;-;-;0,000;0,000;92,750;-;-;-;-
30.08.2025 12:30;30.08.2025 12:45;-;-;0,000;0,000;92,750;-;-;-;-
30.08.2025 12:45;30.08.2025 13:00;-;-;0,000;0,000;92,750;-;-;-;-
30.08.2025 13:00;30.08.2025 13:15;-;-;0,000;0,000;92,500;-;-;-;-
30.08.2025 13:15;30.08.2025 13:30;-;-;0,000;0,000;92,500;-;-;-;-
30.08.2025 13:30;30.08.2025 13:45;-;-;0,000;0,000;92,500;-;-;-;-
30.08.2025 13:45;30.08.2025 14:00;-;-;0,000;0,000;92,500;-;-;-;-
30.08.2025 14:00;30.08.2025 14:15;-;-;0,000;0,000;92,500;-;-;-;-
30.08.2025 14:15;30.08.2025 14:30;-;-;0,000;0,000;92,500;-;-;-;-
30.08.2025 14:30;30.08.2025 14:45;-;-;0,000;0,000;92,500;-;-;-;-
30.08.2025 14:45;30.08.2025 15:00;-;-;0,000;0,000;92,500;-;-;-;-
30.08.2025 15:00;30.08.2025 15:15;-;-;0,000;0,000;93,000;-;-;-;-
30.08.2025 15:15;30.08.2025 15:30;-;-;0,000;0,000;93,000;-;-;-;-
30.08.2025 15:30;30.08.2025 15:45;-;-;0,000;0,000;93,000;-;-;-;-
30.08.2025 15:45;30.08.2025 16:00;-;-;0,000;0,000;93,000;-;-;-;-
30.08.2025 16:00;30.08.2025 16:15;-;-;0,000;0,000;120,000;-;-;-;-
30.08.2025 16:15;30.08.2025 16:30;-;-;0,000;0,000;120,000;-;-;-;-
30.08.2025 16:30;30.08.2025 16:45;-;-;0,000;0,000;120,000;-;-;-;-
30.08.2025 16:45;30.08.2025 17:00;-;-;0,000;0,000;120,000;-;-;-;-
30.08.2025 17:00;30.08.2025 17:15;-;-;0,000;0,000;211,250;-;-;-;-
30.08.2025 17:15;30.08.2025 17:30;-;-;0,000;0,000;211,250;-;-;-;-
30.08.2025 17:30;30.08.2025 17:45;-;-;0,000;0,000;211,250;-;-;-;-
30.08.2025 17:45;30.08.2025 18:00;-;-;0,000;0,000;211,250;-;-;-;-
30.08.2025 18:00;30.08.2025 18:15;-;-;0,000;0,000;224,750;-;-;-;-
30.08.2025 18:15;30.08.2025 18:30;-;-;0,000;0,000;224,750;-;-;-;-
30.08.2025 18:30;30.08.2025 18:45;-;-;0,000;0,000;224,750;-;-;-;-
30.08.2025 18:45;30.08.2025 19:00;-;-;0,000;0,000;224,750;-;-;-;-
30.08.2025 19:00;30.08.2025 19:15;-;-;0,000;0,000;228,500;-;-;-;-
30.08.2025 19:15;30.08.2025 19:30;-;-;0,000;0,000;228,500;-;-;-;-
30.08.2025 19:30;30.08.2025 19:45;-;-;0,000;0,000;228,500;-;-;-;-
30.08.2025 19:45;30.08.2025 20:00;-;-;0,000;0,000;228,500;-;-;-;-
30.08.2025 20:00;30.08.2025 20:15;-;-;0,000;0,000;228,500;-;-;-;-
30.08.2025 20:15;30.08.2025 20:30;-;-;0,000;0,000;228,500;-;-;-;-
30.08.2025 20:30;30.08.2025 20:45;-;-;0,000;0,000;228,500;-;-;-;-
30.08.2025 20:45;30.08.2025 21:00;-;-;0,000;0,000;228,500;-;-;-;-
30.08.2025 21:00;30.08.2025 21:15;-;-;0,000;0,000;228,250;-;-;-;-
30.08.2025 21:15;30.08.2025 21:30;-;-;0,000;0,000;228,250;-;-;-;-
30.08.2025 21:30;30.08.2025 21:45;-;-;0,000;0,000;228,250;-;-;-;-
30.08.2025 21:45;30.08.2025 22:00;-;-;0,000;0,000;228,250;-;-;-;-
30.08.2025 22:00;30.08.2025 22:15;-;-;0,000;0,000;224,500;-;-;-;-
30.08.2025 22:15;30.08.2025 22:30;-;-;0,000;0,000;224,500;-;-;-;-
30.08.2025 22:30;30.08.2025 22:45;-;-;0,000;0,000;224,500;-;-;-;-
30.08.2025 22:45;30.08.2025 23:00;-;-;0,000;0,000;224,500;-;-;-;-
30.08.2025 23:00;30.08.2025 23:15;-;-;0,000;0,000;225,500;-;-;-;-
30.08.2025 23:15;30.08.2025 23:30;-;-;0,000;0,000;225,500;-;-;-;-
30.08.2025 23:30;30.08.2025 23:45;-;-;0,000;0,000;225,500;-;-;-;-
30.08.2025 23:45;31.08.2025 00:00;-;-;0,000;0,000;225,500;-;-;-;-
31.08.2025 00:00;31.08.2025 00:15;-;-;0,000;0,000;225,250;-;-;-;-
31.08.2025 00:15;31.08.2025 00:30;-;-;0,000;0,000;225,250;-;-;-;-
31.08.2025 00:30;31.08.2025 00:45;-;-;0,000;0,000;225,250;-;-;-;-
31.08.2025 00:45;31.08.2025 01:00;-;-;0,000;0,000;225,250;-;-;-;-
31.08.2025 01:00;31.08.2025 01:15;-;-;0,000;0,000;225,250;-;-;-;-
31.08.2025 01:15;31.08.2025 01:30;-;-;0,000;0,000;225,250;-;-;-;-
31.08.2025 01:30;31.08.2025 01:45;-;-;0,000;0,000;225,250;-;-;-;-
31.08.2025 01:45;31.08.2025 02:00;-;-;0,000;0,000;225,250;-;-;-;-
31.08.2025 02:00;31.08.2025 02:15;-;-;0,000;0,000;217,000;-;-;-;-
31.08.2025 02:15;31.08.2025 02:30;-;-;0,000;0,000;217,000;-;-;-;-
31.08.2025 02:30;31.08.2025 02:45;-;-;0,000;0,000;217,000;-;-;-;-
31.08.2025 02:45;31.08.2025 03:00;-;-;0,000;0,000;217,000;-;-;-;-
31.08.2025 03:00;31.08.2025 03:15;-;-;0,000;0,000;215,000;-;-;-;-
31.08.2025 03:15;31.08.2025 03:30;-;-;0,000;0,000;215,000;-;-;-;-
31.08.2025 03:30;31.08.2025 03:45;-;-;0,000;0,000;215,000;-;-;-;-
31.08.2025 03:45;31.08.2025 04:00;-;-;0,000;0,000;215,000;-;-;-;-
31.08.2025 04:00;31.08.2025 04:15;-;-;0,000;0,000;215,250;-;-;-;-
31.08.2025 04:15;31.08.2025 04:30;-;-;0,000;0,000;215,250;-;-;-;-
31.08.2025 04:30;31.08.2025 04:45;-;-;0,000;0,000;215,250;-;-;-;-
31.08.2025 04:45;31.08.2025 05:00;-;-;0,000;0,000;215,250;-;-;-;-
31.08.2025 05:00;31.08.2025 05:15;-;-;0,000;0,000;215,500;-;-;-;-
31.08.2025 05:15;31.08.2025 05:30;-;-;0,000;0,000;215,500;-;-;-;-
31.08.2025 05:30;31.08.2025 05:45;-;-;0,000;0,000;215,500;-;-;-;-
31.08.2025 05:45;31.08.2025 06:00;-;-;0,000;0,000;215,500;-;-;-;-
31.08.2025 06:00;31.08.2025 06:15;-;-;0,000;0,000;225,750;-;-;-;-
31.08.2025 06:15;31.08.2025 06:30;-;-;0,000;0,000;225,750;-;-;-;-
31.08.2025 06:30;31.08.2025 06:45;-;-;0,000;0,000;225,750;-;-;-;-
31.08.2025 06:45;31.08.2025 07:00;-;-;0,000;0,000;225,750;-;-;-;-
31.08.2025 07:00;31.08.2025 07:15;-;-;0,000;0,000;197,000;-;-;-;-
31.08.2025 07:15;31.08.2025 07:30;-;-;0,000;0,000;197,000;-;-;-;-
31.08.2025 07:30;31.08.2025 07:45;-;-;0,000;0,000;197,000;-;-;-;-
31.08.2025 07:45;31.08.2025 08:00;-;-;0,000;0,000;197,000;-;-;-;-
31.08.2025 08:00;31.08.2025 08:15;-;-;0,000;0,000;111,000;-;-;-;-
31.08.2025 08:15;31.08.2025 08:30;-;-;0,000;0,000;111,000;-;-;-;-
31.08.2025 08:30;31.08.2025 08:45;-;-;0,000;0,000;111,000;-;-;-;-
31.08.2025 08:45;31.08.2025 09:00;-;-;0,000;0,000;111,000;-;-;-;-
31.08.2025 09:00;31.08.2025 09:15;-;-;0,000;0,000;91,750;-;-;-;-
31.08.2025 09:15;31.08.2025 09:30;-;-;0,000;0,000;91,750;-;-;-;-
31.08.2025 09:30;31.08.2025 09:45;-;-;0,000;0,000;91,750;-;-;-;-
31.08.2025 09:45;31.08.2025 10:00;-;-;0,000;0,000;91,750;-;-;-;-
31.08.2025 10:00;31.08.2025 10:15;-;-;0,000;0,000;92,500;-;-;-;-
31.08.2025 10:15;31.08.2025 10:30;-;-;0,000;0,000;92,500;-;-;-;-
31.08.2025 10:30;31.08.2025 10:45;-;-;0,000;0,000;92,500;-;-;-;-
31.08.2025 10:45;31.08.2025 11:00;-;-;0,000;0,000;92,500;-;-;-;-
31.08.2025 11:00;31.08.2025 11:15;-;-;0,000;0,000;92,500;-;-;-;-
31.08.2025 11:15;31.08.2025 11:30;-;-;0,000;0,000;92,500;-;-;-;-
31.08.2025 11:30;31.08.2025 11:45;-;-;0,000;0,000;92,500;-;-;-;-
31.08.2025 11:45;31.08.2025 12:00;-;-;0,000;0,000;92,500;-;-;-;-
31.08.2025 12:00;31.08.2025 12:15;-;-;0,000;0,000;92,000;-;-;-;-
31.08.2025 12:15;31.08.2025 12:30;-;-;0,000;0,000;92,000;-;-;-;-
31.08.2025 12:30;31.08.2025 12:45;-;-;0,000;0,000;92,000;-;-;-;-
31.08.2025 12:45;31.08.2025 13:00;-;-;0,000;0,000;92,000;-;-;-;-
31.08.2025 13:00;31.08.2025 13:15;-;-;0,000;0,000;92,500;-;-;-;-
31.08.2025 13:15;31.08.2025 13:30;-;-;0,000;0,000;92,500;-;-;-;-
31.08.2025 13:30;31.08.2025 13:45;-;-;0,000;0,000;92,500;-;-;-;-
31.08.2025 13:45;31.08.2025 14:00;-;-;0,000;0,000;92,500;-;-;-;-
31.08.2025 14:00;31.08.2025 14:15;-;-;0,000;0,000;91,750;-;-;-;-
31.08.2025 14:15;31.08.2025 14:30;-;-;0,000;0,000;91,750;-;-;-;-
31.08.2025 14:30;31.08.2025 14:45;-;-;0,000;0,000;91,750;-;-;-;-
31.08.2025 14:45;31.08.2025 15:00;-;-;0,000;0,000;91,750;-;-;-;-
31.08.2025 15:00;31.08.2025 15:15;-;-;0,000;0,000;92,250;-;-;-;-
31.08.2025 15:15;31.08.2025 15:30;-;-;0,000;0,000;92,250;-;-;-;-
31.08.2025 15:30;31.08.2025 15:45;-;-;0,000;0,000;92,250;-;-;-;-
31.08.2025 15:45;31.08.2025 16:00;-;-;0,000;0,000;92,250;-;-;-;-
31.08.2025 16:00;31.08.2025 16:15;-;-;0,500;0,000;93,000;-;-;-;-
31.08.2025 16:15;31.08.2025 16:30;-;-;0,500;0,000;93,000;-;-;-;-
31.08.2025 16:30;31.08.2025 16:45;-;-;0,500;0,000;93,000;-;-;-;-
31.08.2025 16:45;31.08.2025 17:00;-;-;0,500;0,000;93,000;-;-;-;-
31.08.2025 17:00;31.08.2025 17:15;-;-;70,750;0,000;162,250;-;-;-;-
31.08.2025 17:15;31.08.2025 17:30;-;-;70,750;0,000;162,250;-;-;-;-
31.08.2025 17:30;31.08.2025 17:45;-;-;70,750;0,000;162,250;-;-;-;-
31.08.2025 17:45;31.08.2025 18:00;-;-;70,750;0,000;162,250;-;-;-;-
31.08.2025 18:00;31.08.2025 18:15;-;-;112,000;0,000;226,500;-;-;-;-
31.08.2025 18:15;31.08.2025 18:30;-;-;112,000;0,000;226,500;-;-;-;-
31.08.2025 18:30;31.08.2025 18:45;-;-;112,000;0,000;226,500;-;-;-;-
31.08.2025 18:45;31.08.2025 19:00;-;-;112,000;0,000;226,500;-;-;-;-
31.08.2025 19:00;31.08.2025 19:15;-;-;155,500;0,000;228,250;-;-;-;-
31.08.2025 19:15;31.08.2025 19:30;-;-;155,500;0,000;228,250;-;-;-;-
31.08.2025 19:30;31.08.2025 19:45;-;-;155,500;0,000;228,250;-;-;-;-
31.08.2025 19:45;31.08.2025 20:00;-;-;155,500;0,000;228,250;-;-;-;-
31.08.2025 20:00;31.08.2025 20:15;-;-;154,250;0,000;228,250;-;-;-;-
31.08.2025 20:15;31.08.2025 20:30;-;-;154,250;0,000;228,250;-;-;-;-
31.08.2025 20:30;31.08.2025 20:45;-;-;154,250;0,000;228,250;-;-;-;-
31.08.2025 20:45;31.08.2025 21:00;-;-;154,250;0,000;228,250;-;-;-;-
31.08.2025 21:00;31.08.2025 21:15;-;-;154,000;0,000;228,500;-;-;-;-
31.08.2025 21:15;31.08.2025 21:30;-;-;154,000;0,000;228,500;-;-;-;-
31.08.2025 21:30;31.08.2025 21:45;-;-;154,000;0,000;228,500;-;-;-;-
31.08.2025 21:45;31.08.2025 22:00;-;-;154,000;0,000;228,500;-;-;-;-
31.08.2025 22:00;31.08.2025 22:15;-;-;145,000;0,000;224,250;-;-;-;-
31.08.2025 22:15;31.08.2025 22:30;-;-;145,000;0,000;224,250;-;-;-;-
31.08.2025 22:30;31.08.2025 22:45;-;-;145,000;0,000;224,250;-;-;-;-
31.08.2025 22:45;31.08.2025 23:00;-;-;145,000;0,000;224,250;-;-;-;-
31.08.2025 23:00;31.08.2025 23:15;-;-;81,750;0,000;224,500;-;-;-;-
31.08.2025 23:15;31.08.2025 23:30;-;-;81,750;0,000;224,500;-;-;-;-
31.08.2025 23:30;31.08.2025 23:45;-;-;81,750;0,000;224,500;-;-;-;-
31.08.2025 23:45;01.09.2025 00:00;-;-;81,750;0,000;224,500;-;-;-;-
01.09.2025 00:00;01.09.2025 00:15;-;-;75,750;0,000;224,750;-;-;-;-
01.09.2025 00:15;01.09.2025 00:30;-;-;75,750;0,000;224,750;-;-;-;-
01.09.2025 00:30;01.09.2025 00:45;-;-;75,750;0,000;224,750;-;-;-;-
01.09.2025 00:45;01.09.2025 01:00;-;-;75,750;0,000;224,750;-;-;-;-
01.09.2025 01:00;01.09.2025 01:15;-;-;69,250;0,000;223,000;-;-;-;-
01.09.2025 01:15;01.09.2025 01:30;-;-;69,250;0,000;223,000;-;-;-;-
01.09.2025 01:30;01.09.2025 01:45;-;-;69,250;0,000;223,000;-;-;-;-
01.09.2025 01:45;01.09.2025 02:00;-;-;69,250;0,000;223,000;-;-;-;-
01.09.2025 02:00;01.09.2025 02:15;-;-;87,500;0,000;223,750;-;-;-;-
01.09.2025 02:15;01.09.2025 02:30;-;-;87,500;0,000;223,750;-;-;-;-
01.09.2025 02:30;01.09.2025 02:45;-;-;87,500;0,000;223,750;-;-;-;-
01.09.2025 02:45;01.09.2025 03:00;-;-;87,500;0,000;223,750;-;-;-;-
01.09.2025 03:00;01.09.2025 03:15;-;-;94,750;0,000;224,750;-;-;-;-
01.09.2025 03:15;01.09.2025 03:30;-;-;94,750;0,000;224,750;-;-;-;-
01.09.2025 03:30;01.09.2025 03:45;-;-;94,750;0,000;224,750;-;-;-;-
01.09.2025 03:45;01.09.2025 04:00;-;-;94,750;0,000;224,750;-;-;-;-
01.09.2025 04:00;01.09.2025 04:15;-;-;91,750;0,000;224,500;-;-;-;-
01.09.2025 04:15;01.09.2025 04:30;-;-;91,750;0,000;224,500;-;-;-;-
01.09.2025 04:30;01.09.2025 04:45;-;-;91,750;0,000;224,500;-;-;-;-
01.09.2025 04:45;01.09.2025 05:00;-;-;91,750;0,000;224,500;-;-;-;-
01.09.2025 05:00;01.09.2025 05:15;-;-;130,500;0,000;225,500;-;-;-;-
01.09.2025 05:15;01.09.2025 05:30;-;-;130,500;0,000;225,500;-;-;-;-
01.09.2025 05:30;01.09.2025 05:45;-;-;130,500;0,000;225,500;-;-;-;-
01.09.2025 05:45;01.09.2025 06:00;-;-;130,500;0,000;225,500;-;-;-;-
01.09.2025 06:00;01.09.2025 06:15;-;-;155,250;0,000;228,500;-;-;-;-
01.09.2025 06:15;01.09.2025 06:30;-;-;155,250;0,000;228,500;-;-;-;-
01.09.2025 06:30;01.09.2025 06:45;-;-;155,250;0,000;228,500;-;-;-;-
01.09.2025 06:45;01.09.2025 07:00;-;-;155,250;0,000;228,500;-;-;-;-
01.09.2025 07:00;01.09.2025 07:15;-;-;155,500;0,000;228,750;-;-;-;-
01.09.2025 07:15;01.09.2025 07:30;-;-;155,500;0,000;228,750;-;-;-;-
01.09.2025 07:30;01.09.2025 07:45;-;-;155,500;0,000;228,750;-;-;-;-
01.09.2025 07:45;01.09.2025 08:00;-;-;155,500;0,000;228,750;-;-;-;-
01.09.2025 08:00;01.09.2025 08:15;-;-;155,250;0,000;228,500;-;-;-;-
01.09.2025 08:15;01.09.2025 08:30;-;-;155,250;0,000;228,500;-;-;-;-
01.09.2025 08:30;01.09.2025 08:45;-;-;155,250;0,000;228,500;-;-;-;-
01.09.2025 08:45;01.09.2025 09:00;-;-;155,250;0,000;228,500;-;-;-;-
01.09.2025 09:00;01.09.2025 09:15;-;-;152,750;0,000;223,250;-;-;-;-
01.09.2025 09:15;01.09.2025 09:30;-;-;152,750;0,000;223,250;-;-;-;-
01.09.2025 09:30;01.09.2025 09:45;-;-;152,750;0,000;223,250;-;-;-;-
01.09.2025 09:45;01.09.2025 10:00;-;-;152,750;0,000;223,250;-;-;-;-
01.09.2025 10:00;01.09.2025 10:15;-;-;153,500;0,000;216,250;-;-;-;-
01.09.2025 10:15;01.09.2025 10:30;-;-;153,500;0,000;216,250;-;-;-;-
01.09.2025 10:30;01.09.2025 10:45;-;-;153,500;0,000;216,250;-;-;-;-
01.09.2025 10:45;01.09.2025 11:00;-;-;153,500;0,000;216,250;-;-;-;-
01.09.2025 11:00;01.09.2025 11:15;-;-;12,000;0,000;145,500;-;-;-;-
01.09.2025 11:15;01.09.2025 11:30;-;-;12,000;0,000;145,500;-;-;-;-
01.09.2025 11:30;01.09.2025 11:45;-;-;12,000;0,000;145,500;-;-;-;-
01.09.2025 11:45;01.09.2025 12:00;-;-;12,000;0,000;145,500;-;-;-;-
01.09.2025 12:00;01.09.2025 12:15;-;-;0,000;0,000;169,250;-;-;-;-
01.09.2025 12:15;01.09.2025 12:30;-;-;0,000;0,000;169,250;-;-;-;-
01.09.2025 12:30;01.09.2025 12:45;-;-;0,000;0,000;169,250;-;-;-;-
01.09.2025 12:45;01.09.2025 13:00;-;-;0,000;0,000;169,250;-;-;-;-
01.09.2025 13:00;01.09.2025 13:15;-;-;7,250;0,000;196,250;-;-;-;-
01.09.2025 13:15;01.09.2025 13:30;-;-;7,250;0,000;196,250;-;-;-;-
01.09.2025 13:30;01.09.2025 13:45;-;-;7,250;0,000;196,250;-;-;-;-
01.09.2025 13:45;01.09.2025 14:00;-;-;7,250;0,000;196,250;-;-;-;-
01.09.2025 14:00;01.09.2025 14:15;-;-;79,000;0,000;216,000;-;-;-;-
01.09.2025 14:15;01.09.2025 14:30;-;-;79,000;0,000;216,000;-;-;-;-
01.09.2025 14:30;01.09.2025 14:45;-;-;79,000;0,000;216,000;-;-;-;-
01.09.2025 14:45;01.09.2025 15:00;-;-;79,000;0,000;216,000;-;-;-;-
01.09.2025 15:00;01.09.2025 15:15;-;-;94,500;0,000;221,500;-;-;-;-
01.09.2025 15:15;01.09.2025 15:30;-;-;94,500;0,000;221,500;-;-;-;-
01.09.2025 15:30;01.09.2025 15:45;-;-;94,500;0,000;221,500;-;-;-;-
01.09.2025 15:45;01.09.2025 16:00;-;-;94,500;0,000;221,500;-;-;-;-
01.09.2025 16:00;01.09.2025 16:15;-;-;152,500;0,000;223,750;-;-;-;-
01.09.2025 16:15;01.09.2025 16:30;-;-;152,500;0,000;223,750;-;-;-;-
01.09.2025 16:30;01.09.2025 16:45;-;-;152,500;0,000;223,750;-;-;-;-
01.09.2025 16:45;01.09.2025 17:00;-;-;152,500;0,000;223,750;-;-;-;-
01.09.2025 17:00;01.09.2025 17:15;-;-;154,500;0,000;227,250;-;-;-;-
01.09.2025 17:15;01.09.2025 17:30;-;-;154,500;0,000;227,250;-;-;-;-
01.09.2025 17:30;01.09.2025 17:45;-;-;154,500;0,000;227,250;-;-;-;-
01.09.2025 17:45;01.09.2025 18:00;-;-;154,500;0,000;227,250;-;-;-;-
01.09.2025 18:00;01.09.2025 18:15;-;-;155,500;0,000;232,500;-;-;-;-
01.09.2025 18:15;01.09.2025 18:30;-;-;155,500;0,000;232,500;-;-;-;-
01.09.2025 18:30;01.09.2025 18:45;-;-;155,500;0,000;232,500;-;-;-;-
01.09.2025 18:45;01.09.2025 19:00;-;-;155,500;0,000;232,500;-;-;-;-
01.09.2025 19:00;01.09.2025 19:15;-;-;156,000;0,000;234,500;-;-;-;-
01.09.2025 19:15;01.09.2025 19:30;-;-;156,000;0,000;234,500;-;-;-;-
01.09.2025 19:30;01.09.2025 19:45;-;-;156,000;0,000;234,500;-;-;-;-
01.09.2025 19:45;01.09.2025 20:00;-;-;156,000;0,000;234,500;-;-;-;-
01.09.2025 20:00;01.09.2025 20:15;-;-;155,750;0,000;233,750;-;-;-;-
01.09.2025 20:15;01.09.2025 20:30;-;-;155,750;0,000;233,750;-;-;-;-
01.09.2025 20:30;01.09.2025 20:45;-;-;155,750;0,000;233,750;-;-;-;-
01.09.2025 20:45;01.09.2025 21:00;-;-;155,750;0,000;233,750;-;-;-;-
01.09.2025 21:00;01.09.2025 21:15;-;-;154,500;0,000;228,750;-;-;-;-
01.09.2025 21:15;01.09.2025 21:30;-;-;154,500;0,000;228,750;-;-;-;-
01.09.2025 21:30;01.09.2025 21:45;-;-;154,500;0,000;228,750;-;-;-;-
01.09.2025 21:45;01.09.2025 22:00;-;-;154,500;0,000;228,750;-;-;-;-
01.09.2025 22:00;01.09.2025 22:15;-;-;155,250;0,000;228,000;-;-;-;-
01.09.2025 22:15;01.09.2025 22:30;-;-;155,250;0,000;228,000;-;-;-;-
01.09.2025 22:30;01.09.2025 22:45;-;-;155,250;0,000;228,000;-;-;-;-
01.09.2025 22:45;01.09.2025 23:00;-;-;155,250;0,000;228,000;-;-;-;-
01.09.2025 23:00;01.09.2025 23:15;-;-;145,250;0,000;226,750;-;-;-;-
01.09.2025 23:15;01.09.2025 23:30;-;-;145,250;0,000;226,750;-;-;-;-
01.09.2025 23:30;01.09.2025 23:45;-;-;145,250;0,000;226,750;-;-;-;-
01.09.2025 23:45;02.09.2025 00:00;-;-;145,250;0,000;226,750;-;-;-;-
02.09.2025 00:00;02.09.2025 00:15;-;-;46,500;0,000;225,750;-;-;-;-
02.09.2025 00:15;02.09.2025 00:30;-;-;46,500;0,000;225,750;-;-;-;-
02.09.2025 00:30;02.09.2025 00:45;-;-;46,500;0,000;225,750;-;-;-;-
02.09.2025 00:45;02.09.2025 01:00;-;-;46,500;0,000;225,750;-;-;-;-
02.09.2025 01:00;02.09.2025 01:15;-;-;0,000;0,000;225,750;-;-;-;-
02.09.2025 01:15;02.09.2025 01:30;-;-;0,000;0,000;225,750;-;-;-;-
02.09.2025 01:30;02.09.2025 01:45;-;-;0,000;0,000;225,750;-;-;-;-
02.09.2025 01:45;02.09.2025 02:00;-;-;0,000;0,000;225,750;-;-;-;-
02.09.2025 02:00;02.09.2025 02:15;-;-;0,000;0,000;225,000;-;-;-;-
02.09.2025 02:15;02.09.2025 02:30;-;-;0,000;0,000;225,000;-;-;-;-
02.09.2025 02:30;02.09.2025 02:45;-;-;0,000;0,000;225,000;-;-;-;-
02.09.2025 02:45;02.09.2025 03:00;-;-;0,000;0,000;225,000;-;-;-;-
02.09.2025 03:00;02.09.2025 03:15;-;-;0,000;0,000;225,250;-;-;-;-
02.09.2025 03:15;02.09.2025 03:30;-;-;0,000;0,000;225,250;-;-;-;-
02.09.2025 03:30;02.09.2025 03:45;-;-;0,000;0,000;225,250;-;-;-;-
02.09.2025 03:45;02.09.2025 04:00;-;-;0,000;0,000;225,250;-;-;-;-
02.09.2025 04:00;02.09.2025 04:15;-;-;0,000;0,000;225,000;-;-;-;-
02.09.2025 04:15;02.09.2025 04:30;-;-;0,000;0,000;225,000;-;-;-;-
02.09.2025 04:30;02.09.2025 04:45;-;-;0,000;0,000;225,000;-;-;-;-
02.09.2025 04:45;02.09.2025 05:00;-;-;0,000;0,000;225,000;-;-;-;-
02.09.2025 05:00;02.09.2025 05:15;-;-;0,000;0,000;228,750;-;-;-;-
02.09.2025 05:15;02.09.2025 05:30;-;-;0,000;0,000;228,750;-;-;-;-
02.09.2025 05:30;02.09.2025 05:45;-;-;0,000;0,000;228,750;-;-;-;-
02.09.2025 05:45;02.09.2025 06:00;-;-;0,000;0,000;228,750;-;-;-;-
02.09.2025 06:00;02.09.2025 06:15;-;-;0,000;0,000;228,250;-;-;-;-
02.09.2025 06:15;02.09.2025 06:30;-;-;0,000;0,000;228,250;-;-;-;-
02.09.2025 06:30;02.09.2025 06:45;-;-;0,000;0,000;228,250;-;-;-;-
02.09.2025 06:45;02.09.2025 07:00;-;-;0,000;0,000;228,250;-;-;-;-
02.09.2025 07:00;02.09.2025 07:15;-;-;0,000;0,000;229,250;-;-;-;-
02.09.2025 07:15;02.09.2025 07:30;-;-;0,000;0,000;229,250;-;-;-;-
02.09.2025 07:30;02.09.2025 07:45;-;-;0,000;0,000;229,250;-;-;-;-
02.09.2025 07:45;02.09.2025 08:00;-;-;0,000;0,000;229,250;-;-;-;-
02.09.2025 08:00;02.09.2025 08:15;-;-;0,000;0,000;230,250;-;-;-;-
02.09.2025 08:15;02.09.2025 08:30;-;-;0,000;0,000;230,250;-;-;-;-
02.09.2025 08:30;02.09.2025 08:45;-;-;0,000;0,000;230,250;-;-;-;-
02.09.2025 08:45;02.09.2025 09:00;-;-;0,000;0,000;230,250;-;-;-;-
02.09.2025 09:00;02.09.2025 09:15;-;-;0,000;0,000;229,250;-;-;-;-
02.09.2025 09:15;02.09.2025 09:30;-;-;0,000;0,000;229,250;-;-;-;-
02.09.2025 09:30;02.09.2025 09:45;-;-;0,000;0,000;229,250;-;-;-;-
02.09.2025 09:45;02.09.2025 10:00;-;-;0,000;0,000;229,250;-;-;-;-
02.09.2025 10:00;02.09.2025 10:15;-;-;0,000;0,000;224,500;-;-;-;-
02.09.2025 10:15;02.09.2025 10:30;-;-;0,000;0,000;224,500;-;-;-;-
02.09.2025 10:30;02.09.2025 10:45;-;-;0,000;0,000;224,500;-;-;-;-
02.09.2025 10:45;02.09.2025 11:00;-;-;0,000;0,000;224,500;-;-;-;-
02.09.2025 11:00;02.09.2025 11:15;-;-;0,000;0,000;210,500;-;-;-;-
02.09.2025 11:15;02.09.2025 11:30;-;-;0,000;0,000;210,500;-;-;-;-
02.09.2025 11:30;02.09.2025 11:45;-;-;0,000;0,000;210,500;-;-;-;-
02.09.2025 11:45;02.09.2025 12:00;-;-;0,000;0,000;210,500;-;-;-;-
02.09.2025 12:00;02.09.2025 12:15;-;-;0,000;0,000;147,750;-;-;-;-
02.09.2025 12:15;02.09.2025 12:30;-;-;0,000;0,000;147,750;-;-;-;-
02.09.2025 12:30;02.09.2025 12:45;-;-;0,000;0,000;147,750;-;-;-;-
02.09.2025 12:45;02.09.2025 13:00;-;-;0,000;0,000;147,750;-;-;-;-
02.09.2025 13:00;02.09.2025 13:15;-;-;0,000;0,000;93,000;-;-;-;-
02.09.2025 13:15;02.09.2025 13:30;-;-;0,000;0,000;93,000;-;-;-;-
02.09.2025 13:30;02.09.2025 13:45;-;-;0,000;0,000;93,000;-;-;-;-
02.09.2025 13:45;02.09.2025 14:00;-;-;0,000;0,000;93,000;-;-;-;-
02.09.2025 14:00;02.09.2025 14:15;-;-;0,000;0,000;120,750;-;-;-;-
02.09.2025 14:15;02.09.2025 14:30;-;-;0,000;0,000;120,750;-;-;-;-
02.09.2025 14:30;02.09.2025 14:45;-;-;0,000;0,000;120,750;-;-;-;-
02.09.2025 14:45;02.09.2025 15:00;-;-;0,000;0,000;120,750;-;-;-;-
02.09.2025 15:00;02.09.2025 15:15;-;-;0,000;0,000;188,250;-;-;-;-
02.09.2025 15:15;02.09.2025 15:30;-;-;0,000;0,000;188,250;-;-;-;-
02.09.2025 15:30;02.09.2025 15:45;-;-;0,000;0,000;188,250;-;-;-;-
02.09.2025 15:45;02.09.2025 16:00;-;-;0,000;0,000;188,250;-;-;-;-
02.09.2025 16:00;02.09.2025 16:15;-;-;0,000;0,000;224,500;-;-;-;-
02.09.2025 16:15;02.09.2025 16:30;-;-;0,000;0,000;224,500;-;-;-;-
02.09.2025 16:30;02.09.2025 16:45;-;-;0,000;0,000;224,500;-;-;-;-
02.09.2025 16:45;02.09.2025 17:00;-;-;0,000;0,000;224,500;-;-;-;-
02.09.2025 17:00;02.09.2025 17:15;-;-;0,000;0,000;225,500;-;-;-;-
02.09.2025 17:15;02.09.2025 17:30;-;-;0,000;0,000;225,500;-;-;-;-
02.09.2025 17:30;02.09.2025 17:45;-;-;0,000;0,000;225,500;-;-;-;-
02.09.2025 17:45;02.09.2025 18:00;-;-;0,000;0,000;225,500;-;-;-;-
02.09.2025 18:00;02.09.2025 18:15;-;-;0,000;0,000;233,500;-;-;-;-
02.09.2025 18:15;02.09.2025 18:30;-;-;0,000;0,000;233,500;-;-;-;-
02.09.2025 18:30;02.09.2025 18:45;-;-;0,000;0,000;233,500;-;-;-;-
02.09.2025 18:45;02.09.2025 19:00;-;-;0,000;0,000;233,500;-;-;-;-
02.09.2025 19:00;02.09.2025 19:15;-;-;0,000;0,000;233,000;-;-;-;-
02.09.2025 19:15;02.09.2025 19:30;-;-;0,000;0,000;233,000;-;-;-;-
02.09.2025 19:30;02.09.2025 19:45;-;-;0,000;0,000;233,000;-;-;-;-
02.09.2025 19:45;02.09.2025 20:00;-;-;0,000;0,000;233,000;-;-;-;-
02.09.2025 20:00;02.09.2025 20:15;-;-;0,000;0,000;232,750;-;-;-;-
02.09.2025 20:15;02.09.2025 20:30;-;-;0,000;0,000;232,750;-;-;-;-
02.09.2025 20:30;02.09.2025 20:45;-;-;0,000;0,000;232,750;-;-;-;-
02.09.2025 20:45;02.09.2025 21:00;-;-;0,000;0,000;232,750;-;-;-;-
02.09.2025 21:00;02.09.2025 21:15;-;-;0,000;0,000;228,500;-;-;-;-
02.09.2025 21:15;02.09.2025 21:30;-;-;0,000;0,000;228,500;-;-;-;-
02.09.2025 21:30;02.09.2025 21:45;-;-;0,000;0,000;228,500;-;-;-;-
02.09.2025 21:45;02.09.2025 22:00;-;-;0,000;0,000;228,500;-;-;-;-
02.09.2025 22:00;02.09.2025 22:15;-;-;0,000;0,000;229,750;-;-;-;-
02.09.2025 22:15;02.09.2025 22:30;-;-;0,000;0,000;229,750;-;-;-;-
02.09.2025 22:30;02.09.2025 22:45;-;-;0,000;0,000;229,750;-;-;-;-
02.09.2025 22:45;02.09.2025 23:00;-;-;0,000;0,000;229,750;-;-;-;-
02.09.2025 23:00;02.09.2025 23:15;-;-;0,000;0,000;225,000;-;-;-;-
02.09.2025 23:15;02.09.2025 23:30;-;-;0,000;0,000;225,000;-;-;-;-
02.09.2025 23:30;02.09.2025 23:45;-;-;0,000;0,000;225,000;-;-;-;-
02.09.2025 23:45;03.09.2025 00:00;-;-;0,000;0,000;225,000;-;-;-;-
03.09.2025 00:00;03.09.2025 00:15;-;-;0,000;0,000;225,000;-;-;-;-
03.09.2025 00:15;03.09.2025 00:30;-;-;0,000;0,000;225,000;-;-;-;-
03.09.2025 00:30;03.09.2025 00:45;-;-;0,000;0,000;225,000;-;-;-;-
03.09.2025 00:45;03.09.2025 01:00;-;-;0,000;0,000;225,000;-;-;-;-
03.09.2025 01:00;03.09.2025 01:15;-;-;0,000;0,000;224,750;-;-;-;-
03.09.2025 01:15;03.09.2025 01:30;-;-;0,000;0,000;224,750;-;-;-;-
03.09.2025 01:30;03.09.2025 01:45;-;-;0,000;0,000;224,750;-;-;-;-
03.09.2025 01:45;03.09.2025 02:00;-;-;0,000;0,000;224,750;-;-;-;-
03.09.2025 02:00;03.09.2025 02:15;-;-;0,000;0,000;225,500;-;-;-;-
03.09.2025 02:15;03.09.2025 02:30;-;-;0,000;0,000;225,500;-;-;-;-
03.09.2025 02:30;03.09.2025 02:45;-;-;0,000;0,000;225,500;-;-;-;-
03.09.2025 02:45;03.09.2025 03:00;-;-;0,000;0,000;225,500;-;-;-;-
03.09.2025 03:00;03.09.2025 03:15;-;-;0,000;0,000;225,250;-;-;-;-
03.09.2025 03:15;03.09.2025 03:30;-;-;0,000;0,000;225,250;-;-;-;-
03.09.2025 03:30;03.09.2025 03:45;-;-;0,000;0,000;225,250;-;-;-;-
03.09.2025 03:45;03.09.2025 04:00;-;-;0,000;0,000;225,250;-;-;-;-
03.09.2025 04:00;03.09.2025 04:15;-;-;0,000;0,000;225,250;-;-;-;-
03.09.2025 04:15;03.09.2025 04:30;-;-;0,000;0,000;225,250;-;-;-;-
03.09.2025 04:30;03.09.2025 04:45;-;-;0,000;0,000;225,250;-;-;-;-
03.09.2025 04:45;03.09.2025 05:00;-;-;0,000;0,000;225,250;-;-;-;-
03.09.2025 05:00;03.09.2025 05:15;-;-;0,000;0,000;225,000;-;-;-;-
03.09.2025 05:15;03.09.2025 05:30;-;-;0,000;0,000;225,000;-;-;-;-
03.09.2025 05:30;03.09.2025 05:45;-;-;0,000;0,000;225,000;-;-;-;-
03.09.2025 05:45;03.09.2025 06:00;-;-;0,000;0,000;225,000;-;-;-;-
03.09.2025 06:00;03.09.2025 06:15;-;-;0,000;0,000;226,250;-;-;-;-
03.09.2025 06:15;03.09.2025 06:30;-;-;0,000;0,000;226,250;-;-;-;-
03.09.2025 06:30;03.09.2025 06:45;-;-;0,000;0,000;226,250;-;-;-;-
03.09.2025 06:45;03.09.2025 07:00;-;-;0,000;0,000;226,250;-;-;-;-
03.09.2025 07:00;03.09.2025 07:15;-;-;0,000;0,000;230,750;-;-;-;-
03.09.2025 07:15;03.09.2025 07:30;-;-;0,000;0,000;230,750;-;-;-;-
03.09.2025 07:30;03.09.2025 07:45;-;-;0,000;0,000;230,750;-;-;-;-
03.09.2025 07:45;03.09.2025 08:00;-;-;0,000;0,000;230,750;-;-;-;-
03.09.2025 08:00;03.09.2025 08:15;-;-;0,000;0,000;230,250;-;-;-;-
03.09.2025 08:15;03.09.2025 08:30;-;-;0,000;0,000;230,250;-;-;-;-
03.09.2025 08:30;03.09.2025 08:45;-;-;0,000;0,000;230,250;-;-;-;-
03.09.2025 08:45;03.09.2025 09:00;-;-;0,000;0,000;230,250;-;-;-;-
03.09.2025 09:00;03.09.2025 09:15;-;-;0,000;0,000;198,750;-;-;-;-
03.09.2025 09:15;03.09.2025 09:30;-;-;0,000;0,000;198,750;-;-;-;-
03.09.2025 09:30;03.09.2025 09:45;-;-;0,000;0,000;198,750;-;-;-;-
03.09.2025 09:45;03.09.2025 10:00;-;-;0,000;0,000;198,750;-;-;-;-
03.09.2025 10:00;03.09.2025 10:15;-;-;0,000;0,000;95,750;-;-;-;-
03.09.2025 10:15;03.09.2025 10:30;-;-;0,000;0,000;95,750;-;-;-;-
03.09.2025 10:30;03.09.2025 10:45;-;-;0,000;0,000;95,750;-;-;-;-
03.09.2025 10:45;03.09.2025 11:00;-;-;0,000;0,000;95,750;-;-;-;-
03.09.2025 11:00;03.09.2025 11:15;-;-;0,000;0,000;92,500;-;-;-;-
03.09.2025 11:15;03.09.2025 11:30;-;-;0,000;0,000;92,500;-;-;-;-
03.09.2025 11:30;03.09.2025 11:45;-;-;0,000;0,000;92,500;-;-;-;-
03.09.2025 11:45;03.09.2025 12:00;-;-;0,000;0,000;92,500;-;-;-;-
03.09.2025 12:00;03.09.2025 12:15;-;-;0,000;0,000;91,500;-;-;-;-
03.09.2025 12:15;03.09.2025 12:30;-;-;0,000;0,000;91,500;-;-;-;-
03.09.2025 12:30;03.09.2025 12:45;-;-;0,000;0,000;91,500;-;-;-;-
03.09.2025 12:45;03.09.2025 13:00;-;-;0,000;0,000;91,500;-;-;-;-
03.09.2025 13:00;03.09.2025 13:15;-;-;0,000;0,000;92,250;-;-;-;-
03.09.2025 13:15;03.09.2025 13:30;-;-;0,000;0,000;92,250;-;-;-;-
03.09.2025 13:30;03.09.2025 13:45;-;-;0,000;0,000;92,250;-;-;-;-
03.09.2025 13:45;03.09.2025 14:00;-;-;0,000;0,000;92,250;-;-;-;-
03.09.2025 14:00;03.09.2025 14:15;-;-;0,000;0,000;92,750;-;-;-;-
03.09.2025 14:15;03.09.2025 14:30;-;-;0,000;0,000;92,750;-;-;-;-
03.09.2025 14:30;03.09.2025 14:45;-;-;0,000;0,000;92,750;-;-;-;-
03.09.2025 14:45;03.09.2025 15:00;-;-;0,000;0,000;92,750;-;-;-;-
03.09.2025 15:00;03.09.2025 15:15;-;-;0,000;0,000;92,500;-;-;-;-
03.09.2025 15:15;03.09.2025 15:30;-;-;0,000;0,000;92,500;-;-;-;-
03.09.2025 15:30;03.09.2025 15:45;-;-;0,000;0,000;92,500;-;-;-;-
03.09.2025 15:45;03.09.2025 16:00;-;-;0,000;0,000;92,500;-;-;-;-
03.09.2025 16:00;03.09.2025 16:15;-;-;0,000;0,000;91,750;-;-;-;-
03.09.2025 16:15;03.09.2025 16:30;-;-;0,000;0,000;91,750;-;-;-;-
03.09.2025 16:30;03.09.2025 16:45;-;-;0,000;0,000;91,750;-;-;-;-
03.09.2025 16:45;03.09.2025 17:00;-;-;0,000;0,000;91,750;-;-;-;-
03.09.2025 17:00;03.09.2025 17:15;-;-;0,000;0,000;102,750;-;-;-;-
03.09.2025 17:15;03.09.2025 17:30;-;-;0,000;0,000;102,750;-;-;-;-
03.09.2025 17:30;03.09.2025 17:45;-;-;0,000;0,000;102,750;-;-;-;-
03.09.2025 17:45;03.09.2025 18:00;-;-;0,000;0,000;102,750;-;-;-;-
03.09.2025 18:00;03.09.2025 18:15;-;-;0,000;0,000;153,500;-;-;-;-
03.09.2025 18:15;03.09.2025 18:30;-;-;0,000;0,000;153,500;-;-;-;-
03.09.2025 18:30;03.09.2025 18:45;-;-;0,000;0,000;153,500;-;-;-;-
03.09.2025 18:45;03.09.2025 19:00;-;-;0,000;0,000;153,500;-;-;-;-
03.09.2025 19:00;03.09.2025 19:15;-;-;0,000;0,000;156,500;-;-;-;-
03.09.2025 19:15;03.09.2025 19:30;-;-;0,000;0,000;156,500;-;-;-;-
03.09.2025 19:30;03.09.2025 19:45;-;-;0,000;0,000;156,500;-;-;-;-
03.09.2025 19:45;03.09.2025 20:00;-;-;0,000;0,000;156,500;-;-;-;-
03.09.2025 20:00;03.09.2025 20:15;-;-;0,000;0,000;214,750;-;-;-;-
03.09.2025 20:15;03.09.2025 20:30;-;-;0,000;0,000;214,750;-;-;-;-
03.09.2025 20:30;03.09.2025 20:45;-;-;0,000;0,000;214,750;-;-;-;-
03.09.2025 20:45;03.09.2025 21:00;-;-;0,000;0,000;214,750;-;-;-;-
03.09.2025 21:00;03.09.2025 21:15;-;-;0,000;0,000;223,750;-;-;-;-
03.09.2025 21:15;03.09.2025 21:30;-;-;0,000;0,000;223,750;-;-;-;-
03.09.2025 21:30;03.09.2025 21:45;-;-;0,000;0,000;223,750;-;-;-;-
03.09.2025 21:45;03.09.2025 22:00;-;-;0,000;0,000;223,750;-;-;-;-
03.09.2025 22:00;03.09.2025 22:15;-;-;0,000;0,000;211,000;-;-;-;-
03.09.2025 22:15;03.09.2025 22:30;-;-;0,000;0,000;211,000;-;-;-;-
03.09.2025 22:30;03.09.2025 22:45;-;-;0,000;0,000;211,000;-;-;-;-
03.09.2025 22:45;03.09.2025 23:00;-;-;0,000;0,000;211,000;-;-;-;-
03.09.2025 23:00;03.09.2025 23:15;-;-;-;-;-;-;-;-;-
03.09.2025 23:15;03.09.2025 23:30;-;-;-;-;-;-;-;-;-
03.09.2025 23:30;03.09.2025 23:45;-;-;-;-;-;-;-;-;-
03.09.2025 23:45;04.09.2025 00:00;-;-;-;-;-;-;-;-;-
04.09.2025 00:00;04.09.2025 00:15;-;-;-;-;-;-;-;-;-
04.09.2025 00:15;04.09.2025 00:30;-;-;-;-;-;-;-;-;-
04.09.2025 00:30;04.09.2025 00:45;-;-;-;-;-;-;-;-;-
04.09.2025 00:45;04.09.2025 01:00;-;-;-;-;-;-;-;-;-
04.09.2025 01:00;04.09.2025 01:15;-;-;-;-;-;-;-;-;-
04.09.2025 01:15;04.09.2025 01:30;-;-;-;-;-;-;-;-;-
04.09.2025 01:30;04.09.2025 01:45;-;-;-;-;-;-;-;-;-
04.09.2025 01:45;04.09.2025 02:00;-;-;-;-;-;-;-;-;-
04.09.2025 02:00;04.09.2025 02:15;-;-;-;-;-;-;-;-;-
04.09.2025 02:15;04.09.2025 02:30;-;-;-;-;-;-;-;-;-
04.09.2025 02:30;04.09.2025 02:45;-;-;-;-;-;-;-;-;-
04.09.2025 02:45;04.09.2025 03:00;-;-;-;-;-;-;-;-;-
04.09.2025 03:00;04.09.2025 03:15;-;-;-;-;-;-;-;-;-
04.09.2025 03:15;04.09.2025 03:30;-;-;-;-;-;-;-;-;-
04.09.2025 03:30;04.09.2025 03:45;-;-;-;-;-;-;-;-;-
04.09.2025 03:45;04.09.2025 04:00;-;-;-;-;-;-;-;-;-
04.09.2025 04:00;04.09.2025 04:15;-;-;-;-;-;-;-;-;-
04.09.2025 04:15;04.09.2025 04:30;-;-;-;-;-;-;-;-;-
04.09.2025 04:30;04.09.2025 04:45;-;-;-;-;-;-;-;-;-
04.09.2025 04:45;04.09.2025 05:00;-;-;-;-;-;-;-;-;-
04.09.2025 05:00;04.09.2025 05:15;-;-;-;-;-;-;-;-;-
04.09.2025 05:15;04.09.2025 05:30;-;-;-;-;-;-;-;-;-
04.09.2025 05:30;04.09.2025 05:45;-;-;-;-;-;-;-;-;-
04.09.2025 05:45;04.09.2025 06:00;-;-;-;-;-;-;-;-;-
04.09.2025 06:00;04.09.2025 06:15;-;-;-;-;-;-;-;-;-
04.09.2025 06:15;04.09.2025 06:30;-;-;-;-;-;-;-;-;-
04.09.2025 06:30;04.09.2025 06:45;-;-;-;-;-;-;-;-;-
04.09.2025 06:45;04.09.2025 07:00;-;-;-;-;-;-;-;-;-
04.09.2025 07:00;04.09.2025 07:15;-;-;-;-;-;-;-;-;-
04.09.2025 07:15;04.09.2025 07:30;-;-;-;-;-;-;-;-;-
04.09.2025 07:30;04.09.2025 07:45;-;-;-;-;-;-;-;-;-
04.09.2025 07:45;04.09.2025 08:00;-;-;-;-;-;-;-;-;-
04.09.2025 08:00;04.09.2025 08:15;-;-;-;-;-;-;-;-;-
04.09.2025 08:15;04.09.2025 08:30;-;-;-;-;-;-;-;-;-
04.09.2025 08:30;04.09.2025 08:45;-;-;-;-;-;-;-;-;-
04.09.2025 08:45;04.09.2025 09:00;-;-;-;-;-;-;-;-;-
04.09.2025 09:00;04.09.2025 09:15;-;-;-;-;-;-;-;-;-
04.09.2025 09:15;04.09.2025 09:30;-;-;-;-;-;-;-;-;-
04.09.2025 09:30;04.09.2025 09:45;-;-;-;-;-;-;-;-;-
04.09.2025 09:45;04.09.2025 10:00;-;-;-;-;-;-;-;-;-
04.09.2025 10:00;04.09.2025 10:15;-;-;-;-;-;-;-;-;-
04.09.2025 10:15;04.09.2025 10:30;-;-;-;-;-;-;-;-;-
04.09.2025 10:30;04.09.2025 10:45;-;-;-;-;-;-;-;-;-
04.09.2025 10:45;04.09.2025 11:00;-;-;-;-;-;-;-;-;-
04.09.2025 11:00;04.09.2025 11:15;-;-;-;-;-;-;-;-;-
04.09.2025 11:15;04.09.2025 11:30;-;-;-;-;-;-;-;-;-
04.09.2025 11:30;04.09.2025 11:45;-;-;-;-;-;-;-;-;-
04.09.2025 11:45;04.09.2025 12:00;-;-;-;-;-;-;-;-;-
04.09.2025 12:00;04.09.2025 12:15;-;-;-;-;-;-;-;-;-
04.09.2025 12:15;04.09.2025 12:30;-;-;-;-;-;-;-;-;-
04.09.2025 12:30;04.09.2025 12:45;-;-;-;-;-;-;-;-;-
04.09.2025 12:45;04.09.2025 13:00;-;-;-;-;-;-;-;-;-
04.09.2025 13:00;04.09.2025 13:15;-;-;-;-;-;-;-;-;-
04.09.2025 13:15;04.09.2025 13:30;-;-;-;-;-;-;-;-;-
04.09.2025 13:30;04.09.2025 13:45;-;-;-;-;-;-;-;-;-
04.09.2025 13:45;04.09.2025 14:00;-;-;-;-;-;-;-;-;-
04.09.2025 14:00;04.09.2025 14:15;-;-;-;-;-;-;-;-;-
04.09.2025 14:15;04.09.2025 14:30;-;-;-;-;-;-;-;-;-
04.09.2025 14:30;04.09.2025 14:45;-;-;-;-;-;-;-;-;-
04.09.2025 14:45;04.09.2025 15:00;-;-;-;-;-;-;-;-;-
04.09.2025 15:00;04.09.2025 15:15;-;-;-;-;-;-;-;-;-
04.09.2025 15:15;04.09.2025 15:30;-;-;-;-;-;-;-;-;-
04.09.2025 15:30;04.09.2025 15:45;-;-;-;-;-;-;-;-;-
04.09.2025 15:45;04.09.2025 16:00;-;-;-;-;-;-;-;-;-
04.09.2025 16:00;04.09.2025 16:15;-;-;-;-;-;-;-;-;-
04.09.2025 16:15;04.09.2025 16:30;-;-;-;-;-;-;-;-;-
04.09.2025 16:30;04.09.2025 16:45;-;-;-;-;-;-;-;-;-
04.09.2025 16:45;04.09.2025 17:00;-;-;-;-;-;-;-;-;-
04.09.2025 17:00;04.09.2025 17:15;-;-;-;-;-;-;-;-;-
04.09.2025 17:15;04.09.2025 17:30;-;-;-;-;-;-;-;-;-
04.09.2025 17:30;04.09.2025 17:45;-;-;-;-;-;-;-;-;-
04.09.2025 17:45;04.09.2025 18:00;-;-;-;-;-;-;-;-;-
04.09.2025 18:00;04.09.2025 18:15;-;-;-;-;-;-;-;-;-
04.09.2025 18:15;04.09.2025 18:30;-;-;-;-;-;-;-;-;-
04.09.2025 18:30;04.09.2025 18:45;-;-;-;-;-;-;-;-;-
04.09.2025 18:45;04.09.2025 19:00;-;-;-;-;-;-;-;-;-
04.09.2025 19:00;04.09.2025 19:15;-;-;-;-;-;-;-;-;-
04.09.2025 19:15;04.09.2025 19:30;-;-;-;-;-;-;-;-;-
04.09.2025 19:30;04.09.2025 19:45;-;-;-;-;-;-;-;-;-
04.09.2025 19:45;04.09.2025 20:00;-;-;-;-;-;-;-;-;-
04.09.2025 20:00;04.09.2025 20:15;-;-;-;-;-;-;-;-;-
04.09.2025 20:15;04.09.2025 20:30;-;-;-;-;-;-;-;-;-
04.09.2025 20:30;04.09.2025 20:45;-;-;-;-;-;-;-;-;-
04.09.2025 20:45;04.09.2025 21:00;-;-;-;-;-;-;-;-;-
04.09.2025 21:00;04.09.2025 21:15;-;-;-;-;-;-;-;-;-
04.09.2025 21:15;04.09.2025 21:30;-;-;-;-;-;-;-;-;-
04.09.2025 21:30;04.09.2025 21:45;-;-;-;-;-;-;-;-;-
04.09.2025 21:45;04.09.2025 22:00;-;-;-;-;-;-;-;-;-
04.09.2025 22:00;04.09.2025 22:15;-;-;-;-;-;-;-;-;-
04.09.2025 22:15;04.09.2025 22:30;-;-;-;-;-;-;-;-;-
04.09.2025 22:30;04.09.2025 22:45;-;-;-;-;-;-;-;-;-
04.09.2025 22:45;04.09.2025 23:00;-;-;-;-;-;-;-;-;-
04.09.2025 23:00;04.09.2025 23:15;-;-;-;-;-;-;-;-;-
04.09.2025 23:15;04.09.2025 23:30;-;-;-;-;-;-;-;-;-
04.09.2025 23:30;04.09.2025 23:45;-;-;-;-;-;-;-;-;-
04.09.2025 23:45;05.09.2025 00:00;-;-;-;-;-;-;-;-;-
05.09.2025 00:00;05.09.2025 00:15;-;-;-;-;-;-;-;-;-
05.09.2025 00:15;05.09.2025 00:30;-;-;-;-;-;-;-;-;-
05.09.2025 00:30;05.09.2025 00:45;-;-;-;-;-;-;-;-;-
05.09.2025 00:45;05.09.2025 01:00;-;-;-;-;-;-;-;-;-
05.09.2025 01:00;05.09.2025 01:15;-;-;-;-;-;-;-;-;-
05.09.2025 01:15;05.09.2025 01:30;-;-;-;-;-;-;-;-;-
05.09.2025 01:30;05.09.2025 01:45;-;-;-;-;-;-;-;-;-
05.09.2025 01:45;05.09.2025 02:00;-;-;-;-;-;-;-;-;-
05.09.2025 02:00;05.09.2025 02:15;-;-;-;-;-;-;-;-;-
05.09.2025 02:15;05.09.2025 02:30;-;-;-;-;-;-;-;-;-
05.09.2025 02:30;05.09.2025 02:45;-;-;-;-;-;-;-;-;-
05.09.2025 02:45;05.09.2025 03:00;-;-;-;-;-;-;-;-;-
05.09.2025 03:00;05.09.2025 03:15;-;-;-;-;-;-;-;-;-
05.09.2025 03:15;05.09.2025 03:30;-;-;-;-;-;-;-;-;-
05.09.2025 03:30;05.09.2025 03:45;-;-;-;-;-;-;-;-;-
05.09.2025 03:45;05.09.2025 04:00;-;-;-;-;-;-;-;-;-
05.09.2025 04:00;05.09.2025 04:15;-;-;-;-;-;-;-;-;-
05.09.2025 04:15;05.09.2025 04:30;-;-;-;-;-;-;-;-;-
05.09.2025 04:30;05.09.2025 04:45;-;-;-;-;-;-;-;-;-
05.09.2025 04:45;05.09.2025 05:00;-;-;-;-;-;-;-;-;-
05.09.2025 05:00;05.09.2025 05:15;-;-;-;-;-;-;-;-;-
05.09.2025 05:15;05.09.2025 05:30;-;-;-;-;-;-;-;-;-
05.09.2025 05:30;05.09.2025 05:45;-;-;-;-;-;-;-;-;-
05.09.2025 05:45;05.09.2025 06:00;-;-;-;-;-;-;-;-;-
05.09.2025 06:00;05.09.2025 06:15;-;-;-;-;-;-;-;-;-
05.09.2025 06:15;05.09.2025 06:30;-;-;-;-;-;-;-;-;-
05.09.2025 06:30;05.09.2025 06:45;-;-;-;-;-;-;-;-;-
05.09.2025 06:45;05.09.2025 07:00;-;-;-;-;-;-;-;-;-
05.09.2025 07:00;05.09.2025 07:15;-;-;-;-;-;-;-;-;-
05.09.2025 07:15;05.09.2025 07:30;-;-;-;-;-;-;-;-;-
05.09.2025 07:30;05.09.2025 07:45;-;-;-;-;-;-;-;-;-
05.09.2025 07:45;05.09.2025 08:00;-;-;-;-;-;-;-;-;-
05.09.2025 08:00;05.09.2025 08:15;-;-;-;-;-;-;-;-;-
05.09.2025 08:15;05.09.2025 08:30;-;-;-;-;-;-;-;-;-
05.09.2025 08:30;05.09.2025 08:45;-;-;-;-;-;-;-;-;-
05.09.2025 08:45;05.09.2025 09:00;-;-;-;-;-;-;-;-;-
05.09.2025 09:00;05.09.2025 09:15;-;-;-;-;-;-;-;-;-
05.09.2025 09:15;05.09.2025 09:30;-;-;-;-;-;-;-;-;-
05.09.2025 09:30;05.09.2025 09:45;-;-;-;-;-;-;-;-;-
05.09.2025 09:45;05.09.2025 10:00;-;-;-;-;-;-;-;-;-
05.09.2025 10:00;05.09.2025 10:15;-;-;-;-;-;-;-;-;-
05.09.2025 10:15;05.09.2025 10:30;-;-;-;-;-;-;-;-;-
05.09.2025 10:30;05.09.2025 10:45;-;-;-;-;-;-;-;-;-
05.09.2025 10:45;05.09.2025 11:00;-;-;-;-;-;-;-;-;-
05.09.2025 11:00;05.09.2025 11:15;-;-;-;-;-;-;-;-;-
05.09.2025 11:15;05.09.2025 11:30;-;-;-;-;-;-;-;-;-
05.09.2025 11:30;05.09.2025 11:45;-;-;-;-;-;-;-;-;-
05.09.2025 11:45;05.09.2025 12:00;-;-;-;-;-;-;-;-;-
05.09.2025 12:00;05.09.2025 12:15;-;-;-;-;-;-;-;-;-
05.09.2025 12:15;05.09.2025 12:30;-;-;-;-;-;-;-;-;-
05.09.2025 12:30;05.09.2025 12:45;-;-;-;-;-;-;-;-;-
05.09.2025 12:45;05.09.2025 13:00;-;-;-;-;-;-;-;-;-
05.09.2025 13:00;05.09.2025 13:15;-;-;-;-;-;-;-;-;-
05.09.2025 13:15;05.09.2025 13:30;-;-;-;-;-;-;-;-;-
05.09.2025 13:30;05.09.2025 13:45;-;-;-;-;-;-;-;-;-
05.09.2025 13:45;05.09.2025 14:00;-;-;-;-;-;-;-;-;-
05.09.2025 14:00;05.09.2025 14:15;-;-;-;-;-;-;-;-;-
05.09.2025 14:15;05.09.2025 14:30;-;-;-;-;-;-;-;-;-
05.09.2025 14:30;05.09.2025 14:45;-;-;-;-;-;-;-;-;-
05.09.2025 14:45;05.09.2025 15:00;-;-;-;-;-;-;-;-;-
05.09.2025 15:00;05.09.2025 15:15;-;-;-;-;-;-;-;-;-
05.09.2025 15:15;05.09.2025 15:30;-;-;-;-;-;-;-;-;-
05.09.2025 15:30;05.09.2025 15:45;-;-;-;-;-;-;-;-;-
05.09.2025 15:45;05.09.2025 16:00;-;-;-;-;-;-;-;-;-
05.09.2025 16:00;05.09.2025 16:15;-;-;-;-;-;-;-;-;-
05.09.2025 16:15;05.09.2025 16:30;-;-;-;-;-;-;-;-;-
05.09.2025 16:30;05.09.2025 16:45;-;-;-;-;-;-;-;-;-
05.09.2025 16:45;05.09.2025 17:00;-;-;-;-;-;-;-;-;-
05.09.2025 17:00;05.09.2025 17:15;-;-;-;-;-;-;-;-;-
05.09.2025 17:15;05.09.2025 17:30;-;-;-;-;-;-;-;-;-
05.09.2025 17:30;05.09.2025 17:45;-;-;-;-;-;-;-;-;-
05.09.2025 17:45;05.09.2025 18:00;-;-;-;-;-;-;-;-;-
05.09.2025 18:00;05.09.2025 18:15;-;-;-;-;-;-;-;-;-
05.09.2025 18:15;05.09.2025 18:30;-;-;-;-;-;-;-;-;-
05.09.2025 18:30;05.09.2025 18:45;-;-;-;-;-;-;-;-;-
05.09.2025 18:45;05.09.2025 19:00;-;-;-;-;-;-;-;-;-
05.09.2025 19:00;05.09.2025 19:15;-;-;-;-;-;-;-;-;-
05.09.2025 19:15;05.09.2025 19:30;-;-;-;-;-;-;-;-;-
05.09.2025 19:30;05.09.2025 19:45;-;-;-;-;-;-;-;-;-
05.09.2025 19:45;05.09.2025 20:00;-;-;-;-;-;-;-;-;-
05.09.2025 20:00;05.09.2025 20:15;-;-;-;-;-;-;-;-;-
05.09.2025 20:15;05.09.2025 20:30;-;-;-;-;-;-;-;-;-
05.09.2025 20:30;05.09.2025 20:45;-;-;-;-;-;-;-;-;-
05.09.2025 20:45;05.09.2025 21:00;-;-;-;-;-;-;-;-;-
05.09.2025 21:00;05.09.2025 21:15;-;-;-;-;-;-;-;-;-
05.09.2025 21:15;05.09.2025 21:30;-;-;-;-;-;-;-;-;-
05.09.2025 21:30;05.09.2025 21:45;-;-;-;-;-;-;-;-;-
05.09.2025 21:45;05.09.2025 22:00;-;-;-;-;-;-;-;-;-
05.09.2025 22:00;05.09.2025 22:15;-;-;-;-;-;-;-;-;-
05.09.2025 22:15;05.09.2025 22:30;-;-;-;-;-;-;-;-;-
05.09.2025 22:30;05.09.2025 22:45;-;-;-;-;-;-;-;-;-
05.09.2025 22:45;05.09.2025 23:00;-;-;-;-;-;-;-;-;-
05.09.2025 23:00;05.09.2025 23:15;-;-;-;-;-;-;-;-;-
05.09.2025 23:15;05.09.2025 23:30;-;-;-;-;-;-;-;-;-
05.09.2025 23:30;05.09.2025 23:45;-;-;-;-;-;-;-;-;-
05.09.2025 23:45;06.09.2025 00:00;-;-;-;-;-;-;-;-;-
