Datum von;Datum bis;Generation_DE Block N [MW] Berechnete Auflösungen;Generation_DE Block R [MW] Berechnete Auflösungen;Generation_DE Block P [MW] Berechnete Auflösungen;Generation_DE Block Q [MW] Berechnete Auflösungen
26.08.2025 00:00;26.08.2025 00:15;0,000;0,000;85,500;204,250
26.08.2025 00:15;26.08.2025 00:30;0,000;0,000;85,500;204,250
26.08.2025 00:30;26.08.2025 00:45;0,000;0,000;85,500;204,250
26.08.2025 00:45;26.08.2025 01:00;0,000;0,000;85,500;204,250
26.08.2025 01:00;26.08.2025 01:15;0,000;0,000;82,500;204,750
26.08.2025 01:15;26.08.2025 01:30;0,000;0,000;82,500;204,750
26.08.2025 01:30;26.08.2025 01:45;0,000;0,000;82,500;204,750
26.08.2025 01:45;26.08.2025 02:00;0,000;0,000;82,500;204,750
26.08.2025 02:00;26.08.2025 02:15;0,000;0,000;82,250;205,000
26.08.2025 02:15;26.08.2025 02:30;0,000;0,000;82,250;205,000
26.08.2025 02:30;26.08.2025 02:45;0,000;0,000;82,250;205,000
26.08.2025 02:45;26.08.2025 03:00;0,000;0,000;82,250;205,000
26.08.2025 03:00;26.08.2025 03:15;0,000;0,000;80,750;205,000
26.08.2025 03:15;26.08.2025 03:30;0,000;0,000;80,750;205,000
26.08.2025 03:30;26.08.2025 03:45;0,000;0,000;80,750;205,000
26.08.2025 03:45;26.08.2025 04:00;0,000;0,000;80,750;205,000
26.08.2025 04:00;26.08.2025 04:15;0,000;0,000;100,750;204,250
26.08.2025 04:15;26.08.2025 04:30;0,000;0,000;100,750;204,250
26.08.2025 04:30;26.08.2025 04:45;0,000;0,000;100,750;204,250
26.08.2025 04:45;26.08.2025 05:00;0,000;0,000;100,750;204,250
26.08.2025 05:00;26.08.2025 05:15;0,000;0,000;104,000;204,750
26.08.2025 05:15;26.08.2025 05:30;0,000;0,000;104,000;204,750
26.08.2025 05:30;26.08.2025 05:45;0,000;0,000;104,000;204,750
26.08.2025 05:45;26.08.2025 06:00;0,000;0,000;104,000;204,750
26.08.2025 06:00;26.08.2025 06:15;0,000;0,000;102,250;205,000
26.08.2025 06:15;26.08.2025 06:30;0,000;0,000;102,250;205,000
26.08.2025 06:30;26.08.2025 06:45;0,000;0,000;102,250;205,000
26.08.2025 06:45;26.08.2025 07:00;0,000;0,000;102,250;205,000
26.08.2025 07:00;26.08.2025 07:15;0,000;0,000;102,000;205,250
26.08.2025 07:15;26.08.2025 07:30;0,000;0,000;102,000;205,250
26.08.2025 07:30;26.08.2025 07:45;0,000;0,000;102,000;205,250
26.08.2025 07:45;26.08.2025 08:00;0,000;0,000;102,000;205,250
26.08.2025 08:00;26.08.2025 08:15;0,000;0,000;79,250;203,500
26.08.2025 08:15;26.08.2025 08:30;0,000;0,000;79,250;203,500
26.08.2025 08:30;26.08.2025 08:45;0,000;0,000;79,250;203,500
26.08.2025 08:45;26.08.2025 09:00;0,000;0,000;79,250;203,500
26.08.2025 09:00;26.08.2025 09:15;0,000;0,000;77,500;142,750
26.08.2025 09:15;26.08.2025 09:30;0,000;0,000;77,500;142,750
26.08.2025 09:30;26.08.2025 09:45;0,000;0,000;77,500;142,750
26.08.2025 09:45;26.08.2025 10:00;0,000;0,000;77,500;142,750
26.08.2025 10:00;26.08.2025 10:15;0,000;0,000;57,750;126,000
26.08.2025 10:15;26.08.2025 10:30;0,000;0,000;57,750;126,000
26.08.2025 10:30;26.08.2025 10:45;0,000;0,000;57,750;126,000
26.08.2025 10:45;26.08.2025 11:00;0,000;0,000;57,750;126,000
26.08.2025 11:00;26.08.2025 11:15;0,000;0,000;59,500;126,000
26.08.2025 11:15;26.08.2025 11:30;0,000;0,000;59,500;126,000
26.08.2025 11:30;26.08.2025 11:45;0,000;0,000;59,500;126,000
26.08.2025 11:45;26.08.2025 12:00;0,000;0,000;59,500;126,000
26.08.2025 12:00;26.08.2025 12:15;0,000;0,000;63,500;126,250
26.08.2025 12:15;26.08.2025 12:30;0,000;0,000;63,500;126,250
26.08.2025 12:30;26.08.2025 12:45;0,000;0,000;63,500;126,250
26.08.2025 12:45;26.08.2025 13:00;0,000;0,000;63,500;126,250
26.08.2025 13:00;26.08.2025 13:15;0,000;0,000;69,500;126,000
26.08.2025 13:15;26.08.2025 13:30;0,000;0,000;69,500;126,000
26.08.2025 13:30;26.08.2025 13:45;0,000;0,000;69,500;126,000
26.08.2025 13:45;26.08.2025 14:00;0,000;0,000;69,500;126,000
26.08.2025 14:00;26.08.2025 14:15;0,000;0,000;59,500;126,500
26.08.2025 14:15;26.08.2025 14:30;0,000;0,000;59,500;126,500
26.08.2025 14:30;26.08.2025 14:45;0,000;0,000;59,500;126,500
26.08.2025 14:45;26.08.2025 15:00;0,000;0,000;59,500;126,500
26.08.2025 15:00;26.08.2025 15:15;0,000;0,000;61,750;153,500
26.08.2025 15:15;26.08.2025 15:30;0,000;0,000;61,750;153,500
26.08.2025 15:30;26.08.2025 15:45;0,000;0,000;61,750;153,500
26.08.2025 15:45;26.08.2025 16:00;0,000;0,000;61,750;153,500
26.08.2025 16:00;26.08.2025 16:15;0,000;0,000;84,250;202,500
26.08.2025 16:15;26.08.2025 16:30;0,000;0,000;84,250;202,500
26.08.2025 16:30;26.08.2025 16:45;0,000;0,000;84,250;202,500
26.08.2025 16:45;26.08.2025 17:00;0,000;0,000;84,250;202,500
26.08.2025 17:00;26.08.2025 17:15;0,000;0,000;99,250;204,250
26.08.2025 17:15;26.08.2025 17:30;0,000;0,000;99,250;204,250
26.08.2025 17:30;26.08.2025 17:45;0,000;0,000;99,250;204,250
26.08.2025 17:45;26.08.2025 18:00;0,000;0,000;99,250;204,250
26.08.2025 18:00;26.08.2025 18:15;0,000;0,000;100,500;204,500
26.08.2025 18:15;26.08.2025 18:30;0,000;0,000;100,500;204,500
26.08.2025 18:30;26.08.2025 18:45;0,000;0,000;100,500;204,500
26.08.2025 18:45;26.08.2025 19:00;0,000;0,000;100,500;204,500
26.08.2025 19:00;26.08.2025 19:15;0,000;0,000;108,500;204,750
26.08.2025 19:15;26.08.2025 19:30;0,000;0,000;108,500;204,750
26.08.2025 19:30;26.08.2025 19:45;0,000;0,000;108,500;204,750
26.08.2025 19:45;26.08.2025 20:00;0,000;0,000;108,500;204,750
26.08.2025 20:00;26.08.2025 20:15;0,000;0,000;102,750;205,250
26.08.2025 20:15;26.08.2025 20:30;0,000;0,000;102,750;205,250
26.08.2025 20:30;26.08.2025 20:45;0,000;0,000;102,750;205,250
26.08.2025 20:45;26.08.2025 21:00;0,000;0,000;102,750;205,250
26.08.2025 21:00;26.08.2025 21:15;0,000;0,000;101,000;203,250
26.08.2025 21:15;26.08.2025 21:30;0,000;0,000;101,000;203,250
26.08.2025 21:30;26.08.2025 21:45;0,000;0,000;101,000;203,250
26.08.2025 21:45;26.08.2025 22:00;0,000;0,000;101,000;203,250
26.08.2025 22:00;26.08.2025 22:15;0,000;0,000;100,750;198,500
26.08.2025 22:15;26.08.2025 22:30;0,000;0,000;100,750;198,500
26.08.2025 22:30;26.08.2025 22:45;0,000;0,000;100,750;198,500
26.08.2025 22:45;26.08.2025 23:00;0,000;0,000;100,750;198,500
26.08.2025 23:00;26.08.2025 23:15;0,000;0,000;82,500;140,750
26.08.2025 23:15;26.08.2025 23:30;0,000;0,000;82,500;140,750
26.08.2025 23:30;26.08.2025 23:45;0,000;0,000;82,500;140,750
26.08.2025 23:45;27.08.2025 00:00;0,000;0,000;82,500;140,750
27.08.2025 00:00;27.08.2025 00:15;0,000;0,000;78,500;126,750
27.08.2025 00:15;27.08.2025 00:30;0,000;0,000;78,500;126,750
27.08.2025 00:30;27.08.2025 00:45;0,000;0,000;78,500;126,750
27.08.2025 00:45;27.08.2025 01:00;0,000;0,000;78,500;126,750
27.08.2025 01:00;27.08.2025 01:15;0,000;0,000;77,000;125,750
27.08.2025 01:15;27.08.2025 01:30;0,000;0,000;77,000;125,750
27.08.2025 01:30;27.08.2025 01:45;0,000;0,000;77,000;125,750
27.08.2025 01:45;27.08.2025 02:00;0,000;0,000;77,000;125,750
27.08.2025 02:00;27.08.2025 02:15;0,000;0,000;76,250;126,000
27.08.2025 02:15;27.08.2025 02:30;0,000;0,000;76,250;126,000
27.08.2025 02:30;27.08.2025 02:45;0,000;0,000;76,250;126,000
27.08.2025 02:45;27.08.2025 03:00;0,000;0,000;76,250;126,000
27.08.2025 03:00;27.08.2025 03:15;0,000;0,000;74,500;156,250
27.08.2025 03:15;27.08.2025 03:30;0,000;0,000;74,500;156,250
27.08.2025 03:30;27.08.2025 03:45;0,000;0,000;74,500;156,250
27.08.2025 03:45;27.08.2025 04:00;0,000;0,000;74,500;156,250
27.08.2025 04:00;27.08.2025 04:15;0,000;0,000;80,000;185,750
27.08.2025 04:15;27.08.2025 04:30;0,000;0,000;80,000;185,750
27.08.2025 04:30;27.08.2025 04:45;0,000;0,000;80,000;185,750
27.08.2025 04:45;27.08.2025 05:00;0,000;0,000;80,000;185,750
27.08.2025 05:00;27.08.2025 05:15;0,000;0,000;103,000;187,000
27.08.2025 05:15;27.08.2025 05:30;0,000;0,000;103,000;187,000
27.08.2025 05:30;27.08.2025 05:45;0,000;0,000;103,000;187,000
27.08.2025 05:45;27.08.2025 06:00;0,000;0,000;103,000;187,000
27.08.2025 06:00;27.08.2025 06:15;0,000;0,000;104,500;187,750
27.08.2025 06:15;27.08.2025 06:30;0,000;0,000;104,500;187,750
27.08.2025 06:30;27.08.2025 06:45;0,000;0,000;104,500;187,750
27.08.2025 06:45;27.08.2025 07:00;0,000;0,000;104,500;187,750
27.08.2025 07:00;27.08.2025 07:15;0,000;0,000;106,000;197,250
27.08.2025 07:15;27.08.2025 07:30;0,000;0,000;106,000;197,250
27.08.2025 07:30;27.08.2025 07:45;0,000;0,000;106,000;197,250
27.08.2025 07:45;27.08.2025 08:00;0,000;0,000;106,000;197,250
27.08.2025 08:00;27.08.2025 08:15;0,000;0,000;85,250;202,250
27.08.2025 08:15;27.08.2025 08:30;0,000;0,000;85,250;202,250
27.08.2025 08:30;27.08.2025 08:45;0,000;0,000;85,250;202,250
27.08.2025 08:45;27.08.2025 09:00;0,000;0,000;85,250;202,250
27.08.2025 09:00;27.08.2025 09:15;0,000;0,000;84,500;150,750
27.08.2025 09:15;27.08.2025 09:30;0,000;0,000;84,500;150,750
27.08.2025 09:30;27.08.2025 09:45;0,000;0,000;84,500;150,750
27.08.2025 09:45;27.08.2025 10:00;0,000;0,000;84,500;150,750
27.08.2025 10:00;27.08.2025 10:15;0,000;0,000;67,750;144,500
27.08.2025 10:15;27.08.2025 10:30;0,000;0,000;67,750;144,500
27.08.2025 10:30;27.08.2025 10:45;0,000;0,000;67,750;144,500
27.08.2025 10:45;27.08.2025 11:00;0,000;0,000;67,750;144,500
27.08.2025 11:00;27.08.2025 11:15;0,000;0,000;33,000;144,500
27.08.2025 11:15;27.08.2025 11:30;0,000;0,000;33,000;144,500
27.08.2025 11:30;27.08.2025 11:45;0,000;0,000;33,000;144,500
27.08.2025 11:45;27.08.2025 12:00;0,000;0,000;33,000;144,500
27.08.2025 12:00;27.08.2025 12:15;0,000;0,000;27,750;135,500
27.08.2025 12:15;27.08.2025 12:30;0,000;0,000;27,750;135,500
27.08.2025 12:30;27.08.2025 12:45;0,000;0,000;27,750;135,500
27.08.2025 12:45;27.08.2025 13:00;0,000;0,000;27,750;135,500
27.08.2025 13:00;27.08.2025 13:15;0,000;0,000;27,500;131,000
27.08.2025 13:15;27.08.2025 13:30;0,000;0,000;27,500;131,000
27.08.2025 13:30;27.08.2025 13:45;0,000;0,000;27,500;131,000
27.08.2025 13:45;27.08.2025 14:00;0,000;0,000;27,500;131,000
27.08.2025 14:00;27.08.2025 14:15;0,000;0,000;24,250;139,000
27.08.2025 14:15;27.08.2025 14:30;0,000;0,000;24,250;139,000
27.08.2025 14:30;27.08.2025 14:45;0,000;0,000;24,250;139,000
27.08.2025 14:45;27.08.2025 15:00;0,000;0,000;24,250;139,000
27.08.2025 15:00;27.08.2025 15:15;0,000;0,000;25,500;146,250
27.08.2025 15:15;27.08.2025 15:30;0,000;0,000;25,500;146,250
27.08.2025 15:30;27.08.2025 15:45;0,000;0,000;25,500;146,250
27.08.2025 15:45;27.08.2025 16:00;0,000;0,000;25,500;146,250
27.08.2025 16:00;27.08.2025 16:15;0,000;0,000;32,750;194,750
27.08.2025 16:15;27.08.2025 16:30;0,000;0,000;32,750;194,750
27.08.2025 16:30;27.08.2025 16:45;0,000;0,000;32,750;194,750
27.08.2025 16:45;27.08.2025 17:00;0,000;0,000;32,750;194,750
27.08.2025 17:00;27.08.2025 17:15;0,000;0,000;32,000;200,500
27.08.2025 17:15;27.08.2025 17:30;0,000;0,000;32,000;200,500
27.08.2025 17:30;27.08.2025 17:45;0,000;0,000;32,000;200,500
27.08.2025 17:45;27.08.2025 18:00;0,000;0,000;32,000;200,500
27.08.2025 18:00;27.08.2025 18:15;0,000;0,000;32,000;199,000
27.08.2025 18:15;27.08.2025 18:30;0,000;0,000;32,000;199,000
27.08.2025 18:30;27.08.2025 18:45;0,000;0,000;32,000;199,000
27.08.2025 18:45;27.08.2025 19:00;0,000;0,000;32,000;199,000
27.08.2025 19:00;27.08.2025 19:15;0,000;0,000;37,500;201,250
27.08.2025 19:15;27.08.2025 19:30;0,000;0,000;37,500;201,250
27.08.2025 19:30;27.08.2025 19:45;0,000;0,000;37,500;201,250
27.08.2025 19:45;27.08.2025 20:00;0,000;0,000;37,500;201,250
27.08.2025 20:00;27.08.2025 20:15;0,000;0,000;32,000;201,750
27.08.2025 20:15;27.08.2025 20:30;0,000;0,000;32,000;201,750
27.08.2025 20:30;27.08.2025 20:45;0,000;0,000;32,000;201,750
27.08.2025 20:45;27.08.2025 21:00;0,000;0,000;32,000;201,750
27.08.2025 21:00;27.08.2025 21:15;0,000;0,000;32,500;201,250
27.08.2025 21:15;27.08.2025 21:30;0,000;0,000;32,500;201,250
27.08.2025 21:30;27.08.2025 21:45;0,000;0,000;32,500;201,250
27.08.2025 21:45;27.08.2025 22:00;0,000;0,000;32,500;201,250
27.08.2025 22:00;27.08.2025 22:15;0,000;0,000;33,000;198,750
27.08.2025 22:15;27.08.2025 22:30;0,000;0,000;33,000;198,750
27.08.2025 22:30;27.08.2025 22:45;0,000;0,000;33,000;198,750
27.08.2025 22:45;27.08.2025 23:00;0,000;0,000;33,000;198,750
27.08.2025 23:00;27.08.2025 23:15;0,000;0,000;34,750;190,250
27.08.2025 23:15;27.08.2025 23:30;0,000;0,000;34,750;190,250
27.08.2025 23:30;27.08.2025 23:45;0,000;0,000;34,750;190,250
27.08.2025 23:45;28.08.2025 00:00;0,000;0,000;34,750;190,250
28.08.2025 00:00;28.08.2025 00:15;0,000;0,000;36,750;202,000
28.08.2025 00:15;28.08.2025 00:30;0,000;0,000;36,750;202,000
28.08.2025 00:30;28.08.2025 00:45;0,000;0,000;36,750;202,000
28.08.2025 00:45;28.08.2025 01:00;0,000;0,000;36,750;202,000
28.08.2025 01:00;28.08.2025 01:15;0,000;0,000;35,250;201,750
28.08.2025 01:15;28.08.2025 01:30;0,000;0,000;35,250;201,750
28.08.2025 01:30;28.08.2025 01:45;0,000;0,000;35,250;201,750
28.08.2025 01:45;28.08.2025 02:00;0,000;0,000;35,250;201,750
28.08.2025 02:00;28.08.2025 02:15;0,000;0,000;35,250;201,250
28.08.2025 02:15;28.08.2025 02:30;0,000;0,000;35,250;201,250
28.08.2025 02:30;28.08.2025 02:45;0,000;0,000;35,250;201,250
28.08.2025 02:45;28.08.2025 03:00;0,000;0,000;35,250;201,250
28.08.2025 03:00;28.08.2025 03:15;0,000;0,000;37,000;202,000
28.08.2025 03:15;28.08.2025 03:30;0,000;0,000;37,000;202,000
28.08.2025 03:30;28.08.2025 03:45;0,000;0,000;37,000;202,000
28.08.2025 03:45;28.08.2025 04:00;0,000;0,000;37,000;202,000
28.08.2025 04:00;28.08.2025 04:15;0,000;0,000;37,250;201,250
28.08.2025 04:15;28.08.2025 04:30;0,000;0,000;37,250;201,250
28.08.2025 04:30;28.08.2025 04:45;0,000;0,000;37,250;201,250
28.08.2025 04:45;28.08.2025 05:00;0,000;0,000;37,250;201,250
28.08.2025 05:00;28.08.2025 05:15;0,000;0,000;41,000;201,500
28.08.2025 05:15;28.08.2025 05:30;0,000;0,000;41,000;201,500
28.08.2025 05:30;28.08.2025 05:45;0,000;0,000;41,000;201,500
28.08.2025 05:45;28.08.2025 06:00;0,000;0,000;41,000;201,500
28.08.2025 06:00;28.08.2025 06:15;0,000;0,000;39,750;199,250
28.08.2025 06:15;28.08.2025 06:30;0,000;0,000;39,750;199,250
28.08.2025 06:30;28.08.2025 06:45;0,000;0,000;39,750;199,250
28.08.2025 06:45;28.08.2025 07:00;0,000;0,000;39,750;199,250
28.08.2025 07:00;28.08.2025 07:15;0,000;0,000;40,000;200,750
28.08.2025 07:15;28.08.2025 07:30;0,000;0,000;40,000;200,750
28.08.2025 07:30;28.08.2025 07:45;0,000;0,000;40,000;200,750
28.08.2025 07:45;28.08.2025 08:00;0,000;0,000;40,000;200,750
28.08.2025 08:00;28.08.2025 08:15;0,000;0,000;40,000;202,500
28.08.2025 08:15;28.08.2025 08:30;0,000;0,000;40,000;202,500
28.08.2025 08:30;28.08.2025 08:45;0,000;0,000;40,000;202,500
28.08.2025 08:45;28.08.2025 09:00;0,000;0,000;40,000;202,500
28.08.2025 09:00;28.08.2025 09:15;0,000;0,000;43,250;202,750
28.08.2025 09:15;28.08.2025 09:30;0,000;0,000;43,250;202,750
28.08.2025 09:30;28.08.2025 09:45;0,000;0,000;43,250;202,750
28.08.2025 09:45;28.08.2025 10:00;0,000;0,000;43,250;202,750
28.08.2025 10:00;28.08.2025 10:15;0,000;0,000;41,750;202,500
28.08.2025 10:15;28.08.2025 10:30;0,000;0,000;41,750;202,500
28.08.2025 10:30;28.08.2025 10:45;0,000;0,000;41,750;202,500
28.08.2025 10:45;28.08.2025 11:00;0,000;0,000;41,750;202,500
28.08.2025 11:00;28.08.2025 11:15;0,000;0,000;39,500;202,500
28.08.2025 11:15;28.08.2025 11:30;0,000;0,000;39,500;202,500
28.08.2025 11:30;28.08.2025 11:45;0,000;0,000;39,500;202,500
28.08.2025 11:45;28.08.2025 12:00;0,000;0,000;39,500;202,500
28.08.2025 12:00;28.08.2025 12:15;0,000;0,000;33,500;202,500
28.08.2025 12:15;28.08.2025 12:30;0,000;0,000;33,500;202,500
28.08.2025 12:30;28.08.2025 12:45;0,000;0,000;33,500;202,500
28.08.2025 12:45;28.08.2025 13:00;0,000;0,000;33,500;202,500
28.08.2025 13:00;28.08.2025 13:15;0,000;0,000;31,750;201,250
28.08.2025 13:15;28.08.2025 13:30;0,000;0,000;31,750;201,250
28.08.2025 13:30;28.08.2025 13:45;0,000;0,000;31,750;201,250
28.08.2025 13:45;28.08.2025 14:00;0,000;0,000;31,750;201,250
28.08.2025 14:00;28.08.2025 14:15;0,000;0,000;29,750;200,750
28.08.2025 14:15;28.08.2025 14:30;0,000;0,000;29,750;200,750
28.08.2025 14:30;28.08.2025 14:45;0,000;0,000;29,750;200,750
28.08.2025 14:45;28.08.2025 15:00;0,000;0,000;29,750;200,750
28.08.2025 15:00;28.08.2025 15:15;0,000;0,000;28,250;201,000
28.08.2025 15:15;28.08.2025 15:30;0,000;0,000;28,250;201,000
28.08.2025 15:30;28.08.2025 15:45;0,000;0,000;28,250;201,000
28.08.2025 15:45;28.08.2025 16:00;0,000;0,000;28,250;201,000
28.08.2025 16:00;28.08.2025 16:15;0,000;0,000;34,500;201,750
28.08.2025 16:15;28.08.2025 16:30;0,000;0,000;34,500;201,750
28.08.2025 16:30;28.08.2025 16:45;0,000;0,000;34,500;201,750
28.08.2025 16:45;28.08.2025 17:00;0,000;0,000;34,500;201,750
28.08.2025 17:00;28.08.2025 17:15;0,000;0,000;36,750;201,750
28.08.2025 17:15;28.08.2025 17:30;0,000;0,000;36,750;201,750
28.08.2025 17:30;28.08.2025 17:45;0,000;0,000;36,750;201,750
28.08.2025 17:45;28.08.2025 18:00;0,000;0,000;36,750;201,750
28.08.2025 18:00;28.08.2025 18:15;0,000;0,000;34,750;201,500
28.08.2025 18:15;28.08.2025 18:30;0,000;0,000;34,750;201,500
28.08.2025 18:30;28.08.2025 18:45;0,000;0,000;34,750;201,500
28.08.2025 18:45;28.08.2025 19:00;0,000;0,000;34,750;201,500
28.08.2025 19:00;28.08.2025 19:15;0,000;0,000;34,250;201,500
28.08.2025 19:15;28.08.2025 19:30;0,000;0,000;34,250;201,500
28.08.2025 19:30;28.08.2025 19:45;0,000;0,000;34,250;201,500
28.08.2025 19:45;28.08.2025 20:00;0,000;0,000;34,250;201,500
28.08.2025 20:00;28.08.2025 20:15;0,000;0,000;30,500;200,750
28.08.2025 20:15;28.08.2025 20:30;0,000;0,000;30,500;200,750
28.08.2025 20:30;28.08.2025 20:45;0,000;0,000;30,500;200,750
28.08.2025 20:45;28.08.2025 21:00;0,000;0,000;30,500;200,750
28.08.2025 21:00;28.08.2025 21:15;0,000;0,000;32,500;201,000
28.08.2025 21:15;28.08.2025 21:30;0,000;0,000;32,500;201,000
28.08.2025 21:30;28.08.2025 21:45;0,000;0,000;32,500;201,000
28.08.2025 21:45;28.08.2025 22:00;0,000;0,000;32,500;201,000
28.08.2025 22:00;28.08.2025 22:15;0,000;0,000;34,000;200,000
28.08.2025 22:15;28.08.2025 22:30;0,000;0,000;34,000;200,000
28.08.2025 22:30;28.08.2025 22:45;0,000;0,000;34,000;200,000
28.08.2025 22:45;28.08.2025 23:00;0,000;0,000;34,000;200,000
28.08.2025 23:00;28.08.2025 23:15;0,000;0,000;32,000;200,000
28.08.2025 23:15;28.08.2025 23:30;0,000;0,000;32,000;200,000
28.08.2025 23:30;28.08.2025 23:45;0,000;0,000;32,000;200,000
28.08.2025 23:45;29.08.2025 00:00;0,000;0,000;32,000;200,000
29.08.2025 00:00;29.08.2025 00:15;0,000;0,000;32,750;199,750
29.08.2025 00:15;29.08.2025 00:30;0,000;0,000;32,750;199,750
29.08.2025 00:30;29.08.2025 00:45;0,000;0,000;32,750;199,750
29.08.2025 00:45;29.08.2025 01:00;0,000;0,000;32,750;199,750
29.08.2025 01:00;29.08.2025 01:15;0,000;0,000;26,750;198,500
29.08.2025 01:15;29.08.2025 01:30;0,000;0,000;26,750;198,500
29.08.2025 01:30;29.08.2025 01:45;0,000;0,000;26,750;198,500
29.08.2025 01:45;29.08.2025 02:00;0,000;0,000;26,750;198,500
29.08.2025 02:00;29.08.2025 02:15;0,000;0,000;56,750;198,250
29.08.2025 02:15;29.08.2025 02:30;0,000;0,000;56,750;198,250
29.08.2025 02:30;29.08.2025 02:45;0,000;0,000;56,750;198,250
29.08.2025 02:45;29.08.2025 03:00;0,000;0,000;56,750;198,250
29.08.2025 03:00;29.08.2025 03:15;0,000;0,000;79,250;201,500
29.08.2025 03:15;29.08.2025 03:30;0,000;0,000;79,250;201,500
29.08.2025 03:30;29.08.2025 03:45;0,000;0,000;79,250;201,500
29.08.2025 03:45;29.08.2025 04:00;0,000;0,000;79,250;201,500
29.08.2025 04:00;29.08.2025 04:15;0,000;0,000;90,000;201,750
29.08.2025 04:15;29.08.2025 04:30;0,000;0,000;90,000;201,750
29.08.2025 04:30;29.08.2025 04:45;0,000;0,000;90,000;201,750
29.08.2025 04:45;29.08.2025 05:00;0,000;0,000;90,000;201,750
29.08.2025 05:00;29.08.2025 05:15;0,000;0,000;106,500;202,500
29.08.2025 05:15;29.08.2025 05:30;0,000;0,000;106,500;202,500
29.08.2025 05:30;29.08.2025 05:45;0,000;0,000;106,500;202,500
29.08.2025 05:45;29.08.2025 06:00;0,000;0,000;106,500;202,500
29.08.2025 06:00;29.08.2025 06:15;0,000;0,000;108,750;202,750
29.08.2025 06:15;29.08.2025 06:30;0,000;0,000;108,750;202,750
29.08.2025 06:30;29.08.2025 06:45;0,000;0,000;108,750;202,750
29.08.2025 06:45;29.08.2025 07:00;0,000;0,000;108,750;202,750
29.08.2025 07:00;29.08.2025 07:15;0,000;0,000;108,250;204,750
29.08.2025 07:15;29.08.2025 07:30;0,000;0,000;108,250;204,750
29.08.2025 07:30;29.08.2025 07:45;0,000;0,000;108,250;204,750
29.08.2025 07:45;29.08.2025 08:00;0,000;0,000;108,250;204,750
29.08.2025 08:00;29.08.2025 08:15;0,000;0,000;110,750;205,000
29.08.2025 08:15;29.08.2025 08:30;0,000;0,000;110,750;205,000
29.08.2025 08:30;29.08.2025 08:45;0,000;0,000;110,750;205,000
29.08.2025 08:45;29.08.2025 09:00;0,000;0,000;110,750;205,000
29.08.2025 09:00;29.08.2025 09:15;0,000;0,000;108,250;204,500
29.08.2025 09:15;29.08.2025 09:30;0,000;0,000;108,250;204,500
29.08.2025 09:30;29.08.2025 09:45;0,000;0,000;108,250;204,500
29.08.2025 09:45;29.08.2025 10:00;0,000;0,000;108,250;204,500
29.08.2025 10:00;29.08.2025 10:15;0,000;0,000;90,500;196,750
29.08.2025 10:15;29.08.2025 10:30;0,000;0,000;90,500;196,750
29.08.2025 10:30;29.08.2025 10:45;0,000;0,000;90,500;196,750
29.08.2025 10:45;29.08.2025 11:00;0,000;0,000;90,500;196,750
29.08.2025 11:00;29.08.2025 11:15;0,000;0,000;69,750;147,250
29.08.2025 11:15;29.08.2025 11:30;0,000;0,000;69,750;147,250
29.08.2025 11:30;29.08.2025 11:45;0,000;0,000;69,750;147,250
29.08.2025 11:45;29.08.2025 12:00;0,000;0,000;69,750;147,250
29.08.2025 12:00;29.08.2025 12:15;0,000;0,000;68,250;145,250
29.08.2025 12:15;29.08.2025 12:30;0,000;0,000;68,250;145,250
29.08.2025 12:30;29.08.2025 12:45;0,000;0,000;68,250;145,250
29.08.2025 12:45;29.08.2025 13:00;0,000;0,000;68,250;145,250
29.08.2025 13:00;29.08.2025 13:15;0,000;0,000;68,500;143,750
29.08.2025 13:15;29.08.2025 13:30;0,000;0,000;68,500;143,750
29.08.2025 13:30;29.08.2025 13:45;0,000;0,000;68,500;143,750
29.08.2025 13:45;29.08.2025 14:00;0,000;0,000;68,500;143,750
29.08.2025 14:00;29.08.2025 14:15;0,000;0,000;66,750;144,250
29.08.2025 14:15;29.08.2025 14:30;0,000;0,000;66,750;144,250
29.08.2025 14:30;29.08.2025 14:45;0,000;0,000;66,750;144,250
29.08.2025 14:45;29.08.2025 15:00;0,000;0,000;66,750;144,250
29.08.2025 15:00;29.08.2025 15:15;0,000;0,000;83,750;146,750
29.08.2025 15:15;29.08.2025 15:30;0,000;0,000;83,750;146,750
29.08.2025 15:30;29.08.2025 15:45;0,000;0,000;83,750;146,750
29.08.2025 15:45;29.08.2025 16:00;0,000;0,000;83,750;146,750
29.08.2025 16:00;29.08.2025 16:15;0,000;0,000;90,750;153,750
29.08.2025 16:15;29.08.2025 16:30;0,000;0,000;90,750;153,750
29.08.2025 16:30;29.08.2025 16:45;0,000;0,000;90,750;153,750
29.08.2025 16:45;29.08.2025 17:00;0,000;0,000;90,750;153,750
29.08.2025 17:00;29.08.2025 17:15;0,000;0,000;109,000;200,750
29.08.2025 17:15;29.08.2025 17:30;0,000;0,000;109,000;200,750
29.08.2025 17:30;29.08.2025 17:45;0,000;0,000;109,000;200,750
29.08.2025 17:45;29.08.2025 18:00;0,000;0,000;109,000;200,750
29.08.2025 18:00;29.08.2025 18:15;0,000;0,000;106,000;202,250
29.08.2025 18:15;29.08.2025 18:30;0,000;0,000;106,000;202,250
29.08.2025 18:30;29.08.2025 18:45;0,000;0,000;106,000;202,250
29.08.2025 18:45;29.08.2025 19:00;0,000;0,000;106,000;202,250
29.08.2025 19:00;29.08.2025 19:15;0,000;0,000;105,750;203,250
29.08.2025 19:15;29.08.2025 19:30;0,000;0,000;105,750;203,250
29.08.2025 19:30;29.08.2025 19:45;0,000;0,000;105,750;203,250
29.08.2025 19:45;29.08.2025 20:00;0,000;0,000;105,750;203,250
29.08.2025 20:00;29.08.2025 20:15;0,000;0,000;106,000;201,750
29.08.2025 20:15;29.08.2025 20:30;0,000;0,000;106,000;201,750
29.08.2025 20:30;29.08.2025 20:45;0,000;0,000;106,000;201,750
29.08.2025 20:45;29.08.2025 21:00;0,000;0,000;106,000;201,750
29.08.2025 21:00;29.08.2025 21:15;0,000;0,000;110,500;202,750
29.08.2025 21:15;29.08.2025 21:30;0,000;0,000;110,500;202,750
29.08.2025 21:30;29.08.2025 21:45;0,000;0,000;110,500;202,750
29.08.2025 21:45;29.08.2025 22:00;0,000;0,000;110,500;202,750
29.08.2025 22:00;29.08.2025 22:15;0,000;0,000;111,000;202,750
29.08.2025 22:15;29.08.2025 22:30;0,000;0,000;111,000;202,750
29.08.2025 22:30;29.08.2025 22:45;0,000;0,000;111,000;202,750
29.08.2025 22:45;29.08.2025 23:00;0,000;0,000;111,000;202,750
29.08.2025 23:00;29.08.2025 23:15;0,000;0,000;113,000;201,750
29.08.2025 23:15;29.08.2025 23:30;0,000;0,000;113,000;201,750
29.08.2025 23:30;29.08.2025 23:45;0,000;0,000;113,000;201,750
29.08.2025 23:45;30.08.2025 00:00;0,000;0,000;113,000;201,750
30.08.2025 00:00;30.08.2025 00:15;0,000;0,000;113,750;190,000
30.08.2025 00:15;30.08.2025 00:30;0,000;0,000;113,750;190,000
30.08.2025 00:30;30.08.2025 00:45;0,000;0,000;113,750;190,000
30.08.2025 00:45;30.08.2025 01:00;0,000;0,000;113,750;190,000
30.08.2025 01:00;30.08.2025 01:15;0,000;0,000;106,750;189,750
30.08.2025 01:15;30.08.2025 01:30;0,000;0,000;106,750;189,750
30.08.2025 01:30;30.08.2025 01:45;0,000;0,000;106,750;189,750
30.08.2025 01:45;30.08.2025 02:00;0,000;0,000;106,750;189,750
30.08.2025 02:00;30.08.2025 02:15;0,000;0,000;106,250;189,750
30.08.2025 02:15;30.08.2025 02:30;0,000;0,000;106,250;189,750
30.08.2025 02:30;30.08.2025 02:45;0,000;0,000;106,250;189,750
30.08.2025 02:45;30.08.2025 03:00;0,000;0,000;106,250;189,750
30.08.2025 03:00;30.08.2025 03:15;0,000;0,000;105,750;189,750
30.08.2025 03:15;30.08.2025 03:30;0,000;0,000;105,750;189,750
30.08.2025 03:30;30.08.2025 03:45;0,000;0,000;105,750;189,750
30.08.2025 03:45;30.08.2025 04:00;0,000;0,000;105,750;189,750
30.08.2025 04:00;30.08.2025 04:15;0,000;0,000;109,250;189,750
30.08.2025 04:15;30.08.2025 04:30;0,000;0,000;109,250;189,750
30.08.2025 04:30;30.08.2025 04:45;0,000;0,000;109,250;189,750
30.08.2025 04:45;30.08.2025 05:00;0,000;0,000;109,250;189,750
30.08.2025 05:00;30.08.2025 05:15;0,000;0,000;114,250;189,750
30.08.2025 05:15;30.08.2025 05:30;0,000;0,000;114,250;189,750
30.08.2025 05:30;30.08.2025 05:45;0,000;0,000;114,250;189,750
30.08.2025 05:45;30.08.2025 06:00;0,000;0,000;114,250;189,750
30.08.2025 06:00;30.08.2025 06:15;0,000;0,000;110,750;190,000
30.08.2025 06:15;30.08.2025 06:30;0,000;0,000;110,750;190,000
30.08.2025 06:30;30.08.2025 06:45;0,000;0,000;110,750;190,000
30.08.2025 06:45;30.08.2025 07:00;0,000;0,000;110,750;190,000
30.08.2025 07:00;30.08.2025 07:15;0,000;0,000;109,500;189,250
30.08.2025 07:15;30.08.2025 07:30;0,000;0,000;109,500;189,250
30.08.2025 07:30;30.08.2025 07:45;0,000;0,000;109,500;189,250
30.08.2025 07:45;30.08.2025 08:00;0,000;0,000;109,500;189,250
30.08.2025 08:00;30.08.2025 08:15;0,000;0,000;111,750;187,750
30.08.2025 08:15;30.08.2025 08:30;0,000;0,000;111,750;187,750
30.08.2025 08:30;30.08.2025 08:45;0,000;0,000;111,750;187,750
30.08.2025 08:45;30.08.2025 09:00;0,000;0,000;111,750;187,750
30.08.2025 09:00;30.08.2025 09:15;0,000;0,000;90,250;138,000
30.08.2025 09:15;30.08.2025 09:30;0,000;0,000;90,250;138,000
30.08.2025 09:30;30.08.2025 09:45;0,000;0,000;90,250;138,000
30.08.2025 09:45;30.08.2025 10:00;0,000;0,000;90,250;138,000
30.08.2025 10:00;30.08.2025 10:15;0,000;0,000;74,500;127,000
30.08.2025 10:15;30.08.2025 10:30;0,000;0,000;74,500;127,000
30.08.2025 10:30;30.08.2025 10:45;0,000;0,000;74,500;127,000
30.08.2025 10:45;30.08.2025 11:00;0,000;0,000;74,500;127,000
30.08.2025 11:00;30.08.2025 11:15;0,000;0,000;71,750;126,250
30.08.2025 11:15;30.08.2025 11:30;0,000;0,000;71,750;126,250
30.08.2025 11:30;30.08.2025 11:45;0,000;0,000;71,750;126,250
30.08.2025 11:45;30.08.2025 12:00;0,000;0,000;71,750;126,250
30.08.2025 12:00;30.08.2025 12:15;0,000;0,000;72,500;127,000
30.08.2025 12:15;30.08.2025 12:30;0,000;0,000;72,500;127,000
30.08.2025 12:30;30.08.2025 12:45;0,000;0,000;72,500;127,000
30.08.2025 12:45;30.08.2025 13:00;0,000;0,000;72,500;127,000
30.08.2025 13:00;30.08.2025 13:15;0,000;0,000;71,250;126,250
30.08.2025 13:15;30.08.2025 13:30;0,000;0,000;71,250;126,250
30.08.2025 13:30;30.08.2025 13:45;0,000;0,000;71,250;126,250
30.08.2025 13:45;30.08.2025 14:00;0,000;0,000;71,250;126,250
30.08.2025 14:00;30.08.2025 14:15;0,000;0,000;73,250;126,250
30.08.2025 14:15;30.08.2025 14:30;0,000;0,000;73,250;126,250
30.08.2025 14:30;30.08.2025 14:45;0,000;0,000;73,250;126,250
30.08.2025 14:45;30.08.2025 15:00;0,000;0,000;73,250;126,250
30.08.2025 15:00;30.08.2025 15:15;0,000;0,000;85,750;127,000
30.08.2025 15:15;30.08.2025 15:30;0,000;0,000;85,750;127,000
30.08.2025 15:30;30.08.2025 15:45;0,000;0,000;85,750;127,000
30.08.2025 15:45;30.08.2025 16:00;0,000;0,000;85,750;127,000
30.08.2025 16:00;30.08.2025 16:15;0,000;0,000;87,750;127,250
30.08.2025 16:15;30.08.2025 16:30;0,000;0,000;87,750;127,250
30.08.2025 16:30;30.08.2025 16:45;0,000;0,000;87,750;127,250
30.08.2025 16:45;30.08.2025 17:00;0,000;0,000;87,750;127,250
30.08.2025 17:00;30.08.2025 17:15;0,000;0,000;91,000;152,000
30.08.2025 17:15;30.08.2025 17:30;0,000;0,000;91,000;152,000
30.08.2025 17:30;30.08.2025 17:45;0,000;0,000;91,000;152,000
30.08.2025 17:45;30.08.2025 18:00;0,000;0,000;91,000;152,000
30.08.2025 18:00;30.08.2025 18:15;0,000;0,000;109,250;199,750
30.08.2025 18:15;30.08.2025 18:30;0,000;0,000;109,250;199,750
30.08.2025 18:30;30.08.2025 18:45;0,000;0,000;109,250;199,750
30.08.2025 18:45;30.08.2025 19:00;0,000;0,000;109,250;199,750
30.08.2025 19:00;30.08.2025 19:15;0,000;0,000;112,750;203,250
30.08.2025 19:15;30.08.2025 19:30;0,000;0,000;112,750;203,250
30.08.2025 19:30;30.08.2025 19:45;0,000;0,000;112,750;203,250
30.08.2025 19:45;30.08.2025 20:00;0,000;0,000;112,750;203,250
30.08.2025 20:00;30.08.2025 20:15;0,000;0,000;113,250;203,250
30.08.2025 20:15;30.08.2025 20:30;0,000;0,000;113,250;203,250
30.08.2025 20:30;30.08.2025 20:45;0,000;0,000;113,250;203,250
30.08.2025 20:45;30.08.2025 21:00;0,000;0,000;113,250;203,250
30.08.2025 21:00;30.08.2025 21:15;0,000;0,000;113,500;197,500
30.08.2025 21:15;30.08.2025 21:30;0,000;0,000;113,500;197,500
30.08.2025 21:30;30.08.2025 21:45;0,000;0,000;113,500;197,500
30.08.2025 21:45;30.08.2025 22:00;0,000;0,000;113,500;197,500
30.08.2025 22:00;30.08.2025 22:15;0,000;0,000;112,000;202,000
30.08.2025 22:15;30.08.2025 22:30;0,000;0,000;112,000;202,000
30.08.2025 22:30;30.08.2025 22:45;0,000;0,000;112,000;202,000
30.08.2025 22:45;30.08.2025 23:00;0,000;0,000;112,000;202,000
30.08.2025 23:00;30.08.2025 23:15;0,000;0,000;112,250;202,750
30.08.2025 23:15;30.08.2025 23:30;0,000;0,000;112,250;202,750
30.08.2025 23:30;30.08.2025 23:45;0,000;0,000;112,250;202,750
30.08.2025 23:45;31.08.2025 00:00;0,000;0,000;112,250;202,750
31.08.2025 00:00;31.08.2025 00:15;0,000;0,000;96,000;204,250
31.08.2025 00:15;31.08.2025 00:30;0,000;0,000;96,000;204,250
31.08.2025 00:30;31.08.2025 00:45;0,000;0,000;96,000;204,250
31.08.2025 00:45;31.08.2025 01:00;0,000;0,000;96,000;204,250
31.08.2025 01:00;31.08.2025 01:15;0,000;0,000;88,000;203,750
31.08.2025 01:15;31.08.2025 01:30;0,000;0,000;88,000;203,750
31.08.2025 01:30;31.08.2025 01:45;0,000;0,000;88,000;203,750
31.08.2025 01:45;31.08.2025 02:00;0,000;0,000;88,000;203,750
31.08.2025 02:00;31.08.2025 02:15;0,000;0,000;74,000;200,000
31.08.2025 02:15;31.08.2025 02:30;0,000;0,000;74,000;200,000
31.08.2025 02:30;31.08.2025 02:45;0,000;0,000;74,000;200,000
31.08.2025 02:45;31.08.2025 03:00;0,000;0,000;74,000;200,000
31.08.2025 03:00;31.08.2025 03:15;0,000;0,000;73,750;141,000
31.08.2025 03:15;31.08.2025 03:30;0,000;0,000;73,750;141,000
31.08.2025 03:30;31.08.2025 03:45;0,000;0,000;73,750;141,000
31.08.2025 03:45;31.08.2025 04:00;0,000;0,000;73,750;141,000
31.08.2025 04:00;31.08.2025 04:15;0,000;0,000;75,750;127,000
31.08.2025 04:15;31.08.2025 04:30;0,000;0,000;75,750;127,000
31.08.2025 04:30;31.08.2025 04:45;0,000;0,000;75,750;127,000
31.08.2025 04:45;31.08.2025 05:00;0,000;0,000;75,750;127,000
31.08.2025 05:00;31.08.2025 05:15;0,000;0,000;77,250;127,000
31.08.2025 05:15;31.08.2025 05:30;0,000;0,000;77,250;127,000
31.08.2025 05:30;31.08.2025 05:45;0,000;0,000;77,250;127,000
31.08.2025 05:45;31.08.2025 06:00;0,000;0,000;77,250;127,000
31.08.2025 06:00;31.08.2025 06:15;0,000;0,000;78,500;127,250
31.08.2025 06:15;31.08.2025 06:30;0,000;0,000;78,500;127,250
31.08.2025 06:30;31.08.2025 06:45;0,000;0,000;78,500;127,250
31.08.2025 06:45;31.08.2025 07:00;0,000;0,000;78,500;127,250
31.08.2025 07:00;31.08.2025 07:15;0,000;0,000;78,250;127,500
31.08.2025 07:15;31.08.2025 07:30;0,000;0,000;78,250;127,500
31.08.2025 07:30;31.08.2025 07:45;0,000;0,000;78,250;127,500
31.08.2025 07:45;31.08.2025 08:00;0,000;0,000;78,250;127,500
31.08.2025 08:00;31.08.2025 08:15;0,000;0,000;78,250;124,250
31.08.2025 08:15;31.08.2025 08:30;0,000;0,000;78,250;124,250
31.08.2025 08:30;31.08.2025 08:45;0,000;0,000;78,250;124,250
31.08.2025 08:45;31.08.2025 09:00;0,000;0,000;78,250;124,250
31.08.2025 09:00;31.08.2025 09:15;0,000;0,000;79,500;98,250
31.08.2025 09:15;31.08.2025 09:30;0,000;0,000;79,500;98,250
31.08.2025 09:30;31.08.2025 09:45;0,000;0,000;79,500;98,250
31.08.2025 09:45;31.08.2025 10:00;0,000;0,000;79,500;98,250
31.08.2025 10:00;31.08.2025 10:15;0,000;0,000;78,500;97,000
31.08.2025 10:15;31.08.2025 10:30;0,000;0,000;78,500;97,000
31.08.2025 10:30;31.08.2025 10:45;0,000;0,000;78,500;97,000
31.08.2025 10:45;31.08.2025 11:00;0,000;0,000;78,500;97,000
31.08.2025 11:00;31.08.2025 11:15;0,000;0,000;78,500;98,750
31.08.2025 11:15;31.08.2025 11:30;0,000;0,000;78,500;98,750
31.08.2025 11:30;31.08.2025 11:45;0,000;0,000;78,500;98,750
31.08.2025 11:45;31.08.2025 12:00;0,000;0,000;78,500;98,750
31.08.2025 12:00;31.08.2025 12:15;0,000;0,000;78,000;98,500
31.08.2025 12:15;31.08.2025 12:30;0,000;0,000;78,000;98,500
31.08.2025 12:30;31.08.2025 12:45;0,000;0,000;78,000;98,500
31.08.2025 12:45;31.08.2025 13:00;0,000;0,000;78,000;98,500
31.08.2025 13:00;31.08.2025 13:15;0,000;0,000;78,000;97,500
31.08.2025 13:15;31.08.2025 13:30;0,000;0,000;78,000;97,500
31.08.2025 13:30;31.08.2025 13:45;0,000;0,000;78,000;97,500
31.08.2025 13:45;31.08.2025 14:00;0,000;0,000;78,000;97,500
31.08.2025 14:00;31.08.2025 14:15;0,000;0,000;78,750;110,750
31.08.2025 14:15;31.08.2025 14:30;0,000;0,000;78,750;110,750
31.08.2025 14:30;31.08.2025 14:45;0,000;0,000;78,750;110,750
31.08.2025 14:45;31.08.2025 15:00;0,000;0,000;78,750;110,750
31.08.2025 15:00;31.08.2025 15:15;0,000;0,000;92,500;127,000
31.08.2025 15:15;31.08.2025 15:30;0,000;0,000;92,500;127,000
31.08.2025 15:30;31.08.2025 15:45;0,000;0,000;92,500;127,000
31.08.2025 15:45;31.08.2025 16:00;0,000;0,000;92,500;127,000
31.08.2025 16:00;31.08.2025 16:15;0,000;0,000;93,500;129,250
31.08.2025 16:15;31.08.2025 16:30;0,000;0,000;93,500;129,250
31.08.2025 16:30;31.08.2025 16:45;0,000;0,000;93,500;129,250
31.08.2025 16:45;31.08.2025 17:00;0,000;0,000;93,500;129,250
31.08.2025 17:00;31.08.2025 17:15;0,000;0,000;111,500;190,750
31.08.2025 17:15;31.08.2025 17:30;0,000;0,000;111,500;190,750
31.08.2025 17:30;31.08.2025 17:45;0,000;0,000;111,500;190,750
31.08.2025 17:45;31.08.2025 18:00;0,000;0,000;111,500;190,750
31.08.2025 18:00;31.08.2025 18:15;0,000;0,000;115,250;204,250
31.08.2025 18:15;31.08.2025 18:30;0,000;0,000;115,250;204,250
31.08.2025 18:30;31.08.2025 18:45;0,000;0,000;115,250;204,250
31.08.2025 18:45;31.08.2025 19:00;0,000;0,000;115,250;204,250
31.08.2025 19:00;31.08.2025 19:15;0,000;0,000;116,250;202,250
31.08.2025 19:15;31.08.2025 19:30;0,000;0,000;116,250;202,250
31.08.2025 19:30;31.08.2025 19:45;0,000;0,000;116,250;202,250
31.08.2025 19:45;31.08.2025 20:00;0,000;0,000;116,250;202,250
31.08.2025 20:00;31.08.2025 20:15;0,000;0,000;116,750;202,750
31.08.2025 20:15;31.08.2025 20:30;0,000;0,000;116,750;202,750
31.08.2025 20:30;31.08.2025 20:45;0,000;0,000;116,750;202,750
31.08.2025 20:45;31.08.2025 21:00;0,000;0,000;116,750;202,750
31.08.2025 21:00;31.08.2025 21:15;0,000;0,000;117,250;202,250
31.08.2025 21:15;31.08.2025 21:30;0,000;0,000;117,250;202,250
31.08.2025 21:30;31.08.2025 21:45;0,000;0,000;117,250;202,250
31.08.2025 21:45;31.08.2025 22:00;0,000;0,000;117,250;202,250
31.08.2025 22:00;31.08.2025 22:15;0,000;0,000;117,750;201,000
31.08.2025 22:15;31.08.2025 22:30;0,000;0,000;117,750;201,000
31.08.2025 22:30;31.08.2025 22:45;0,000;0,000;117,750;201,000
31.08.2025 22:45;31.08.2025 23:00;0,000;0,000;117,750;201,000
31.08.2025 23:00;31.08.2025 23:15;0,000;0,000;115,750;201,000
31.08.2025 23:15;31.08.2025 23:30;0,000;0,000;115,750;201,000
31.08.2025 23:30;31.08.2025 23:45;0,000;0,000;115,750;201,000
31.08.2025 23:45;01.09.2025 00:00;0,000;0,000;115,750;201,000
01.09.2025 00:00;01.09.2025 00:15;0,000;0,000;115,250;201,750
01.09.2025 00:15;01.09.2025 00:30;0,000;0,000;115,250;201,750
01.09.2025 00:30;01.09.2025 00:45;0,000;0,000;115,250;201,750
01.09.2025 00:45;01.09.2025 01:00;0,000;0,000;115,250;201,750
01.09.2025 01:00;01.09.2025 01:15;0,000;0,000;107,250;201,500
01.09.2025 01:15;01.09.2025 01:30;0,000;0,000;107,250;201,500
01.09.2025 01:30;01.09.2025 01:45;0,000;0,000;107,250;201,500
01.09.2025 01:45;01.09.2025 02:00;0,000;0,000;107,250;201,500
01.09.2025 02:00;01.09.2025 02:15;0,000;0,000;117,250;202,000
01.09.2025 02:15;01.09.2025 02:30;0,000;0,000;117,250;202,000
01.09.2025 02:30;01.09.2025 02:45;0,000;0,000;117,250;202,000
01.09.2025 02:45;01.09.2025 03:00;0,000;0,000;117,250;202,000
01.09.2025 03:00;01.09.2025 03:15;0,000;0,000;105,000;202,250
01.09.2025 03:15;01.09.2025 03:30;0,000;0,000;105,000;202,250
01.09.2025 03:30;01.09.2025 03:45;0,000;0,000;105,000;202,250
01.09.2025 03:45;01.09.2025 04:00;0,000;0,000;105,000;202,250
01.09.2025 04:00;01.09.2025 04:15;0,000;0,000;117,000;203,500
01.09.2025 04:15;01.09.2025 04:30;0,000;0,000;117,000;203,500
01.09.2025 04:30;01.09.2025 04:45;0,000;0,000;117,000;203,500
01.09.2025 04:45;01.09.2025 05:00;0,000;0,000;117,000;203,500
01.09.2025 05:00;01.09.2025 05:15;0,000;0,000;117,000;202,750
01.09.2025 05:15;01.09.2025 05:30;0,000;0,000;117,000;202,750
01.09.2025 05:30;01.09.2025 05:45;0,000;0,000;117,000;202,750
01.09.2025 05:45;01.09.2025 06:00;0,000;0,000;117,000;202,750
01.09.2025 06:00;01.09.2025 06:15;0,000;0,000;108,750;203,500
01.09.2025 06:15;01.09.2025 06:30;0,000;0,000;108,750;203,500
01.09.2025 06:30;01.09.2025 06:45;0,000;0,000;108,750;203,500
01.09.2025 06:45;01.09.2025 07:00;0,000;0,000;108,750;203,500
01.09.2025 07:00;01.09.2025 07:15;0,000;0,000;108,000;201,500
01.09.2025 07:15;01.09.2025 07:30;0,000;0,000;108,000;201,500
01.09.2025 07:30;01.09.2025 07:45;0,000;0,000;108,000;201,500
01.09.2025 07:45;01.09.2025 08:00;0,000;0,000;108,000;201,500
01.09.2025 08:00;01.09.2025 08:15;0,000;0,000;103,000;174,750
01.09.2025 08:15;01.09.2025 08:30;0,000;0,000;103,000;174,750
01.09.2025 08:30;01.09.2025 08:45;0,000;0,000;103,000;174,750
01.09.2025 08:45;01.09.2025 09:00;0,000;0,000;103,000;174,750
01.09.2025 09:00;01.09.2025 09:15;0,000;0,000;86,750;139,750
01.09.2025 09:15;01.09.2025 09:30;0,000;0,000;86,750;139,750
01.09.2025 09:30;01.09.2025 09:45;0,000;0,000;86,750;139,750
01.09.2025 09:45;01.09.2025 10:00;0,000;0,000;86,750;139,750
01.09.2025 10:00;01.09.2025 10:15;0,000;0,000;86,750;139,250
01.09.2025 10:15;01.09.2025 10:30;0,000;0,000;86,750;139,250
01.09.2025 10:30;01.09.2025 10:45;0,000;0,000;86,750;139,250
01.09.2025 10:45;01.09.2025 11:00;0,000;0,000;86,750;139,250
01.09.2025 11:00;01.09.2025 11:15;0,000;0,000;90,250;157,000
01.09.2025 11:15;01.09.2025 11:30;0,000;0,000;90,250;157,000
01.09.2025 11:30;01.09.2025 11:45;0,000;0,000;90,250;157,000
01.09.2025 11:45;01.09.2025 12:00;0,000;0,000;90,250;157,000
01.09.2025 12:00;01.09.2025 12:15;0,000;0,000;69,750;160,500
01.09.2025 12:15;01.09.2025 12:30;0,000;0,000;69,750;160,500
01.09.2025 12:30;01.09.2025 12:45;0,000;0,000;69,750;160,500
01.09.2025 12:45;01.09.2025 13:00;0,000;0,000;69,750;160,500
01.09.2025 13:00;01.09.2025 13:15;0,000;0,000;69,750;153,750
01.09.2025 13:15;01.09.2025 13:30;0,000;0,000;69,750;153,750
01.09.2025 13:30;01.09.2025 13:45;0,000;0,000;69,750;153,750
01.09.2025 13:45;01.09.2025 14:00;0,000;0,000;69,750;153,750
01.09.2025 14:00;01.09.2025 14:15;0,000;0,000;67,500;152,500
01.09.2025 14:15;01.09.2025 14:30;0,000;0,000;67,500;152,500
01.09.2025 14:30;01.09.2025 14:45;0,000;0,000;67,500;152,500
01.09.2025 14:45;01.09.2025 15:00;0,000;0,000;67,500;152,500
01.09.2025 15:00;01.09.2025 15:15;0,000;0,000;81,500;162,250
01.09.2025 15:15;01.09.2025 15:30;0,000;0,000;81,500;162,250
01.09.2025 15:30;01.09.2025 15:45;0,000;0,000;81,500;162,250
01.09.2025 15:45;01.09.2025 16:00;0,000;0,000;81,500;162,250
01.09.2025 16:00;01.09.2025 16:15;0,000;0,000;97,500;190,750
01.09.2025 16:15;01.09.2025 16:30;0,000;0,000;97,500;190,750
01.09.2025 16:30;01.09.2025 16:45;0,000;0,000;97,500;190,750
01.09.2025 16:45;01.09.2025 17:00;0,000;0,000;97,500;190,750
01.09.2025 17:00;01.09.2025 17:15;0,000;0,000;105,500;201,000
01.09.2025 17:15;01.09.2025 17:30;0,000;0,000;105,500;201,000
01.09.2025 17:30;01.09.2025 17:45;0,000;0,000;105,500;201,000
01.09.2025 17:45;01.09.2025 18:00;0,000;0,000;105,500;201,000
01.09.2025 18:00;01.09.2025 18:15;0,000;0,000;105,250;200,500
01.09.2025 18:15;01.09.2025 18:30;0,000;0,000;105,250;200,500
01.09.2025 18:30;01.09.2025 18:45;0,000;0,000;105,250;200,500
01.09.2025 18:45;01.09.2025 19:00;0,000;0,000;105,250;200,500
01.09.2025 19:00;01.09.2025 19:15;0,000;0,000;105,250;202,000
01.09.2025 19:15;01.09.2025 19:30;0,000;0,000;105,250;202,000
01.09.2025 19:30;01.09.2025 19:45;0,000;0,000;105,250;202,000
01.09.2025 19:45;01.09.2025 20:00;0,000;0,000;105,250;202,000
01.09.2025 20:00;01.09.2025 20:15;0,000;0,000;104,750;201,750
01.09.2025 20:15;01.09.2025 20:30;0,000;0,000;104,750;201,750
01.09.2025 20:30;01.09.2025 20:45;0,000;0,000;104,750;201,750
01.09.2025 20:45;01.09.2025 21:00;0,000;0,000;104,750;201,750
01.09.2025 21:00;01.09.2025 21:15;0,000;0,000;105,500;202,750
01.09.2025 21:15;01.09.2025 21:30;0,000;0,000;105,500;202,750
01.09.2025 21:30;01.09.2025 21:45;0,000;0,000;105,500;202,750
01.09.2025 21:45;01.09.2025 22:00;0,000;0,000;105,500;202,750
01.09.2025 22:00;01.09.2025 22:15;0,000;0,000;106,750;201,500
01.09.2025 22:15;01.09.2025 22:30;0,000;0,000;106,750;201,500
01.09.2025 22:30;01.09.2025 22:45;0,000;0,000;106,750;201,500
01.09.2025 22:45;01.09.2025 23:00;0,000;0,000;106,750;201,500
01.09.2025 23:00;01.09.2025 23:15;0,000;0,000;108,500;201,250
01.09.2025 23:15;01.09.2025 23:30;0,000;0,000;108,500;201,250
01.09.2025 23:30;01.09.2025 23:45;0,000;0,000;108,500;201,250
01.09.2025 23:45;02.09.2025 00:00;0,000;0,000;108,500;201,250
02.09.2025 00:00;02.09.2025 00:15;0,000;0,000;106,000;202,750
02.09.2025 00:15;02.09.2025 00:30;0,000;0,000;106,000;202,750
02.09.2025 00:30;02.09.2025 00:45;0,000;0,000;106,000;202,750
02.09.2025 00:45;02.09.2025 01:00;0,000;0,000;106,000;202,750
02.09.2025 01:00;02.09.2025 01:15;0,000;0,000;101,750;202,750
02.09.2025 01:15;02.09.2025 01:30;0,000;0,000;101,750;202,750
02.09.2025 01:30;02.09.2025 01:45;0,000;0,000;101,750;202,750
02.09.2025 01:45;02.09.2025 02:00;0,000;0,000;101,750;202,750
02.09.2025 02:00;02.09.2025 02:15;0,000;0,000;101,000;203,750
02.09.2025 02:15;02.09.2025 02:30;0,000;0,000;101,000;203,750
02.09.2025 02:30;02.09.2025 02:45;0,000;0,000;101,000;203,750
02.09.2025 02:45;02.09.2025 03:00;0,000;0,000;101,000;203,750
02.09.2025 03:00;02.09.2025 03:15;0,000;0,000;101,500;202,500
02.09.2025 03:15;02.09.2025 03:30;0,000;0,000;101,500;202,500
02.09.2025 03:30;02.09.2025 03:45;0,000;0,000;101,500;202,500
02.09.2025 03:45;02.09.2025 04:00;0,000;0,000;101,500;202,500
02.09.2025 04:00;02.09.2025 04:15;0,000;0,000;103,000;203,500
02.09.2025 04:15;02.09.2025 04:30;0,000;0,000;103,000;203,500
02.09.2025 04:30;02.09.2025 04:45;0,000;0,000;103,000;203,500
02.09.2025 04:45;02.09.2025 05:00;0,000;0,000;103,000;203,500
02.09.2025 05:00;02.09.2025 05:15;0,000;0,000;107,750;203,250
02.09.2025 05:15;02.09.2025 05:30;0,000;0,000;107,750;203,250
02.09.2025 05:30;02.09.2025 05:45;0,000;0,000;107,750;203,250
02.09.2025 05:45;02.09.2025 06:00;0,000;0,000;107,750;203,250
02.09.2025 06:00;02.09.2025 06:15;0,000;0,000;107,000;204,250
02.09.2025 06:15;02.09.2025 06:30;0,000;0,000;107,000;204,250
02.09.2025 06:30;02.09.2025 06:45;0,000;0,000;107,000;204,250
02.09.2025 06:45;02.09.2025 07:00;0,000;0,000;107,000;204,250
02.09.2025 07:00;02.09.2025 07:15;0,000;0,000;110,750;203,500
02.09.2025 07:15;02.09.2025 07:30;0,000;0,000;110,750;203,500
02.09.2025 07:30;02.09.2025 07:45;0,000;0,000;110,750;203,500
02.09.2025 07:45;02.09.2025 08:00;0,000;0,000;110,750;203,500
02.09.2025 08:00;02.09.2025 08:15;0,000;0,000;107,250;205,000
02.09.2025 08:15;02.09.2025 08:30;0,000;0,000;107,250;205,000
02.09.2025 08:30;02.09.2025 08:45;0,000;0,000;107,250;205,000
02.09.2025 08:45;02.09.2025 09:00;0,000;0,000;107,250;205,000
02.09.2025 09:00;02.09.2025 09:15;0,000;0,000;107,000;205,000
02.09.2025 09:15;02.09.2025 09:30;0,000;0,000;107,000;205,000
02.09.2025 09:30;02.09.2025 09:45;0,000;0,000;107,000;205,000
02.09.2025 09:45;02.09.2025 10:00;0,000;0,000;107,000;205,000
02.09.2025 10:00;02.09.2025 10:15;0,000;0,000;103,000;204,750
02.09.2025 10:15;02.09.2025 10:30;0,000;0,000;103,000;204,750
02.09.2025 10:30;02.09.2025 10:45;0,000;0,000;103,000;204,750
02.09.2025 10:45;02.09.2025 11:00;0,000;0,000;103,000;204,750
02.09.2025 11:00;02.09.2025 11:15;0,000;0,000;94,250;202,000
02.09.2025 11:15;02.09.2025 11:30;0,000;0,000;94,250;202,000
02.09.2025 11:30;02.09.2025 11:45;0,000;0,000;94,250;202,000
02.09.2025 11:45;02.09.2025 12:00;0,000;0,000;94,250;202,000
02.09.2025 12:00;02.09.2025 12:15;0,000;0,000;88,500;173,500
02.09.2025 12:15;02.09.2025 12:30;0,000;0,000;88,500;173,500
02.09.2025 12:30;02.09.2025 12:45;0,000;0,000;88,500;173,500
02.09.2025 12:45;02.09.2025 13:00;0,000;0,000;88,500;173,500
02.09.2025 13:00;02.09.2025 13:15;0,000;0,000;88,750;172,000
02.09.2025 13:15;02.09.2025 13:30;0,000;0,000;88,750;172,000
02.09.2025 13:30;02.09.2025 13:45;0,000;0,000;88,750;172,000
02.09.2025 13:45;02.09.2025 14:00;0,000;0,000;88,750;172,000
02.09.2025 14:00;02.09.2025 14:15;0,000;0,000;87,500;167,000
02.09.2025 14:15;02.09.2025 14:30;0,000;0,000;87,500;167,000
02.09.2025 14:30;02.09.2025 14:45;0,000;0,000;87,500;167,000
02.09.2025 14:45;02.09.2025 15:00;0,000;0,000;87,500;167,000
02.09.2025 15:00;02.09.2025 15:15;0,000;0,000;99,500;168,000
02.09.2025 15:15;02.09.2025 15:30;0,000;0,000;99,500;168,000
02.09.2025 15:30;02.09.2025 15:45;0,000;0,000;99,500;168,000
02.09.2025 15:45;02.09.2025 16:00;0,000;0,000;99,500;168,000
02.09.2025 16:00;02.09.2025 16:15;0,000;0,000;104,750;199,500
02.09.2025 16:15;02.09.2025 16:30;0,000;0,000;104,750;199,500
02.09.2025 16:30;02.09.2025 16:45;0,000;0,000;104,750;199,500
02.09.2025 16:45;02.09.2025 17:00;0,000;0,000;104,750;199,500
02.09.2025 17:00;02.09.2025 17:15;0,000;0,000;104,000;201,750
02.09.2025 17:15;02.09.2025 17:30;0,000;0,000;104,000;201,750
02.09.2025 17:30;02.09.2025 17:45;0,000;0,000;104,000;201,750
02.09.2025 17:45;02.09.2025 18:00;0,000;0,000;104,000;201,750
02.09.2025 18:00;02.09.2025 18:15;0,000;0,000;105,750;203,000
02.09.2025 18:15;02.09.2025 18:30;0,000;0,000;105,750;203,000
02.09.2025 18:30;02.09.2025 18:45;0,000;0,000;105,750;203,000
02.09.2025 18:45;02.09.2025 19:00;0,000;0,000;105,750;203,000
02.09.2025 19:00;02.09.2025 19:15;0,000;0,000;107,500;205,250
02.09.2025 19:15;02.09.2025 19:30;0,000;0,000;107,500;205,250
02.09.2025 19:30;02.09.2025 19:45;0,000;0,000;107,500;205,250
02.09.2025 19:45;02.09.2025 20:00;0,000;0,000;107,500;205,250
02.09.2025 20:00;02.09.2025 20:15;0,000;0,000;108,000;204,750
02.09.2025 20:15;02.09.2025 20:30;0,000;0,000;108,000;204,750
02.09.2025 20:30;02.09.2025 20:45;0,000;0,000;108,000;204,750
02.09.2025 20:45;02.09.2025 21:00;0,000;0,000;108,000;204,750
02.09.2025 21:00;02.09.2025 21:15;0,000;0,000;105,000;205,250
02.09.2025 21:15;02.09.2025 21:30;0,000;0,000;105,000;205,250
02.09.2025 21:30;02.09.2025 21:45;0,000;0,000;105,000;205,250
02.09.2025 21:45;02.09.2025 22:00;0,000;0,000;105,000;205,250
02.09.2025 22:00;02.09.2025 22:15;0,000;0,000;102,250;204,750
02.09.2025 22:15;02.09.2025 22:30;0,000;0,000;102,250;204,750
02.09.2025 22:30;02.09.2025 22:45;0,000;0,000;102,250;204,750
02.09.2025 22:45;02.09.2025 23:00;0,000;0,000;102,250;204,750
02.09.2025 23:00;02.09.2025 23:15;0,000;0,000;103,000;202,750
02.09.2025 23:15;02.09.2025 23:30;0,000;0,000;103,000;202,750
02.09.2025 23:30;02.09.2025 23:45;0,000;0,000;103,000;202,750
02.09.2025 23:45;03.09.2025 00:00;0,000;0,000;103,000;202,750
03.09.2025 00:00;03.09.2025 00:15;0,000;0,000;103,250;202,250
03.09.2025 00:15;03.09.2025 00:30;0,000;0,000;103,250;202,250
03.09.2025 00:30;03.09.2025 00:45;0,000;0,000;103,250;202,250
03.09.2025 00:45;03.09.2025 01:00;0,000;0,000;103,250;202,250
03.09.2025 01:00;03.09.2025 01:15;0,000;0,000;95,000;174,250
03.09.2025 01:15;03.09.2025 01:30;0,000;0,000;95,000;174,250
03.09.2025 01:30;03.09.2025 01:45;0,000;0,000;95,000;174,250
03.09.2025 01:45;03.09.2025 02:00;0,000;0,000;95,000;174,250
03.09.2025 02:00;03.09.2025 02:15;0,000;0,000;96,250;190,250
03.09.2025 02:15;03.09.2025 02:30;0,000;0,000;96,250;190,250
03.09.2025 02:30;03.09.2025 02:45;0,000;0,000;96,250;190,250
03.09.2025 02:45;03.09.2025 03:00;0,000;0,000;96,250;190,250
03.09.2025 03:00;03.09.2025 03:15;0,000;0,000;97,250;202,000
03.09.2025 03:15;03.09.2025 03:30;0,000;0,000;97,250;202,000
03.09.2025 03:30;03.09.2025 03:45;0,000;0,000;97,250;202,000
03.09.2025 03:45;03.09.2025 04:00;0,000;0,000;97,250;202,000
03.09.2025 04:00;03.09.2025 04:15;0,000;0,000;103,250;189,000
03.09.2025 04:15;03.09.2025 04:30;0,000;0,000;103,250;189,000
03.09.2025 04:30;03.09.2025 04:45;0,000;0,000;103,250;189,000
03.09.2025 04:45;03.09.2025 05:00;0,000;0,000;103,250;189,000
03.09.2025 05:00;03.09.2025 05:15;0,000;0,000;105,750;187,750
03.09.2025 05:15;03.09.2025 05:30;0,000;0,000;105,750;187,750
03.09.2025 05:30;03.09.2025 05:45;0,000;0,000;105,750;187,750
03.09.2025 05:45;03.09.2025 06:00;0,000;0,000;105,750;187,750
03.09.2025 06:00;03.09.2025 06:15;0,000;0,000;91,750;162,500
03.09.2025 06:15;03.09.2025 06:30;0,000;0,000;91,750;162,500
03.09.2025 06:30;03.09.2025 06:45;0,000;0,000;91,750;162,500
03.09.2025 06:45;03.09.2025 07:00;0,000;0,000;91,750;162,500
03.09.2025 07:00;03.09.2025 07:15;0,000;0,000;83,750;171,500
03.09.2025 07:15;03.09.2025 07:30;0,000;0,000;83,750;171,500
03.09.2025 07:30;03.09.2025 07:45;0,000;0,000;83,750;171,500
03.09.2025 07:45;03.09.2025 08:00;0,000;0,000;83,750;171,500
03.09.2025 08:00;03.09.2025 08:15;0,000;0,000;84,000;162,500
03.09.2025 08:15;03.09.2025 08:30;0,000;0,000;84,000;162,500
03.09.2025 08:30;03.09.2025 08:45;0,000;0,000;84,000;162,500
03.09.2025 08:45;03.09.2025 09:00;0,000;0,000;84,000;162,500
03.09.2025 09:00;03.09.2025 09:15;0,000;0,000;88,000;131,000
03.09.2025 09:15;03.09.2025 09:30;0,000;0,000;88,000;131,000
03.09.2025 09:30;03.09.2025 09:45;0,000;0,000;88,000;131,000
03.09.2025 09:45;03.09.2025 10:00;0,000;0,000;88,000;131,000
03.09.2025 10:00;03.09.2025 10:15;0,000;0,000;75,500;130,750
03.09.2025 10:15;03.09.2025 10:30;0,000;0,000;75,500;130,750
03.09.2025 10:30;03.09.2025 10:45;0,000;0,000;75,500;130,750
03.09.2025 10:45;03.09.2025 11:00;0,000;0,000;75,500;130,750
03.09.2025 11:00;03.09.2025 11:15;0,000;0,000;70,250;133,500
03.09.2025 11:15;03.09.2025 11:30;0,000;0,000;70,250;133,500
03.09.2025 11:30;03.09.2025 11:45;0,000;0,000;70,250;133,500
03.09.2025 11:45;03.09.2025 12:00;0,000;0,000;70,250;133,500
03.09.2025 12:00;03.09.2025 12:15;0,000;0,000;70,250;131,500
03.09.2025 12:15;03.09.2025 12:30;0,000;0,000;70,250;131,500
03.09.2025 12:30;03.09.2025 12:45;0,000;0,000;70,250;131,500
03.09.2025 12:45;03.09.2025 13:00;0,000;0,000;70,250;131,500
03.09.2025 13:00;03.09.2025 13:15;0,000;0,000;71,000;130,750
03.09.2025 13:15;03.09.2025 13:30;0,000;0,000;71,000;130,750
03.09.2025 13:30;03.09.2025 13:45;0,000;0,000;71,000;130,750
03.09.2025 13:45;03.09.2025 14:00;0,000;0,000;71,000;130,750
03.09.2025 14:00;03.09.2025 14:15;0,000;0,000;72,000;131,000
03.09.2025 14:15;03.09.2025 14:30;0,000;0,000;72,000;131,000
03.09.2025 14:30;03.09.2025 14:45;0,000;0,000;72,000;131,000
03.09.2025 14:45;03.09.2025 15:00;0,000;0,000;72,000;131,000
03.09.2025 15:00;03.09.2025 15:15;0,000;0,000;70,500;131,250
03.09.2025 15:15;03.09.2025 15:30;0,000;0,000;70,500;131,250
03.09.2025 15:30;03.09.2025 15:45;0,000;0,000;70,500;131,250
03.09.2025 15:45;03.09.2025 16:00;0,000;0,000;70,500;131,250
03.09.2025 16:00;03.09.2025 16:15;0,000;0,000;69,000;142,500
03.09.2025 16:15;03.09.2025 16:30;0,000;0,000;69,000;142,500
03.09.2025 16:30;03.09.2025 16:45;0,000;0,000;69,000;142,500
03.09.2025 16:45;03.09.2025 17:00;0,000;0,000;69,000;142,500
03.09.2025 17:00;03.09.2025 17:15;0,000;0,000;79,250;152,000
03.09.2025 17:15;03.09.2025 17:30;0,000;0,000;79,250;152,000
03.09.2025 17:30;03.09.2025 17:45;0,000;0,000;79,250;152,000
03.09.2025 17:45;03.09.2025 18:00;0,000;0,000;79,250;152,000
03.09.2025 18:00;03.09.2025 18:15;0,000;0,000;96,500;182,000
03.09.2025 18:15;03.09.2025 18:30;0,000;0,000;96,500;182,000
03.09.2025 18:30;03.09.2025 18:45;0,000;0,000;96,500;182,000
03.09.2025 18:45;03.09.2025 19:00;0,000;0,000;96,500;182,000
03.09.2025 19:00;03.09.2025 19:15;0,000;0,000;103,250;183,500
03.09.2025 19:15;03.09.2025 19:30;0,000;0,000;103,250;183,500
03.09.2025 19:30;03.09.2025 19:45;0,000;0,000;103,250;183,500
03.09.2025 19:45;03.09.2025 20:00;0,000;0,000;103,250;183,500
03.09.2025 20:00;03.09.2025 20:15;0,000;0,000;105,750;189,500
03.09.2025 20:15;03.09.2025 20:30;0,000;0,000;105,750;189,500
03.09.2025 20:30;03.09.2025 20:45;0,000;0,000;105,750;189,500
03.09.2025 20:45;03.09.2025 21:00;0,000;0,000;105,750;189,500
03.09.2025 21:00;03.09.2025 21:15;0,000;0,000;102,250;178,500
03.09.2025 21:15;03.09.2025 21:30;0,000;0,000;102,250;178,500
03.09.2025 21:30;03.09.2025 21:45;0,000;0,000;102,250;178,500
03.09.2025 21:45;03.09.2025 22:00;0,000;0,000;102,250;178,500
03.09.2025 22:00;03.09.2025 22:15;0,000;0,000;83,500;135,000
03.09.2025 22:15;03.09.2025 22:30;0,000;0,000;83,500;135,000
03.09.2025 22:30;03.09.2025 22:45;0,000;0,000;83,500;135,000
03.09.2025 22:45;03.09.2025 23:00;0,000;0,000;83,500;135,000
03.09.2025 23:00;03.09.2025 23:15;-;-;-;-
03.09.2025 23:15;03.09.2025 23:30;-;-;-;-
03.09.2025 23:30;03.09.2025 23:45;-;-;-;-
03.09.2025 23:45;04.09.2025 00:00;-;-;-;-
04.09.2025 00:00;04.09.2025 00:15;-;-;-;-
04.09.2025 00:15;04.09.2025 00:30;-;-;-;-
04.09.2025 00:30;04.09.2025 00:45;-;-;-;-
04.09.2025 00:45;04.09.2025 01:00;-;-;-;-
04.09.2025 01:00;04.09.2025 01:15;-;-;-;-
04.09.2025 01:15;04.09.2025 01:30;-;-;-;-
04.09.2025 01:30;04.09.2025 01:45;-;-;-;-
04.09.2025 01:45;04.09.2025 02:00;-;-;-;-
04.09.2025 02:00;04.09.2025 02:15;-;-;-;-
04.09.2025 02:15;04.09.2025 02:30;-;-;-;-
04.09.2025 02:30;04.09.2025 02:45;-;-;-;-
04.09.2025 02:45;04.09.2025 03:00;-;-;-;-
04.09.2025 03:00;04.09.2025 03:15;-;-;-;-
04.09.2025 03:15;04.09.2025 03:30;-;-;-;-
04.09.2025 03:30;04.09.2025 03:45;-;-;-;-
04.09.2025 03:45;04.09.2025 04:00;-;-;-;-
04.09.2025 04:00;04.09.2025 04:15;-;-;-;-
04.09.2025 04:15;04.09.2025 04:30;-;-;-;-
04.09.2025 04:30;04.09.2025 04:45;-;-;-;-
04.09.2025 04:45;04.09.2025 05:00;-;-;-;-
04.09.2025 05:00;04.09.2025 05:15;-;-;-;-
04.09.2025 05:15;04.09.2025 05:30;-;-;-;-
04.09.2025 05:30;04.09.2025 05:45;-;-;-;-
04.09.2025 05:45;04.09.2025 06:00;-;-;-;-
04.09.2025 06:00;04.09.2025 06:15;-;-;-;-
04.09.2025 06:15;04.09.2025 06:30;-;-;-;-
04.09.2025 06:30;04.09.2025 06:45;-;-;-;-
04.09.2025 06:45;04.09.2025 07:00;-;-;-;-
04.09.2025 07:00;04.09.2025 07:15;-;-;-;-
04.09.2025 07:15;04.09.2025 07:30;-;-;-;-
04.09.2025 07:30;04.09.2025 07:45;-;-;-;-
04.09.2025 07:45;04.09.2025 08:00;-;-;-;-
04.09.2025 08:00;04.09.2025 08:15;-;-;-;-
04.09.2025 08:15;04.09.2025 08:30;-;-;-;-
04.09.2025 08:30;04.09.2025 08:45;-;-;-;-
04.09.2025 08:45;04.09.2025 09:00;-;-;-;-
04.09.2025 09:00;04.09.2025 09:15;-;-;-;-
04.09.2025 09:15;04.09.2025 09:30;-;-;-;-
04.09.2025 09:30;04.09.2025 09:45;-;-;-;-
04.09.2025 09:45;04.09.2025 10:00;-;-;-;-
04.09.2025 10:00;04.09.2025 10:15;-;-;-;-
04.09.2025 10:15;04.09.2025 10:30;-;-;-;-
04.09.2025 10:30;04.09.2025 10:45;-;-;-;-
04.09.2025 10:45;04.09.2025 11:00;-;-;-;-
04.09.2025 11:00;04.09.2025 11:15;-;-;-;-
04.09.2025 11:15;04.09.2025 11:30;-;-;-;-
04.09.2025 11:30;04.09.2025 11:45;-;-;-;-
04.09.2025 11:45;04.09.2025 12:00;-;-;-;-
04.09.2025 12:00;04.09.2025 12:15;-;-;-;-
04.09.2025 12:15;04.09.2025 12:30;-;-;-;-
04.09.2025 12:30;04.09.2025 12:45;-;-;-;-
04.09.2025 12:45;04.09.2025 13:00;-;-;-;-
04.09.2025 13:00;04.09.2025 13:15;-;-;-;-
04.09.2025 13:15;04.09.2025 13:30;-;-;-;-
04.09.2025 13:30;04.09.2025 13:45;-;-;-;-
04.09.2025 13:45;04.09.2025 14:00;-;-;-;-
04.09.2025 14:00;04.09.2025 14:15;-;-;-;-
04.09.2025 14:15;04.09.2025 14:30;-;-;-;-
04.09.2025 14:30;04.09.2025 14:45;-;-;-;-
04.09.2025 14:45;04.09.2025 15:00;-;-;-;-
04.09.2025 15:00;04.09.2025 15:15;-;-;-;-
04.09.2025 15:15;04.09.2025 15:30;-;-;-;-
04.09.2025 15:30;04.09.2025 15:45;-;-;-;-
04.09.2025 15:45;04.09.2025 16:00;-;-;-;-
04.09.2025 16:00;04.09.2025 16:15;-;-;-;-
04.09.2025 16:15;04.09.2025 16:30;-;-;-;-
04.09.2025 16:30;04.09.2025 16:45;-;-;-;-
04.09.2025 16:45;04.09.2025 17:00;-;-;-;-
04.09.2025 17:00;04.09.2025 17:15;-;-;-;-
04.09.2025 17:15;04.09.2025 17:30;-;-;-;-
04.09.2025 17:30;04.09.2025 17:45;-;-;-;-
04.09.2025 17:45;04.09.2025 18:00;-;-;-;-
04.09.2025 18:00;04.09.2025 18:15;-;-;-;-
04.09.2025 18:15;04.09.2025 18:30;-;-;-;-
04.09.2025 18:30;04.09.2025 18:45;-;-;-;-
04.09.2025 18:45;04.09.2025 19:00;-;-;-;-
04.09.2025 19:00;04.09.2025 19:15;-;-;-;-
04.09.2025 19:15;04.09.2025 19:30;-;-;-;-
04.09.2025 19:30;04.09.2025 19:45;-;-;-;-
04.09.2025 19:45;04.09.2025 20:00;-;-;-;-
04.09.2025 20:00;04.09.2025 20:15;-;-;-;-
04.09.2025 20:15;04.09.2025 20:30;-;-;-;-
04.09.2025 20:30;04.09.2025 20:45;-;-;-;-
04.09.2025 20:45;04.09.2025 21:00;-;-;-;-
04.09.2025 21:00;04.09.2025 21:15;-;-;-;-
04.09.2025 21:15;04.09.2025 21:30;-;-;-;-
04.09.2025 21:30;04.09.2025 21:45;-;-;-;-
04.09.2025 21:45;04.09.2025 22:00;-;-;-;-
04.09.2025 22:00;04.09.2025 22:15;-;-;-;-
04.09.2025 22:15;04.09.2025 22:30;-;-;-;-
04.09.2025 22:30;04.09.2025 22:45;-;-;-;-
04.09.2025 22:45;04.09.2025 23:00;-;-;-;-
04.09.2025 23:00;04.09.2025 23:15;-;-;-;-
04.09.2025 23:15;04.09.2025 23:30;-;-;-;-
04.09.2025 23:30;04.09.2025 23:45;-;-;-;-
04.09.2025 23:45;05.09.2025 00:00;-;-;-;-
05.09.2025 00:00;05.09.2025 00:15;-;-;-;-
05.09.2025 00:15;05.09.2025 00:30;-;-;-;-
05.09.2025 00:30;05.09.2025 00:45;-;-;-;-
05.09.2025 00:45;05.09.2025 01:00;-;-;-;-
05.09.2025 01:00;05.09.2025 01:15;-;-;-;-
05.09.2025 01:15;05.09.2025 01:30;-;-;-;-
05.09.2025 01:30;05.09.2025 01:45;-;-;-;-
05.09.2025 01:45;05.09.2025 02:00;-;-;-;-
05.09.2025 02:00;05.09.2025 02:15;-;-;-;-
05.09.2025 02:15;05.09.2025 02:30;-;-;-;-
05.09.2025 02:30;05.09.2025 02:45;-;-;-;-
05.09.2025 02:45;05.09.2025 03:00;-;-;-;-
05.09.2025 03:00;05.09.2025 03:15;-;-;-;-
05.09.2025 03:15;05.09.2025 03:30;-;-;-;-
05.09.2025 03:30;05.09.2025 03:45;-;-;-;-
05.09.2025 03:45;05.09.2025 04:00;-;-;-;-
05.09.2025 04:00;05.09.2025 04:15;-;-;-;-
05.09.2025 04:15;05.09.2025 04:30;-;-;-;-
05.09.2025 04:30;05.09.2025 04:45;-;-;-;-
05.09.2025 04:45;05.09.2025 05:00;-;-;-;-
05.09.2025 05:00;05.09.2025 05:15;-;-;-;-
05.09.2025 05:15;05.09.2025 05:30;-;-;-;-
05.09.2025 05:30;05.09.2025 05:45;-;-;-;-
05.09.2025 05:45;05.09.2025 06:00;-;-;-;-
05.09.2025 06:00;05.09.2025 06:15;-;-;-;-
05.09.2025 06:15;05.09.2025 06:30;-;-;-;-
05.09.2025 06:30;05.09.2025 06:45;-;-;-;-
05.09.2025 06:45;05.09.2025 07:00;-;-;-;-
05.09.2025 07:00;05.09.2025 07:15;-;-;-;-
05.09.2025 07:15;05.09.2025 07:30;-;-;-;-
05.09.2025 07:30;05.09.2025 07:45;-;-;-;-
05.09.2025 07:45;05.09.2025 08:00;-;-;-;-
05.09.2025 08:00;05.09.2025 08:15;-;-;-;-
05.09.2025 08:15;05.09.2025 08:30;-;-;-;-
05.09.2025 08:30;05.09.2025 08:45;-;-;-;-
05.09.2025 08:45;05.09.2025 09:00;-;-;-;-
05.09.2025 09:00;05.09.2025 09:15;-;-;-;-
05.09.2025 09:15;05.09.2025 09:30;-;-;-;-
05.09.2025 09:30;05.09.2025 09:45;-;-;-;-
05.09.2025 09:45;05.09.2025 10:00;-;-;-;-
05.09.2025 10:00;05.09.2025 10:15;-;-;-;-
05.09.2025 10:15;05.09.2025 10:30;-;-;-;-
05.09.2025 10:30;05.09.2025 10:45;-;-;-;-
05.09.2025 10:45;05.09.2025 11:00;-;-;-;-
05.09.2025 11:00;05.09.2025 11:15;-;-;-;-
05.09.2025 11:15;05.09.2025 11:30;-;-;-;-
05.09.2025 11:30;05.09.2025 11:45;-;-;-;-
05.09.2025 11:45;05.09.2025 12:00;-;-;-;-
05.09.2025 12:00;05.09.2025 12:15;-;-;-;-
05.09.2025 12:15;05.09.2025 12:30;-;-;-;-
05.09.2025 12:30;05.09.2025 12:45;-;-;-;-
05.09.2025 12:45;05.09.2025 13:00;-;-;-;-
05.09.2025 13:00;05.09.2025 13:15;-;-;-;-
05.09.2025 13:15;05.09.2025 13:30;-;-;-;-
05.09.2025 13:30;05.09.2025 13:45;-;-;-;-
05.09.2025 13:45;05.09.2025 14:00;-;-;-;-
05.09.2025 14:00;05.09.2025 14:15;-;-;-;-
05.09.2025 14:15;05.09.2025 14:30;-;-;-;-
05.09.2025 14:30;05.09.2025 14:45;-;-;-;-
05.09.2025 14:45;05.09.2025 15:00;-;-;-;-
05.09.2025 15:00;05.09.2025 15:15;-;-;-;-
05.09.2025 15:15;05.09.2025 15:30;-;-;-;-
05.09.2025 15:30;05.09.2025 15:45;-;-;-;-
05.09.2025 15:45;05.09.2025 16:00;-;-;-;-
05.09.2025 16:00;05.09.2025 16:15;-;-;-;-
05.09.2025 16:15;05.09.2025 16:30;-;-;-;-
05.09.2025 16:30;05.09.2025 16:45;-;-;-;-
05.09.2025 16:45;05.09.2025 17:00;-;-;-;-
05.09.2025 17:00;05.09.2025 17:15;-;-;-;-
05.09.2025 17:15;05.09.2025 17:30;-;-;-;-
05.09.2025 17:30;05.09.2025 17:45;-;-;-;-
05.09.2025 17:45;05.09.2025 18:00;-;-;-;-
05.09.2025 18:00;05.09.2025 18:15;-;-;-;-
05.09.2025 18:15;05.09.2025 18:30;-;-;-;-
05.09.2025 18:30;05.09.2025 18:45;-;-;-;-
05.09.2025 18:45;05.09.2025 19:00;-;-;-;-
05.09.2025 19:00;05.09.2025 19:15;-;-;-;-
05.09.2025 19:15;05.09.2025 19:30;-;-;-;-
05.09.2025 19:30;05.09.2025 19:45;-;-;-;-
05.09.2025 19:45;05.09.2025 20:00;-;-;-;-
05.09.2025 20:00;05.09.2025 20:15;-;-;-;-
05.09.2025 20:15;05.09.2025 20:30;-;-;-;-
05.09.2025 20:30;05.09.2025 20:45;-;-;-;-
05.09.2025 20:45;05.09.2025 21:00;-;-;-;-
05.09.2025 21:00;05.09.2025 21:15;-;-;-;-
05.09.2025 21:15;05.09.2025 21:30;-;-;-;-
05.09.2025 21:30;05.09.2025 21:45;-;-;-;-
05.09.2025 21:45;05.09.2025 22:00;-;-;-;-
05.09.2025 22:00;05.09.2025 22:15;-;-;-;-
05.09.2025 22:15;05.09.2025 22:30;-;-;-;-
05.09.2025 22:30;05.09.2025 22:45;-;-;-;-
05.09.2025 22:45;05.09.2025 23:00;-;-;-;-
05.09.2025 23:00;05.09.2025 23:15;-;-;-;-
05.09.2025 23:15;05.09.2025 23:30;-;-;-;-
05.09.2025 23:30;05.09.2025 23:45;-;-;-;-
05.09.2025 23:45;06.09.2025 00:00;-;-;-;-
