Datum von;Datum bis;Generation_DE Block B [MW] Berechnete Auflösungen;Generation_DE Block A [MW] Berechnete Auflösungen;Generation_DE Block C [MW] Berechnete Auflösungen;Generation_DE Block D [MW] Berechnete Auflösungen;Generation_DE Block E [MW] Berechnete Auflösungen;Generation_DE Bock F [MW] Berechnete Auflösungen
26.08.2025 00:00;26.08.2025 00:15;0,000;0,000;0,000;0,000;0,000;0,000
26.08.2025 00:15;26.08.2025 00:30;0,000;0,000;0,000;0,000;0,000;0,000
26.08.2025 00:30;26.08.2025 00:45;0,000;0,000;0,000;0,000;0,000;0,000
26.08.2025 00:45;26.08.2025 01:00;0,000;0,000;0,000;0,000;0,000;0,000
26.08.2025 01:00;26.08.2025 01:15;0,000;0,000;0,000;0,000;0,000;0,000
26.08.2025 01:15;26.08.2025 01:30;0,000;0,000;0,000;0,000;0,000;0,000
26.08.2025 01:30;26.08.2025 01:45;0,000;0,000;0,000;0,000;0,000;0,000
26.08.2025 01:45;26.08.2025 02:00;0,000;0,000;0,000;0,000;0,000;0,000
26.08.2025 02:00;26.08.2025 02:15;0,000;0,000;0,000;0,000;0,000;0,000
26.08.2025 02:15;26.08.2025 02:30;0,000;0,000;0,000;0,000;0,000;0,000
26.08.2025 02:30;26.08.2025 02:45;0,000;0,000;0,000;0,000;0,000;0,000
26.08.2025 02:45;26.08.2025 03:00;0,000;0,000;0,000;0,000;0,000;0,000
26.08.2025 03:00;26.08.2025 03:15;0,000;0,000;0,000;0,000;0,000;0,000
26.08.2025 03:15;26.08.2025 03:30;0,000;0,000;0,000;0,000;0,000;0,000
26.08.2025 03:30;26.08.2025 03:45;0,000;0,000;0,000;0,000;0,000;0,000
26.08.2025 03:45;26.08.2025 04:00;0,000;0,000;0,000;0,000;0,000;0,000
26.08.2025 04:00;26.08.2025 04:15;27,500;0,000;0,000;0,000;0,000;0,000
26.08.2025 04:15;26.08.2025 04:30;27,500;0,000;0,000;0,000;0,000;0,000
26.08.2025 04:30;26.08.2025 04:45;27,500;0,000;0,000;0,000;0,000;0,000
26.08.2025 04:45;26.08.2025 05:00;27,500;0,000;0,000;0,000;0,000;0,000
26.08.2025 05:00;26.08.2025 05:15;28,250;0,000;0,000;0,000;0,000;0,000
26.08.2025 05:15;26.08.2025 05:30;28,250;0,000;0,000;0,000;0,000;0,000
26.08.2025 05:30;26.08.2025 05:45;28,250;0,000;0,000;0,000;0,000;0,000
26.08.2025 05:45;26.08.2025 06:00;28,250;0,000;0,000;0,000;0,000;0,000
26.08.2025 06:00;26.08.2025 06:15;29,750;0,000;0,000;25,250;0,000;15,750
26.08.2025 06:15;26.08.2025 06:30;29,750;0,000;0,000;25,250;0,000;15,750
26.08.2025 06:30;26.08.2025 06:45;29,750;0,000;0,000;25,250;0,000;15,750
26.08.2025 06:45;26.08.2025 07:00;29,750;0,000;0,000;25,250;0,000;15,750
26.08.2025 07:00;26.08.2025 07:15;27,250;0,000;0,000;31,750;0,000;25,250
26.08.2025 07:15;26.08.2025 07:30;27,250;0,000;0,000;31,750;0,000;25,250
26.08.2025 07:30;26.08.2025 07:45;27,250;0,000;0,000;31,750;0,000;25,250
26.08.2025 07:45;26.08.2025 08:00;27,250;0,000;0,000;31,750;0,000;25,250
26.08.2025 08:00;26.08.2025 08:15;20,250;0,000;0,000;8,750;0,000;0,000
26.08.2025 08:15;26.08.2025 08:30;20,250;0,000;0,000;8,750;0,000;0,000
26.08.2025 08:30;26.08.2025 08:45;20,250;0,000;0,000;8,750;0,000;0,000
26.08.2025 08:45;26.08.2025 09:00;20,250;0,000;0,000;8,750;0,000;0,000
26.08.2025 09:00;26.08.2025 09:15;26,750;0,000;0,000;0,000;0,000;0,000
26.08.2025 09:15;26.08.2025 09:30;26,750;0,000;0,000;0,000;0,000;0,000
26.08.2025 09:30;26.08.2025 09:45;26,750;0,000;0,000;0,000;0,000;0,000
26.08.2025 09:45;26.08.2025 10:00;26,750;0,000;0,000;0,000;0,000;0,000
26.08.2025 10:00;26.08.2025 10:15;19,000;0,000;0,000;0,000;0,000;0,000
26.08.2025 10:15;26.08.2025 10:30;19,000;0,000;0,000;0,000;0,000;0,000
26.08.2025 10:30;26.08.2025 10:45;19,000;0,000;0,000;0,000;0,000;0,000
26.08.2025 10:45;26.08.2025 11:00;19,000;0,000;0,000;0,000;0,000;0,000
26.08.2025 11:00;26.08.2025 11:15;20,500;0,000;0,000;0,000;0,000;0,000
26.08.2025 11:15;26.08.2025 11:30;20,500;0,000;0,000;0,000;0,000;0,000
26.08.2025 11:30;26.08.2025 11:45;20,500;0,000;0,000;0,000;0,000;0,000
26.08.2025 11:45;26.08.2025 12:00;20,500;0,000;0,000;0,000;0,000;0,000
26.08.2025 12:00;26.08.2025 12:15;12,500;0,000;0,000;0,000;0,000;0,000
26.08.2025 12:15;26.08.2025 12:30;12,500;0,000;0,000;0,000;0,000;0,000
26.08.2025 12:30;26.08.2025 12:45;12,500;0,000;0,000;0,000;0,000;0,000
26.08.2025 12:45;26.08.2025 13:00;12,500;0,000;0,000;0,000;0,000;0,000
26.08.2025 13:00;26.08.2025 13:15;14,000;0,000;0,000;0,000;0,000;0,000
26.08.2025 13:15;26.08.2025 13:30;14,000;0,000;0,000;0,000;0,000;0,000
26.08.2025 13:30;26.08.2025 13:45;14,000;0,000;0,000;0,000;0,000;0,000
26.08.2025 13:45;26.08.2025 14:00;14,000;0,000;0,000;0,000;0,000;0,000
26.08.2025 14:00;26.08.2025 14:15;16,000;0,000;0,000;0,000;0,000;0,000
26.08.2025 14:15;26.08.2025 14:30;16,000;0,000;0,000;0,000;0,000;0,000
26.08.2025 14:30;26.08.2025 14:45;16,000;0,000;0,000;0,000;0,000;0,000
26.08.2025 14:45;26.08.2025 15:00;16,000;0,000;0,000;0,000;0,000;0,000
26.08.2025 15:00;26.08.2025 15:15;20,000;0,000;0,000;0,000;0,000;0,000
26.08.2025 15:15;26.08.2025 15:30;20,000;0,000;0,000;0,000;0,000;0,000
26.08.2025 15:30;26.08.2025 15:45;20,000;0,000;0,000;0,000;0,000;0,000
26.08.2025 15:45;26.08.2025 16:00;20,000;0,000;0,000;0,000;0,000;0,000
26.08.2025 16:00;26.08.2025 16:15;20,750;0,000;0,000;0,000;0,000;0,000
26.08.2025 16:15;26.08.2025 16:30;20,750;0,000;0,000;0,000;0,000;0,000
26.08.2025 16:30;26.08.2025 16:45;20,750;0,000;0,000;0,000;0,000;0,000
26.08.2025 16:45;26.08.2025 17:00;20,750;0,000;0,000;0,000;0,000;0,000
26.08.2025 17:00;26.08.2025 17:15;29,500;0,000;0,000;7,250;0,000;0,000
26.08.2025 17:15;26.08.2025 17:30;29,500;0,000;0,000;7,250;0,000;0,000
26.08.2025 17:30;26.08.2025 17:45;29,500;0,000;0,000;7,250;0,000;0,000
26.08.2025 17:45;26.08.2025 18:00;29,500;0,000;0,000;7,250;0,000;0,000
26.08.2025 18:00;26.08.2025 18:15;36,500;0,000;0,000;21,000;21,250;21,000
26.08.2025 18:15;26.08.2025 18:30;36,500;0,000;0,000;21,000;21,250;21,000
26.08.2025 18:30;26.08.2025 18:45;36,500;0,000;0,000;21,000;21,250;21,000
26.08.2025 18:45;26.08.2025 19:00;36,500;0,000;0,000;21,000;21,250;21,000
26.08.2025 19:00;26.08.2025 19:15;39,250;0,000;0,000;41,250;41,250;41,250
26.08.2025 19:15;26.08.2025 19:30;39,250;0,000;0,000;41,250;41,250;41,250
26.08.2025 19:30;26.08.2025 19:45;39,250;0,000;0,000;41,250;41,250;41,250
26.08.2025 19:45;26.08.2025 20:00;39,250;0,000;0,000;41,250;41,250;41,250
26.08.2025 20:00;26.08.2025 20:15;30,250;0,000;0,000;40,000;40,250;40,000
26.08.2025 20:15;26.08.2025 20:30;30,250;0,000;0,000;40,000;40,250;40,000
26.08.2025 20:30;26.08.2025 20:45;30,250;0,000;0,000;40,000;40,250;40,000
26.08.2025 20:45;26.08.2025 21:00;30,250;0,000;0,000;40,000;40,250;40,000
26.08.2025 21:00;26.08.2025 21:15;24,500;0,000;0,000;34,250;28,000;35,500
26.08.2025 21:15;26.08.2025 21:30;24,500;0,000;0,000;34,250;28,000;35,500
26.08.2025 21:30;26.08.2025 21:45;24,500;0,000;0,000;34,250;28,000;35,500
26.08.2025 21:45;26.08.2025 22:00;24,500;0,000;0,000;34,250;28,000;35,500
26.08.2025 22:00;26.08.2025 22:15;26,250;0,000;0,000;19,250;0,000;16,000
26.08.2025 22:15;26.08.2025 22:30;26,250;0,000;0,000;19,250;0,000;16,000
26.08.2025 22:30;26.08.2025 22:45;26,250;0,000;0,000;19,250;0,000;16,000
26.08.2025 22:45;26.08.2025 23:00;26,250;0,000;0,000;19,250;0,000;16,000
26.08.2025 23:00;26.08.2025 23:15;27,000;0,000;0,000;0,000;0,000;0,000
26.08.2025 23:15;26.08.2025 23:30;27,000;0,000;0,000;0,000;0,000;0,000
26.08.2025 23:30;26.08.2025 23:45;27,000;0,000;0,000;0,000;0,000;0,000
26.08.2025 23:45;27.08.2025 00:00;27,000;0,000;0,000;0,000;0,000;0,000
27.08.2025 00:00;27.08.2025 00:15;0,000;0,000;0,000;0,000;0,000;0,000
27.08.2025 00:15;27.08.2025 00:30;0,000;0,000;0,000;0,000;0,000;0,000
27.08.2025 00:30;27.08.2025 00:45;0,000;0,000;0,000;0,000;0,000;0,000
27.08.2025 00:45;27.08.2025 01:00;0,000;0,000;0,000;0,000;0,000;0,000
27.08.2025 01:00;27.08.2025 01:15;0,000;0,000;0,000;0,000;0,000;0,000
27.08.2025 01:15;27.08.2025 01:30;0,000;0,000;0,000;0,000;0,000;0,000
27.08.2025 01:30;27.08.2025 01:45;0,000;0,000;0,000;0,000;0,000;0,000
27.08.2025 01:45;27.08.2025 02:00;0,000;0,000;0,000;0,000;0,000;0,000
27.08.2025 02:00;27.08.2025 02:15;0,000;0,000;0,000;0,000;0,000;0,000
27.08.2025 02:15;27.08.2025 02:30;0,000;0,000;0,000;0,000;0,000;0,000
27.08.2025 02:30;27.08.2025 02:45;0,000;0,000;0,000;0,000;0,000;0,000
27.08.2025 02:45;27.08.2025 03:00;0,000;0,000;0,000;0,000;0,000;0,000
27.08.2025 03:00;27.08.2025 03:15;0,000;0,000;0,000;0,000;0,000;0,000
27.08.2025 03:15;27.08.2025 03:30;0,000;0,000;0,000;0,000;0,000;0,000
27.08.2025 03:30;27.08.2025 03:45;0,000;0,000;0,000;0,000;0,000;0,000
27.08.2025 03:45;27.08.2025 04:00;0,000;0,000;0,000;0,000;0,000;0,000
27.08.2025 04:00;27.08.2025 04:15;0,000;0,000;0,000;0,000;0,000;0,000
27.08.2025 04:15;27.08.2025 04:30;0,000;0,000;0,000;0,000;0,000;0,000
27.08.2025 04:30;27.08.2025 04:45;0,000;0,000;0,000;0,000;0,000;0,000
27.08.2025 04:45;27.08.2025 05:00;0,000;0,000;0,000;0,000;0,000;0,000
27.08.2025 05:00;27.08.2025 05:15;0,000;0,000;0,000;0,000;0,000;0,000
27.08.2025 05:15;27.08.2025 05:30;0,000;0,000;0,000;0,000;0,000;0,000
27.08.2025 05:30;27.08.2025 05:45;0,000;0,000;0,000;0,000;0,000;0,000
27.08.2025 05:45;27.08.2025 06:00;0,000;0,000;0,000;0,000;0,000;0,000
27.08.2025 06:00;27.08.2025 06:15;19,750;0,000;0,000;6,250;0,000;0,000
27.08.2025 06:15;27.08.2025 06:30;19,750;0,000;0,000;6,250;0,000;0,000
27.08.2025 06:30;27.08.2025 06:45;19,750;0,000;0,000;6,250;0,000;0,000
27.08.2025 06:45;27.08.2025 07:00;19,750;0,000;0,000;6,250;0,000;0,000
27.08.2025 07:00;27.08.2025 07:15;38,750;0,000;0,000;33,250;28,500;31,750
27.08.2025 07:15;27.08.2025 07:30;38,750;0,000;0,000;33,250;28,500;31,750
27.08.2025 07:30;27.08.2025 07:45;38,750;0,000;0,000;33,250;28,500;31,750
27.08.2025 07:45;27.08.2025 08:00;38,750;0,000;0,000;33,250;28,500;31,750
27.08.2025 08:00;27.08.2025 08:15;28,500;0,000;0,000;29,000;27,750;29,000
27.08.2025 08:15;27.08.2025 08:30;28,500;0,000;0,000;29,000;27,750;29,000
27.08.2025 08:30;27.08.2025 08:45;28,500;0,000;0,000;29,000;27,750;29,000
27.08.2025 08:45;27.08.2025 09:00;28,500;0,000;0,000;29,000;27,750;29,000
27.08.2025 09:00;27.08.2025 09:15;21,000;0,000;0,000;9,750;0,000;9,750
27.08.2025 09:15;27.08.2025 09:30;21,000;0,000;0,000;9,750;0,000;9,750
27.08.2025 09:30;27.08.2025 09:45;21,000;0,000;0,000;9,750;0,000;9,750
27.08.2025 09:45;27.08.2025 10:00;21,000;0,000;0,000;9,750;0,000;9,750
27.08.2025 10:00;27.08.2025 10:15;18,750;0,000;0,000;0,000;0,000;0,000
27.08.2025 10:15;27.08.2025 10:30;18,750;0,000;0,000;0,000;0,000;0,000
27.08.2025 10:30;27.08.2025 10:45;18,750;0,000;0,000;0,000;0,000;0,000
27.08.2025 10:45;27.08.2025 11:00;18,750;0,000;0,000;0,000;0,000;0,000
27.08.2025 11:00;27.08.2025 11:15;24,000;0,000;0,000;0,000;0,000;0,000
27.08.2025 11:15;27.08.2025 11:30;24,000;0,000;0,000;0,000;0,000;0,000
27.08.2025 11:30;27.08.2025 11:45;24,000;0,000;0,000;0,000;0,000;0,000
27.08.2025 11:45;27.08.2025 12:00;24,000;0,000;0,000;0,000;0,000;0,000
27.08.2025 12:00;27.08.2025 12:15;0,000;0,000;0,000;0,000;0,000;0,000
27.08.2025 12:15;27.08.2025 12:30;0,000;0,000;0,000;0,000;0,000;0,000
27.08.2025 12:30;27.08.2025 12:45;0,000;0,000;0,000;0,000;0,000;0,000
27.08.2025 12:45;27.08.2025 13:00;0,000;0,000;0,000;0,000;0,000;0,000
27.08.2025 13:00;27.08.2025 13:15;0,000;0,000;0,000;0,000;0,000;0,000
27.08.2025 13:15;27.08.2025 13:30;0,000;0,000;0,000;0,000;0,000;0,000
27.08.2025 13:30;27.08.2025 13:45;0,000;0,000;0,000;0,000;0,000;0,000
27.08.2025 13:45;27.08.2025 14:00;0,000;0,000;0,000;0,000;0,000;0,000
27.08.2025 14:00;27.08.2025 14:15;0,000;0,000;0,000;0,000;0,000;0,000
27.08.2025 14:15;27.08.2025 14:30;0,000;0,000;0,000;0,000;0,000;0,000
27.08.2025 14:30;27.08.2025 14:45;0,000;0,000;0,000;0,000;0,000;0,000
27.08.2025 14:45;27.08.2025 15:00;0,000;0,000;0,000;0,000;0,000;0,000
27.08.2025 15:00;27.08.2025 15:15;0,250;0,000;0,000;0,000;0,000;0,000
27.08.2025 15:15;27.08.2025 15:30;0,250;0,000;0,000;0,000;0,000;0,000
27.08.2025 15:30;27.08.2025 15:45;0,250;0,000;0,000;0,000;0,000;0,000
27.08.2025 15:45;27.08.2025 16:00;0,250;0,000;0,000;0,000;0,000;0,000
27.08.2025 16:00;27.08.2025 16:15;30,250;0,000;0,000;0,000;0,000;0,000
27.08.2025 16:15;27.08.2025 16:30;30,250;0,000;0,000;0,000;0,000;0,000
27.08.2025 16:30;27.08.2025 16:45;30,250;0,000;0,000;0,000;0,000;0,000
27.08.2025 16:45;27.08.2025 17:00;30,250;0,000;0,000;0,000;0,000;0,000
27.08.2025 17:00;27.08.2025 17:15;29,000;0,000;0,000;0,000;0,000;0,000
27.08.2025 17:15;27.08.2025 17:30;29,000;0,000;0,000;0,000;0,000;0,000
27.08.2025 17:30;27.08.2025 17:45;29,000;0,000;0,000;0,000;0,000;0,000
27.08.2025 17:45;27.08.2025 18:00;29,000;0,000;0,000;0,000;0,000;0,000
27.08.2025 18:00;27.08.2025 18:15;35,500;0,000;0,000;20,750;18,750;21,500
27.08.2025 18:15;27.08.2025 18:30;35,500;0,000;0,000;20,750;18,750;21,500
27.08.2025 18:30;27.08.2025 18:45;35,500;0,000;0,000;20,750;18,750;21,500
27.08.2025 18:45;27.08.2025 19:00;35,500;0,000;0,000;20,750;18,750;21,500
27.08.2025 19:00;27.08.2025 19:15;30,250;0,000;0,000;42,500;42,000;42,500
27.08.2025 19:15;27.08.2025 19:30;30,250;0,000;0,000;42,500;42,000;42,500
27.08.2025 19:30;27.08.2025 19:45;30,250;0,000;0,000;42,500;42,000;42,500
27.08.2025 19:45;27.08.2025 20:00;30,250;0,000;0,000;42,500;42,000;42,500
27.08.2025 20:00;27.08.2025 20:15;32,000;0,000;0,000;41,500;37,500;41,500
27.08.2025 20:15;27.08.2025 20:30;32,000;0,000;0,000;41,500;37,500;41,500
27.08.2025 20:30;27.08.2025 20:45;32,000;0,000;0,000;41,500;37,500;41,500
27.08.2025 20:45;27.08.2025 21:00;32,000;0,000;0,000;41,500;37,500;41,500
27.08.2025 21:00;27.08.2025 21:15;27,000;0,000;0,000;37,000;20,500;27,250
27.08.2025 21:15;27.08.2025 21:30;27,000;0,000;0,000;37,000;20,500;27,250
27.08.2025 21:30;27.08.2025 21:45;27,000;0,000;0,000;37,000;20,500;27,250
27.08.2025 21:45;27.08.2025 22:00;27,000;0,000;0,000;37,000;20,500;27,250
27.08.2025 22:00;27.08.2025 22:15;21,750;0,000;0,000;0,000;0,000;0,000
27.08.2025 22:15;27.08.2025 22:30;21,750;0,000;0,000;0,000;0,000;0,000
27.08.2025 22:30;27.08.2025 22:45;21,750;0,000;0,000;0,000;0,000;0,000
27.08.2025 22:45;27.08.2025 23:00;21,750;0,000;0,000;0,000;0,000;0,000
27.08.2025 23:00;27.08.2025 23:15;27,750;0,000;0,000;0,000;0,000;0,000
27.08.2025 23:15;27.08.2025 23:30;27,750;0,000;0,000;0,000;0,000;0,000
27.08.2025 23:30;27.08.2025 23:45;27,750;0,000;0,000;0,000;0,000;0,000
27.08.2025 23:45;28.08.2025 00:00;27,750;0,000;0,000;0,000;0,000;0,000
28.08.2025 00:00;28.08.2025 00:15;0,000;0,000;0,000;0,000;0,000;0,000
28.08.2025 00:15;28.08.2025 00:30;0,000;0,000;0,000;0,000;0,000;0,000
28.08.2025 00:30;28.08.2025 00:45;0,000;0,000;0,000;0,000;0,000;0,000
28.08.2025 00:45;28.08.2025 01:00;0,000;0,000;0,000;0,000;0,000;0,000
28.08.2025 01:00;28.08.2025 01:15;0,000;0,000;0,000;0,000;0,000;0,000
28.08.2025 01:15;28.08.2025 01:30;0,000;0,000;0,000;0,000;0,000;0,000
28.08.2025 01:30;28.08.2025 01:45;0,000;0,000;0,000;0,000;0,000;0,000
28.08.2025 01:45;28.08.2025 02:00;0,000;0,000;0,000;0,000;0,000;0,000
28.08.2025 02:00;28.08.2025 02:15;0,000;0,000;0,000;0,000;0,000;0,000
28.08.2025 02:15;28.08.2025 02:30;0,000;0,000;0,000;0,000;0,000;0,000
28.08.2025 02:30;28.08.2025 02:45;0,000;0,000;0,000;0,000;0,000;0,000
28.08.2025 02:45;28.08.2025 03:00;0,000;0,000;0,000;0,000;0,000;0,000
28.08.2025 03:00;28.08.2025 03:15;0,000;0,000;0,000;0,000;0,000;0,000
28.08.2025 03:15;28.08.2025 03:30;0,000;0,000;0,000;0,000;0,000;0,000
28.08.2025 03:30;28.08.2025 03:45;0,000;0,000;0,000;0,000;0,000;0,000
28.08.2025 03:45;28.08.2025 04:00;0,000;0,000;0,000;0,000;0,000;0,000
28.08.2025 04:00;28.08.2025 04:15;0,000;0,000;0,000;0,000;0,000;0,000
28.08.2025 04:15;28.08.2025 04:30;0,000;0,000;0,000;0,000;0,000;0,000
28.08.2025 04:30;28.08.2025 04:45;0,000;0,000;0,000;0,000;0,000;0,000
28.08.2025 04:45;28.08.2025 05:00;0,000;0,000;0,000;0,000;0,000;0,000
28.08.2025 05:00;28.08.2025 05:15;0,000;0,000;0,000;0,000;0,000;0,000
28.08.2025 05:15;28.08.2025 05:30;0,000;0,000;0,000;0,000;0,000;0,000
28.08.2025 05:30;28.08.2025 05:45;0,000;0,000;0,000;0,000;0,000;0,000
28.08.2025 05:45;28.08.2025 06:00;0,000;0,000;0,000;0,000;0,000;0,000
28.08.2025 06:00;28.08.2025 06:15;15,750;0,000;0,000;13,500;0,000;6,250
28.08.2025 06:15;28.08.2025 06:30;15,750;0,000;0,000;13,500;0,000;6,250
28.08.2025 06:30;28.08.2025 06:45;15,750;0,000;0,000;13,500;0,000;6,250
28.08.2025 06:45;28.08.2025 07:00;15,750;0,000;0,000;13,500;0,000;6,250
28.08.2025 07:00;28.08.2025 07:15;24,750;0,000;0,000;39,500;35,250;42,000
28.08.2025 07:15;28.08.2025 07:30;24,750;0,000;0,000;39,500;35,250;42,000
28.08.2025 07:30;28.08.2025 07:45;24,750;0,000;0,000;39,500;35,250;42,000
28.08.2025 07:45;28.08.2025 08:00;24,750;0,000;0,000;39,500;35,250;42,000
28.08.2025 08:00;28.08.2025 08:15;36,500;0,000;0,000;39,500;16,250;36,500
28.08.2025 08:15;28.08.2025 08:30;36,500;0,000;0,000;39,500;16,250;36,500
28.08.2025 08:30;28.08.2025 08:45;36,500;0,000;0,000;39,500;16,250;36,500
28.08.2025 08:45;28.08.2025 09:00;36,500;0,000;0,000;39,500;16,250;36,500
28.08.2025 09:00;28.08.2025 09:15;30,000;0,000;0,000;8,750;0,000;0,000
28.08.2025 09:15;28.08.2025 09:30;30,000;0,000;0,000;8,750;0,000;0,000
28.08.2025 09:30;28.08.2025 09:45;30,000;0,000;0,000;8,750;0,000;0,000
28.08.2025 09:45;28.08.2025 10:00;30,000;0,000;0,000;8,750;0,000;0,000
28.08.2025 10:00;28.08.2025 10:15;26,000;0,000;0,000;0,000;0,000;0,000
28.08.2025 10:15;28.08.2025 10:30;26,000;0,000;0,000;0,000;0,000;0,000
28.08.2025 10:30;28.08.2025 10:45;26,000;0,000;0,000;0,000;0,000;0,000
28.08.2025 10:45;28.08.2025 11:00;26,000;0,000;0,000;0,000;0,000;0,000
28.08.2025 11:00;28.08.2025 11:15;24,750;0,000;0,000;0,000;0,000;0,000
28.08.2025 11:15;28.08.2025 11:30;24,750;0,000;0,000;0,000;0,000;0,000
28.08.2025 11:30;28.08.2025 11:45;24,750;0,000;0,000;0,000;0,000;0,000
28.08.2025 11:45;28.08.2025 12:00;24,750;0,000;0,000;0,000;0,000;0,000
28.08.2025 12:00;28.08.2025 12:15;28,750;0,000;0,000;0,000;0,000;0,000
28.08.2025 12:15;28.08.2025 12:30;28,750;0,000;0,000;0,000;0,000;0,000
28.08.2025 12:30;28.08.2025 12:45;28,750;0,000;0,000;0,000;0,000;0,000
28.08.2025 12:45;28.08.2025 13:00;28,750;0,000;0,000;0,000;0,000;0,000
28.08.2025 13:00;28.08.2025 13:15;30,000;0,000;0,000;0,000;0,000;0,000
28.08.2025 13:15;28.08.2025 13:30;30,000;0,000;0,000;0,000;0,000;0,000
28.08.2025 13:30;28.08.2025 13:45;30,000;0,000;0,000;0,000;0,000;0,000
28.08.2025 13:45;28.08.2025 14:00;30,000;0,000;0,000;0,000;0,000;0,000
28.08.2025 14:00;28.08.2025 14:15;27,750;0,000;0,000;0,000;0,000;0,000
28.08.2025 14:15;28.08.2025 14:30;27,750;0,000;0,000;0,000;0,000;0,000
28.08.2025 14:30;28.08.2025 14:45;27,750;0,000;0,000;0,000;0,000;0,000
28.08.2025 14:45;28.08.2025 15:00;27,750;0,000;0,000;0,000;0,000;0,000
28.08.2025 15:00;28.08.2025 15:15;22,750;0,000;0,000;0,250;0,000;0,000
28.08.2025 15:15;28.08.2025 15:30;22,750;0,000;0,000;0,250;0,000;0,000
28.08.2025 15:30;28.08.2025 15:45;22,750;0,000;0,000;0,250;0,000;0,000
28.08.2025 15:45;28.08.2025 16:00;22,750;0,000;0,000;0,250;0,000;0,000
28.08.2025 16:00;28.08.2025 16:15;36,750;0,000;0,000;34,250;0,000;27,500
28.08.2025 16:15;28.08.2025 16:30;36,750;0,000;0,000;34,250;0,000;27,500
28.08.2025 16:30;28.08.2025 16:45;36,750;0,000;0,000;34,250;0,000;27,500
28.08.2025 16:45;28.08.2025 17:00;36,750;0,000;0,000;34,250;0,000;27,500
28.08.2025 17:00;28.08.2025 17:15;39,000;0,000;0,000;37,750;0,000;31,750
28.08.2025 17:15;28.08.2025 17:30;39,000;0,000;0,000;37,750;0,000;31,750
28.08.2025 17:30;28.08.2025 17:45;39,000;0,000;0,000;37,750;0,000;31,750
28.08.2025 17:45;28.08.2025 18:00;39,000;0,000;0,000;37,750;0,000;31,750
28.08.2025 18:00;28.08.2025 18:15;39,250;0,000;0,000;38,500;20,250;33,750
28.08.2025 18:15;28.08.2025 18:30;39,250;0,000;0,000;38,500;20,250;33,750
28.08.2025 18:30;28.08.2025 18:45;39,250;0,000;0,000;38,500;20,250;33,750
28.08.2025 18:45;28.08.2025 19:00;39,250;0,000;0,000;38,500;20,250;33,750
28.08.2025 19:00;28.08.2025 19:15;38,750;0,000;0,000;39,000;37,500;39,000
28.08.2025 19:15;28.08.2025 19:30;38,750;0,000;0,000;39,000;37,500;39,000
28.08.2025 19:30;28.08.2025 19:45;38,750;0,000;0,000;39,000;37,500;39,000
28.08.2025 19:45;28.08.2025 20:00;38,750;0,000;0,000;39,000;37,500;39,000
28.08.2025 20:00;28.08.2025 20:15;29,750;0,000;0,000;37,000;28,250;34,750
28.08.2025 20:15;28.08.2025 20:30;29,750;0,000;0,000;37,000;28,250;34,750
28.08.2025 20:30;28.08.2025 20:45;29,750;0,000;0,000;37,000;28,250;34,750
28.08.2025 20:45;28.08.2025 21:00;29,750;0,000;0,000;37,000;28,250;34,750
28.08.2025 21:00;28.08.2025 21:15;26,250;0,000;0,000;14,500;0,000;0,000
28.08.2025 21:15;28.08.2025 21:30;26,250;0,000;0,000;14,500;0,000;0,000
28.08.2025 21:30;28.08.2025 21:45;26,250;0,000;0,000;14,500;0,000;0,000
28.08.2025 21:45;28.08.2025 22:00;26,250;0,000;0,000;14,500;0,000;0,000
28.08.2025 22:00;28.08.2025 22:15;28,500;0,000;0,000;0,000;0,000;0,000
28.08.2025 22:15;28.08.2025 22:30;28,500;0,000;0,000;0,000;0,000;0,000
28.08.2025 22:30;28.08.2025 22:45;28,500;0,000;0,000;0,000;0,000;0,000
28.08.2025 22:45;28.08.2025 23:00;28,500;0,000;0,000;0,000;0,000;0,000
28.08.2025 23:00;28.08.2025 23:15;19,000;0,000;0,000;0,000;0,000;0,000
28.08.2025 23:15;28.08.2025 23:30;19,000;0,000;0,000;0,000;0,000;0,000
28.08.2025 23:30;28.08.2025 23:45;19,000;0,000;0,000;0,000;0,000;0,000
28.08.2025 23:45;29.08.2025 00:00;19,000;0,000;0,000;0,000;0,000;0,000
29.08.2025 00:00;29.08.2025 00:15;0,000;0,000;0,000;0,000;0,000;0,000
29.08.2025 00:15;29.08.2025 00:30;0,000;0,000;0,000;0,000;0,000;0,000
29.08.2025 00:30;29.08.2025 00:45;0,000;0,000;0,000;0,000;0,000;0,000
29.08.2025 00:45;29.08.2025 01:00;0,000;0,000;0,000;0,000;0,000;0,000
29.08.2025 01:00;29.08.2025 01:15;0,000;0,000;0,000;0,000;0,000;0,000
29.08.2025 01:15;29.08.2025 01:30;0,000;0,000;0,000;0,000;0,000;0,000
29.08.2025 01:30;29.08.2025 01:45;0,000;0,000;0,000;0,000;0,000;0,000
29.08.2025 01:45;29.08.2025 02:00;0,000;0,000;0,000;0,000;0,000;0,000
29.08.2025 02:00;29.08.2025 02:15;3,000;0,000;0,000;0,000;0,000;0,000
29.08.2025 02:15;29.08.2025 02:30;3,000;0,000;0,000;0,000;0,000;0,000
29.08.2025 02:30;29.08.2025 02:45;3,000;0,000;0,000;0,000;0,000;0,000
29.08.2025 02:45;29.08.2025 03:00;3,000;0,000;0,000;0,000;0,000;0,000
29.08.2025 03:00;29.08.2025 03:15;0,000;0,000;0,000;0,000;0,000;0,000
29.08.2025 03:15;29.08.2025 03:30;0,000;0,000;0,000;0,000;0,000;0,000
29.08.2025 03:30;29.08.2025 03:45;0,000;0,000;0,000;0,000;0,000;0,000
29.08.2025 03:45;29.08.2025 04:00;0,000;0,000;0,000;0,000;0,000;0,000
29.08.2025 04:00;29.08.2025 04:15;0,000;0,000;0,000;0,000;0,000;0,000
29.08.2025 04:15;29.08.2025 04:30;0,000;0,000;0,000;0,000;0,000;0,000
29.08.2025 04:30;29.08.2025 04:45;0,000;0,000;0,000;0,000;0,000;0,000
29.08.2025 04:45;29.08.2025 05:00;0,000;0,000;0,000;0,000;0,000;0,000
29.08.2025 05:00;29.08.2025 05:15;0,000;0,000;0,000;0,000;0,000;0,000
29.08.2025 05:15;29.08.2025 05:30;0,000;0,000;0,000;0,000;0,000;0,000
29.08.2025 05:30;29.08.2025 05:45;0,000;0,000;0,000;0,000;0,000;0,000
29.08.2025 05:45;29.08.2025 06:00;0,000;0,000;0,000;0,000;0,000;0,000
29.08.2025 06:00;29.08.2025 06:15;17,000;0,000;0,000;6,500;0,000;0,000
29.08.2025 06:15;29.08.2025 06:30;17,000;0,000;0,000;6,500;0,000;0,000
29.08.2025 06:30;29.08.2025 06:45;17,000;0,000;0,000;6,500;0,000;0,000
29.08.2025 06:45;29.08.2025 07:00;17,000;0,000;0,000;6,500;0,000;0,000
29.08.2025 07:00;29.08.2025 07:15;36,750;0,000;0,000;33,250;19,000;26,000
29.08.2025 07:15;29.08.2025 07:30;36,750;0,000;0,000;33,250;19,000;26,000
29.08.2025 07:30;29.08.2025 07:45;36,750;0,000;0,000;33,250;19,000;26,000
29.08.2025 07:45;29.08.2025 08:00;36,750;0,000;0,000;33,250;19,000;26,000
29.08.2025 08:00;29.08.2025 08:15;0,000;0,000;0,000;35,250;8,750;23,500
29.08.2025 08:15;29.08.2025 08:30;0,000;0,000;0,000;35,250;8,750;23,500
29.08.2025 08:30;29.08.2025 08:45;0,000;0,000;0,000;35,250;8,750;23,500
29.08.2025 08:45;29.08.2025 09:00;0,000;0,000;0,000;35,250;8,750;23,500
29.08.2025 09:00;29.08.2025 09:15;12,500;0,000;0,000;25,000;0,000;12,250
29.08.2025 09:15;29.08.2025 09:30;12,500;0,000;0,000;25,000;0,000;12,250
29.08.2025 09:30;29.08.2025 09:45;12,500;0,000;0,000;25,000;0,000;12,250
29.08.2025 09:45;29.08.2025 10:00;12,500;0,000;0,000;25,000;0,000;12,250
29.08.2025 10:00;29.08.2025 10:15;0,000;0,000;0,000;27,000;0,000;0,000
29.08.2025 10:15;29.08.2025 10:30;0,000;0,000;0,000;27,000;0,000;0,000
29.08.2025 10:30;29.08.2025 10:45;0,000;0,000;0,000;27,000;0,000;0,000
29.08.2025 10:45;29.08.2025 11:00;0,000;0,000;0,000;27,000;0,000;0,000
29.08.2025 11:00;29.08.2025 11:15;0,000;0,000;0,000;26,250;0,000;0,000
29.08.2025 11:15;29.08.2025 11:30;0,000;0,000;0,000;26,250;0,000;0,000
29.08.2025 11:30;29.08.2025 11:45;0,000;0,000;0,000;26,250;0,000;0,000
29.08.2025 11:45;29.08.2025 12:00;0,000;0,000;0,000;26,250;0,000;0,000
29.08.2025 12:00;29.08.2025 12:15;0,000;0,000;0,000;0,000;0,000;0,000
29.08.2025 12:15;29.08.2025 12:30;0,000;0,000;0,000;0,000;0,000;0,000
29.08.2025 12:30;29.08.2025 12:45;0,000;0,000;0,000;0,000;0,000;0,000
29.08.2025 12:45;29.08.2025 13:00;0,000;0,000;0,000;0,000;0,000;0,000
29.08.2025 13:00;29.08.2025 13:15;0,000;0,000;0,000;0,000;0,000;0,000
29.08.2025 13:15;29.08.2025 13:30;0,000;0,000;0,000;0,000;0,000;0,000
29.08.2025 13:30;29.08.2025 13:45;0,000;0,000;0,000;0,000;0,000;0,000
29.08.2025 13:45;29.08.2025 14:00;0,000;0,000;0,000;0,000;0,000;0,000
29.08.2025 14:00;29.08.2025 14:15;0,000;0,000;0,000;0,000;0,000;0,000
29.08.2025 14:15;29.08.2025 14:30;0,000;0,000;0,000;0,000;0,000;0,000
29.08.2025 14:30;29.08.2025 14:45;0,000;0,000;0,000;0,000;0,000;0,000
29.08.2025 14:45;29.08.2025 15:00;0,000;0,000;0,000;0,000;0,000;0,000
29.08.2025 15:00;29.08.2025 15:15;0,000;0,000;0,000;0,000;0,000;0,000
29.08.2025 15:15;29.08.2025 15:30;0,000;0,000;0,000;0,000;0,000;0,000
29.08.2025 15:30;29.08.2025 15:45;0,000;0,000;0,000;0,000;0,000;0,000
29.08.2025 15:45;29.08.2025 16:00;0,000;0,000;0,000;0,000;0,000;0,000
29.08.2025 16:00;29.08.2025 16:15;0,000;0,000;0,000;0,000;0,000;0,000
29.08.2025 16:15;29.08.2025 16:30;0,000;0,000;0,000;0,000;0,000;0,000
29.08.2025 16:30;29.08.2025 16:45;0,000;0,000;0,000;0,000;0,000;0,000
29.08.2025 16:45;29.08.2025 17:00;0,000;0,000;0,000;0,000;0,000;0,000
29.08.2025 17:00;29.08.2025 17:15;6,250;10,250;0,000;0,000;0,000;0,000
29.08.2025 17:15;29.08.2025 17:30;6,250;10,250;0,000;0,000;0,000;0,000
29.08.2025 17:30;29.08.2025 17:45;6,250;10,250;0,000;0,000;0,000;0,000
29.08.2025 17:45;29.08.2025 18:00;6,250;10,250;0,000;0,000;0,000;0,000
29.08.2025 18:00;29.08.2025 18:15;37,000;38,750;0,000;30,750;18,250;29,250
29.08.2025 18:15;29.08.2025 18:30;37,000;38,750;0,000;30,750;18,250;29,250
29.08.2025 18:30;29.08.2025 18:45;37,000;38,750;0,000;30,750;18,250;29,250
29.08.2025 18:45;29.08.2025 19:00;37,000;38,750;0,000;30,750;18,250;29,250
29.08.2025 19:00;29.08.2025 19:15;40,000;36,750;0,000;40,000;37,500;40,000
29.08.2025 19:15;29.08.2025 19:30;40,000;36,750;0,000;40,000;37,500;40,000
29.08.2025 19:30;29.08.2025 19:45;40,000;36,750;0,000;40,000;37,500;40,000
29.08.2025 19:45;29.08.2025 20:00;40,000;36,750;0,000;40,000;37,500;40,000
29.08.2025 20:00;29.08.2025 20:15;38,500;34,000;0,000;38,500;38,750;38,500
29.08.2025 20:15;29.08.2025 20:30;38,500;34,000;0,000;38,500;38,750;38,500
29.08.2025 20:30;29.08.2025 20:45;38,500;34,000;0,000;38,500;38,750;38,500
29.08.2025 20:45;29.08.2025 21:00;38,500;34,000;0,000;38,500;38,750;38,500
29.08.2025 21:00;29.08.2025 21:15;18,500;34,500;0,000;15,500;0,000;9,250
29.08.2025 21:15;29.08.2025 21:30;18,500;34,500;0,000;15,500;0,000;9,250
29.08.2025 21:30;29.08.2025 21:45;18,500;34,500;0,000;15,500;0,000;9,250
29.08.2025 21:45;29.08.2025 22:00;18,500;34,500;0,000;15,500;0,000;9,250
29.08.2025 22:00;29.08.2025 22:15;0,000;8,750;0,000;0,000;0,000;0,000
29.08.2025 22:15;29.08.2025 22:30;0,000;8,750;0,000;0,000;0,000;0,000
29.08.2025 22:30;29.08.2025 22:45;0,000;8,750;0,000;0,000;0,000;0,000
29.08.2025 22:45;29.08.2025 23:00;0,000;8,750;0,000;0,000;0,000;0,000
29.08.2025 23:00;29.08.2025 23:15;0,000;6,250;0,000;0,000;0,000;0,250
29.08.2025 23:15;29.08.2025 23:30;0,000;6,250;0,000;0,000;0,000;0,250
29.08.2025 23:30;29.08.2025 23:45;0,000;6,250;0,000;0,000;0,000;0,250
29.08.2025 23:45;30.08.2025 00:00;0,000;6,250;0,000;0,000;0,000;0,250
30.08.2025 00:00;30.08.2025 00:15;0,000;6,750;0,000;0,000;0,000;0,000
30.08.2025 00:15;30.08.2025 00:30;0,000;6,750;0,000;0,000;0,000;0,000
30.08.2025 00:30;30.08.2025 00:45;0,000;6,750;0,000;0,000;0,000;0,000
30.08.2025 00:45;30.08.2025 01:00;0,000;6,750;0,000;0,000;0,000;0,000
30.08.2025 01:00;30.08.2025 01:15;0,000;0,000;0,000;0,000;0,000;0,000
30.08.2025 01:15;30.08.2025 01:30;0,000;0,000;0,000;0,000;0,000;0,000
30.08.2025 01:30;30.08.2025 01:45;0,000;0,000;0,000;0,000;0,000;0,000
30.08.2025 01:45;30.08.2025 02:00;0,000;0,000;0,000;0,000;0,000;0,000
30.08.2025 02:00;30.08.2025 02:15;0,000;0,000;0,000;0,000;0,000;0,000
30.08.2025 02:15;30.08.2025 02:30;0,000;0,000;0,000;0,000;0,000;0,000
30.08.2025 02:30;30.08.2025 02:45;0,000;0,000;0,000;0,000;0,000;0,000
30.08.2025 02:45;30.08.2025 03:00;0,000;0,000;0,000;0,000;0,000;0,000
30.08.2025 03:00;30.08.2025 03:15;0,000;7,000;0,000;0,000;0,000;0,000
30.08.2025 03:15;30.08.2025 03:30;0,000;7,000;0,000;0,000;0,000;0,000
30.08.2025 03:30;30.08.2025 03:45;0,000;7,000;0,000;0,000;0,000;0,000
30.08.2025 03:45;30.08.2025 04:00;0,000;7,000;0,000;0,000;0,000;0,000
30.08.2025 04:00;30.08.2025 04:15;0,000;0,000;0,000;0,000;0,000;0,000
30.08.2025 04:15;30.08.2025 04:30;0,000;0,000;0,000;0,000;0,000;0,000
30.08.2025 04:30;30.08.2025 04:45;0,000;0,000;0,000;0,000;0,000;0,000
30.08.2025 04:45;30.08.2025 05:00;0,000;0,000;0,000;0,000;0,000;0,000
30.08.2025 05:00;30.08.2025 05:15;0,000;0,000;0,000;0,000;0,000;0,000
30.08.2025 05:15;30.08.2025 05:30;0,000;0,000;0,000;0,000;0,000;0,000
30.08.2025 05:30;30.08.2025 05:45;0,000;0,000;0,000;0,000;0,000;0,000
30.08.2025 05:45;30.08.2025 06:00;0,000;0,000;0,000;0,000;0,000;0,000
30.08.2025 06:00;30.08.2025 06:15;0,000;0,000;0,000;0,000;0,000;0,000
30.08.2025 06:15;30.08.2025 06:30;0,000;0,000;0,000;0,000;0,000;0,000
30.08.2025 06:30;30.08.2025 06:45;0,000;0,000;0,000;0,000;0,000;0,000
30.08.2025 06:45;30.08.2025 07:00;0,000;0,000;0,000;0,000;0,000;0,000
30.08.2025 07:00;30.08.2025 07:15;0,000;19,000;0,000;0,000;0,000;0,000
30.08.2025 07:15;30.08.2025 07:30;0,000;19,000;0,000;0,000;0,000;0,000
30.08.2025 07:30;30.08.2025 07:45;0,000;19,000;0,000;0,000;0,000;0,000
30.08.2025 07:45;30.08.2025 08:00;0,000;19,000;0,000;0,000;0,000;0,000
30.08.2025 08:00;30.08.2025 08:15;24,250;0,000;0,000;0,000;0,000;0,000
30.08.2025 08:15;30.08.2025 08:30;24,250;0,000;0,000;0,000;0,000;0,000
30.08.2025 08:30;30.08.2025 08:45;24,250;0,000;0,000;0,000;0,000;0,000
30.08.2025 08:45;30.08.2025 09:00;24,250;0,000;0,000;0,000;0,000;0,000
30.08.2025 09:00;30.08.2025 09:15;21,750;0,000;0,000;0,000;0,000;0,000
30.08.2025 09:15;30.08.2025 09:30;21,750;0,000;0,000;0,000;0,000;0,000
30.08.2025 09:30;30.08.2025 09:45;21,750;0,000;0,000;0,000;0,000;0,000
30.08.2025 09:45;30.08.2025 10:00;21,750;0,000;0,000;0,000;0,000;0,000
30.08.2025 10:00;30.08.2025 10:15;6,000;5,250;0,000;0,000;0,000;0,000
30.08.2025 10:15;30.08.2025 10:30;6,000;5,250;0,000;0,000;0,000;0,000
30.08.2025 10:30;30.08.2025 10:45;6,000;5,250;0,000;0,000;0,000;0,000
30.08.2025 10:45;30.08.2025 11:00;6,000;5,250;0,000;0,000;0,000;0,000
30.08.2025 11:00;30.08.2025 11:15;0,000;0,000;0,000;0,000;0,000;0,000
30.08.2025 11:15;30.08.2025 11:30;0,000;0,000;0,000;0,000;0,000;0,000
30.08.2025 11:30;30.08.2025 11:45;0,000;0,000;0,000;0,000;0,000;0,000
30.08.2025 11:45;30.08.2025 12:00;0,000;0,000;0,000;0,000;0,000;0,000
30.08.2025 12:00;30.08.2025 12:15;0,000;0,000;0,000;0,000;0,000;0,000
30.08.2025 12:15;30.08.2025 12:30;0,000;0,000;0,000;0,000;0,000;0,000
30.08.2025 12:30;30.08.2025 12:45;0,000;0,000;0,000;0,000;0,000;0,000
30.08.2025 12:45;30.08.2025 13:00;0,000;0,000;0,000;0,000;0,000;0,000
30.08.2025 13:00;30.08.2025 13:15;0,000;0,000;0,000;0,000;0,000;0,000
30.08.2025 13:15;30.08.2025 13:30;0,000;0,000;0,000;0,000;0,000;0,000
30.08.2025 13:30;30.08.2025 13:45;0,000;0,000;0,000;0,000;0,000;0,000
30.08.2025 13:45;30.08.2025 14:00;0,000;0,000;0,000;0,000;0,000;0,000
30.08.2025 14:00;30.08.2025 14:15;0,000;0,000;0,000;0,000;0,000;0,000
30.08.2025 14:15;30.08.2025 14:30;0,000;0,000;0,000;0,000;0,000;0,000
30.08.2025 14:30;30.08.2025 14:45;0,000;0,000;0,000;0,000;0,000;0,000
30.08.2025 14:45;30.08.2025 15:00;0,000;0,000;0,000;0,000;0,000;0,000
30.08.2025 15:00;30.08.2025 15:15;0,000;0,000;0,000;0,000;0,000;0,000
30.08.2025 15:15;30.08.2025 15:30;0,000;0,000;0,000;0,000;0,000;0,000
30.08.2025 15:30;30.08.2025 15:45;0,000;0,000;0,000;0,000;0,000;0,000
30.08.2025 15:45;30.08.2025 16:00;0,000;0,000;0,000;0,000;0,000;0,000
30.08.2025 16:00;30.08.2025 16:15;0,000;0,000;0,000;0,000;0,000;0,000
30.08.2025 16:15;30.08.2025 16:30;0,000;0,000;0,000;0,000;0,000;0,000
30.08.2025 16:30;30.08.2025 16:45;0,000;0,000;0,000;0,000;0,000;0,000
30.08.2025 16:45;30.08.2025 17:00;0,000;0,000;0,000;0,000;0,000;0,000
30.08.2025 17:00;30.08.2025 17:15;6,500;8,500;0,000;0,000;0,000;0,000
30.08.2025 17:15;30.08.2025 17:30;6,500;8,500;0,000;0,000;0,000;0,000
30.08.2025 17:30;30.08.2025 17:45;6,500;8,500;0,000;0,000;0,000;0,000
30.08.2025 17:45;30.08.2025 18:00;6,500;8,500;0,000;0,000;0,000;0,000
30.08.2025 18:00;30.08.2025 18:15;37,250;39,250;0,000;30,750;28,000;27,500
30.08.2025 18:15;30.08.2025 18:30;37,250;39,250;0,000;30,750;28,000;27,500
30.08.2025 18:30;30.08.2025 18:45;37,250;39,250;0,000;30,750;28,000;27,500
30.08.2025 18:45;30.08.2025 19:00;37,250;39,250;0,000;30,750;28,000;27,500
30.08.2025 19:00;30.08.2025 19:15;42,000;38,750;0,000;42,250;42,250;42,250
30.08.2025 19:15;30.08.2025 19:30;42,000;38,750;0,000;42,250;42,250;42,250
30.08.2025 19:30;30.08.2025 19:45;42,000;38,750;0,000;42,250;42,250;42,250
30.08.2025 19:45;30.08.2025 20:00;42,000;38,750;0,000;42,250;42,250;42,250
30.08.2025 20:00;30.08.2025 20:15;34,000;40,250;0,000;40,000;41,500;41,000
30.08.2025 20:15;30.08.2025 20:30;34,000;40,250;0,000;40,000;41,500;41,000
30.08.2025 20:30;30.08.2025 20:45;34,000;40,250;0,000;40,000;41,500;41,000
30.08.2025 20:45;30.08.2025 21:00;34,000;40,250;0,000;40,000;41,500;41,000
30.08.2025 21:00;30.08.2025 21:15;25,500;39,000;0,000;31,500;40,000;38,000
30.08.2025 21:15;30.08.2025 21:30;25,500;39,000;0,000;31,500;40,000;38,000
30.08.2025 21:30;30.08.2025 21:45;25,500;39,000;0,000;31,500;40,000;38,000
30.08.2025 21:45;30.08.2025 22:00;25,500;39,000;0,000;31,500;40,000;38,000
30.08.2025 22:00;30.08.2025 22:15;28,250;38,000;0,000;37,500;38,250;38,250
30.08.2025 22:15;30.08.2025 22:30;28,250;38,000;0,000;37,500;38,250;38,250
30.08.2025 22:30;30.08.2025 22:45;28,250;38,000;0,000;37,500;38,250;38,250
30.08.2025 22:45;30.08.2025 23:00;28,250;38,000;0,000;37,500;38,250;38,250
30.08.2025 23:00;30.08.2025 23:15;28,250;30,750;0,000;35,750;0,000;7,250
30.08.2025 23:15;30.08.2025 23:30;28,250;30,750;0,000;35,750;0,000;7,250
30.08.2025 23:30;30.08.2025 23:45;28,250;30,750;0,000;35,750;0,000;7,250
30.08.2025 23:45;31.08.2025 00:00;28,250;30,750;0,000;35,750;0,000;7,250
31.08.2025 00:00;31.08.2025 00:15;15,000;15,750;0,000;0,000;0,000;0,000
31.08.2025 00:15;31.08.2025 00:30;15,000;15,750;0,000;0,000;0,000;0,000
31.08.2025 00:30;31.08.2025 00:45;15,000;15,750;0,000;0,000;0,000;0,000
31.08.2025 00:45;31.08.2025 01:00;15,000;15,750;0,000;0,000;0,000;0,000
31.08.2025 01:00;31.08.2025 01:15;0,000;0,000;0,000;0,000;0,000;0,000
31.08.2025 01:15;31.08.2025 01:30;0,000;0,000;0,000;0,000;0,000;0,000
31.08.2025 01:30;31.08.2025 01:45;0,000;0,000;0,000;0,000;0,000;0,000
31.08.2025 01:45;31.08.2025 02:00;0,000;0,000;0,000;0,000;0,000;0,000
31.08.2025 02:00;31.08.2025 02:15;0,000;0,000;0,000;0,000;0,000;0,000
31.08.2025 02:15;31.08.2025 02:30;0,000;0,000;0,000;0,000;0,000;0,000
31.08.2025 02:30;31.08.2025 02:45;0,000;0,000;0,000;0,000;0,000;0,000
31.08.2025 02:45;31.08.2025 03:00;0,000;0,000;0,000;0,000;0,000;0,000
31.08.2025 03:00;31.08.2025 03:15;0,000;0,000;0,000;0,000;0,000;0,000
31.08.2025 03:15;31.08.2025 03:30;0,000;0,000;0,000;0,000;0,000;0,000
31.08.2025 03:30;31.08.2025 03:45;0,000;0,000;0,000;0,000;0,000;0,000
31.08.2025 03:45;31.08.2025 04:00;0,000;0,000;0,000;0,000;0,000;0,000
31.08.2025 04:00;31.08.2025 04:15;0,000;0,000;0,000;0,000;0,000;0,000
31.08.2025 04:15;31.08.2025 04:30;0,000;0,000;0,000;0,000;0,000;0,000
31.08.2025 04:30;31.08.2025 04:45;0,000;0,000;0,000;0,000;0,000;0,000
31.08.2025 04:45;31.08.2025 05:00;0,000;0,000;0,000;0,000;0,000;0,000
31.08.2025 05:00;31.08.2025 05:15;0,000;0,000;0,000;0,000;0,000;0,000
31.08.2025 05:15;31.08.2025 05:30;0,000;0,000;0,000;0,000;0,000;0,000
31.08.2025 05:30;31.08.2025 05:45;0,000;0,000;0,000;0,000;0,000;0,000
31.08.2025 05:45;31.08.2025 06:00;0,000;0,000;0,000;0,000;0,000;0,000
31.08.2025 06:00;31.08.2025 06:15;0,000;11,250;0,000;0,000;0,000;0,000
31.08.2025 06:15;31.08.2025 06:30;0,000;11,250;0,000;0,000;0,000;0,000
31.08.2025 06:30;31.08.2025 06:45;0,000;11,250;0,000;0,000;0,000;0,000
31.08.2025 06:45;31.08.2025 07:00;0,000;11,250;0,000;0,000;0,000;0,000
31.08.2025 07:00;31.08.2025 07:15;0,000;0,000;0,000;0,000;0,000;0,000
31.08.2025 07:15;31.08.2025 07:30;0,000;0,000;0,000;0,000;0,000;0,000
31.08.2025 07:30;31.08.2025 07:45;0,000;0,000;0,000;0,000;0,000;0,000
31.08.2025 07:45;31.08.2025 08:00;0,000;0,000;0,000;0,000;0,000;0,000
31.08.2025 08:00;31.08.2025 08:15;0,000;0,000;0,000;0,000;0,000;0,000
31.08.2025 08:15;31.08.2025 08:30;0,000;0,000;0,000;0,000;0,000;0,000
31.08.2025 08:30;31.08.2025 08:45;0,000;0,000;0,000;0,000;0,000;0,000
31.08.2025 08:45;31.08.2025 09:00;0,000;0,000;0,000;0,000;0,000;0,000
31.08.2025 09:00;31.08.2025 09:15;0,250;8,250;0,000;0,000;0,000;0,000
31.08.2025 09:15;31.08.2025 09:30;0,250;8,250;0,000;0,000;0,000;0,000
31.08.2025 09:30;31.08.2025 09:45;0,250;8,250;0,000;0,000;0,000;0,000
31.08.2025 09:45;31.08.2025 10:00;0,250;8,250;0,000;0,000;0,000;0,000
31.08.2025 10:00;31.08.2025 10:15;6,000;6,000;0,000;0,000;0,000;0,000
31.08.2025 10:15;31.08.2025 10:30;6,000;6,000;0,000;0,000;0,000;0,000
31.08.2025 10:30;31.08.2025 10:45;6,000;6,000;0,000;0,000;0,000;0,000
31.08.2025 10:45;31.08.2025 11:00;6,000;6,000;0,000;0,000;0,000;0,000
31.08.2025 11:00;31.08.2025 11:15;0,000;0,000;0,000;0,000;0,000;0,000
31.08.2025 11:15;31.08.2025 11:30;0,000;0,000;0,000;0,000;0,000;0,000
31.08.2025 11:30;31.08.2025 11:45;0,000;0,000;0,000;0,000;0,000;0,000
31.08.2025 11:45;31.08.2025 12:00;0,000;0,000;0,000;0,000;0,000;0,000
31.08.2025 12:00;31.08.2025 12:15;0,000;0,000;0,000;0,000;0,000;0,000
31.08.2025 12:15;31.08.2025 12:30;0,000;0,000;0,000;0,000;0,000;0,000
31.08.2025 12:30;31.08.2025 12:45;0,000;0,000;0,000;0,000;0,000;0,000
31.08.2025 12:45;31.08.2025 13:00;0,000;0,000;0,000;0,000;0,000;0,000
31.08.2025 13:00;31.08.2025 13:15;0,000;0,000;0,000;0,000;0,000;0,000
31.08.2025 13:15;31.08.2025 13:30;0,000;0,000;0,000;0,000;0,000;0,000
31.08.2025 13:30;31.08.2025 13:45;0,000;0,000;0,000;0,000;0,000;0,000
31.08.2025 13:45;31.08.2025 14:00;0,000;0,000;0,000;0,000;0,000;0,000
31.08.2025 14:00;31.08.2025 14:15;0,000;0,000;0,000;0,000;0,000;0,000
31.08.2025 14:15;31.08.2025 14:30;0,000;0,000;0,000;0,000;0,000;0,000
31.08.2025 14:30;31.08.2025 14:45;0,000;0,000;0,000;0,000;0,000;0,000
31.08.2025 14:45;31.08.2025 15:00;0,000;0,000;0,000;0,000;0,000;0,000
31.08.2025 15:00;31.08.2025 15:15;0,000;0,000;0,000;0,000;0,000;0,000
31.08.2025 15:15;31.08.2025 15:30;0,000;0,000;0,000;0,000;0,000;0,000
31.08.2025 15:30;31.08.2025 15:45;0,000;0,000;0,000;0,000;0,000;0,000
31.08.2025 15:45;31.08.2025 16:00;0,000;0,000;0,000;0,000;0,000;0,000
31.08.2025 16:00;31.08.2025 16:15;0,250;18,000;0,000;0,000;0,000;0,000
31.08.2025 16:15;31.08.2025 16:30;0,250;18,000;0,000;0,000;0,000;0,000
31.08.2025 16:30;31.08.2025 16:45;0,250;18,000;0,000;0,000;0,000;0,000
31.08.2025 16:45;31.08.2025 17:00;0,250;18,000;0,000;0,000;0,000;0,000
31.08.2025 17:00;31.08.2025 17:15;22,000;0,000;0,000;0,000;0,000;0,000
31.08.2025 17:15;31.08.2025 17:30;22,000;0,000;0,000;0,000;0,000;0,000
31.08.2025 17:30;31.08.2025 17:45;22,000;0,000;0,000;0,000;0,000;0,000
31.08.2025 17:45;31.08.2025 18:00;22,000;0,000;0,000;0,000;0,000;0,000
31.08.2025 18:00;31.08.2025 18:15;18,250;21,750;0,000;22,000;16,250;21,750
31.08.2025 18:15;31.08.2025 18:30;18,250;21,750;0,000;22,000;16,250;21,750
31.08.2025 18:30;31.08.2025 18:45;18,250;21,750;0,000;22,000;16,250;21,750
31.08.2025 18:45;31.08.2025 19:00;18,250;21,750;0,000;22,000;16,250;21,750
31.08.2025 19:00;31.08.2025 19:15;37,750;42,750;0,000;41,000;38,500;42,750
31.08.2025 19:15;31.08.2025 19:30;37,750;42,750;0,000;41,000;38,500;42,750
31.08.2025 19:30;31.08.2025 19:45;37,750;42,750;0,000;41,000;38,500;42,750
31.08.2025 19:45;31.08.2025 20:00;37,750;42,750;0,000;41,000;38,500;42,750
31.08.2025 20:00;31.08.2025 20:15;40,500;41,500;0,000;41,500;41,750;41,500
31.08.2025 20:15;31.08.2025 20:30;40,500;41,500;0,000;41,500;41,750;41,500
31.08.2025 20:30;31.08.2025 20:45;40,500;41,500;0,000;41,500;41,750;41,500
31.08.2025 20:45;31.08.2025 21:00;40,500;41,500;0,000;41,500;41,750;41,500
31.08.2025 21:00;31.08.2025 21:15;34,000;40,250;0,000;20,250;19,750;20,250
31.08.2025 21:15;31.08.2025 21:30;34,000;40,250;0,000;20,250;19,750;20,250
31.08.2025 21:30;31.08.2025 21:45;34,000;40,250;0,000;20,250;19,750;20,250
31.08.2025 21:45;31.08.2025 22:00;34,000;40,250;0,000;20,250;19,750;20,250
31.08.2025 22:00;31.08.2025 22:15;26,250;15,000;0,000;0,000;0,000;0,000
31.08.2025 22:15;31.08.2025 22:30;26,250;15,000;0,000;0,000;0,000;0,000
31.08.2025 22:30;31.08.2025 22:45;26,250;15,000;0,000;0,000;0,000;0,000
31.08.2025 22:45;31.08.2025 23:00;26,250;15,000;0,000;0,000;0,000;0,000
31.08.2025 23:00;31.08.2025 23:15;27,750;0,000;0,000;0,000;0,000;0,000
31.08.2025 23:15;31.08.2025 23:30;27,750;0,000;0,000;0,000;0,000;0,000
31.08.2025 23:30;31.08.2025 23:45;27,750;0,000;0,000;0,000;0,000;0,000
31.08.2025 23:45;01.09.2025 00:00;27,750;0,000;0,000;0,000;0,000;0,000
01.09.2025 00:00;01.09.2025 00:15;0,000;0,000;0,000;0,000;0,000;0,000
01.09.2025 00:15;01.09.2025 00:30;0,000;0,000;0,000;0,000;0,000;0,000
01.09.2025 00:30;01.09.2025 00:45;0,000;0,000;0,000;0,000;0,000;0,000
01.09.2025 00:45;01.09.2025 01:00;0,000;0,000;0,000;0,000;0,000;0,000
01.09.2025 01:00;01.09.2025 01:15;0,000;0,000;0,000;0,000;0,000;0,000
01.09.2025 01:15;01.09.2025 01:30;0,000;0,000;0,000;0,000;0,000;0,000
01.09.2025 01:30;01.09.2025 01:45;0,000;0,000;0,000;0,000;0,000;0,000
01.09.2025 01:45;01.09.2025 02:00;0,000;0,000;0,000;0,000;0,000;0,000
01.09.2025 02:00;01.09.2025 02:15;0,000;0,000;0,000;0,000;0,000;0,000
01.09.2025 02:15;01.09.2025 02:30;0,000;0,000;0,000;0,000;0,000;0,000
01.09.2025 02:30;01.09.2025 02:45;0,000;0,000;0,000;0,000;0,000;0,000
01.09.2025 02:45;01.09.2025 03:00;0,000;0,000;0,000;0,000;0,000;0,000
01.09.2025 03:00;01.09.2025 03:15;0,000;8,750;0,000;0,000;0,000;0,000
01.09.2025 03:15;01.09.2025 03:30;0,000;8,750;0,000;0,000;0,000;0,000
01.09.2025 03:30;01.09.2025 03:45;0,000;8,750;0,000;0,000;0,000;0,000
01.09.2025 03:45;01.09.2025 04:00;0,000;8,750;0,000;0,000;0,000;0,000
01.09.2025 04:00;01.09.2025 04:15;0,000;0,000;0,000;0,000;0,000;0,000
01.09.2025 04:15;01.09.2025 04:30;0,000;0,000;0,000;0,000;0,000;0,000
01.09.2025 04:30;01.09.2025 04:45;0,000;0,000;0,000;0,000;0,000;0,000
01.09.2025 04:45;01.09.2025 05:00;0,000;0,000;0,000;0,000;0,000;0,000
01.09.2025 05:00;01.09.2025 05:15;0,000;6,250;0,000;0,000;0,000;0,000
01.09.2025 05:15;01.09.2025 05:30;0,000;6,250;0,000;0,000;0,000;0,000
01.09.2025 05:30;01.09.2025 05:45;0,000;6,250;0,000;0,000;0,000;0,000
01.09.2025 05:45;01.09.2025 06:00;0,000;6,250;0,000;0,000;0,000;0,000
01.09.2025 06:00;01.09.2025 06:15;40,250;40,500;0,000;39,750;36,750;40,500
01.09.2025 06:15;01.09.2025 06:30;40,250;40,500;0,000;39,750;36,750;40,500
01.09.2025 06:30;01.09.2025 06:45;40,250;40,500;0,000;39,750;36,750;40,500
01.09.2025 06:45;01.09.2025 07:00;40,250;40,500;0,000;39,750;36,750;40,500
01.09.2025 07:00;01.09.2025 07:15;39,250;39,500;0,000;39,250;32,500;39,250
01.09.2025 07:15;01.09.2025 07:30;39,250;39,500;0,000;39,250;32,500;39,250
01.09.2025 07:30;01.09.2025 07:45;39,250;39,500;0,000;39,250;32,500;39,250
01.09.2025 07:45;01.09.2025 08:00;39,250;39,500;0,000;39,250;32,500;39,250
01.09.2025 08:00;01.09.2025 08:15;36,750;38,000;0,000;35,000;21,000;25,500
01.09.2025 08:15;01.09.2025 08:30;36,750;38,000;0,000;35,000;21,000;25,500
01.09.2025 08:30;01.09.2025 08:45;36,750;38,000;0,000;35,000;21,000;25,500
01.09.2025 08:45;01.09.2025 09:00;36,750;38,000;0,000;35,000;21,000;25,500
01.09.2025 09:00;01.09.2025 09:15;33,750;9,000;0,000;0,000;0,000;0,000
01.09.2025 09:15;01.09.2025 09:30;33,750;9,000;0,000;0,000;0,000;0,000
01.09.2025 09:30;01.09.2025 09:45;33,750;9,000;0,000;0,000;0,000;0,000
01.09.2025 09:45;01.09.2025 10:00;33,750;9,000;0,000;0,000;0,000;0,000
01.09.2025 10:00;01.09.2025 10:15;9,250;15,750;0,000;9,250;6,750;9,250
01.09.2025 10:15;01.09.2025 10:30;9,250;15,750;0,000;9,250;6,750;9,250
01.09.2025 10:30;01.09.2025 10:45;9,250;15,750;0,000;9,250;6,750;9,250
01.09.2025 10:45;01.09.2025 11:00;9,250;15,750;0,000;9,250;6,750;9,250
01.09.2025 11:00;01.09.2025 11:15;0,000;0,000;0,000;0,000;0,000;0,000
01.09.2025 11:15;01.09.2025 11:30;0,000;0,000;0,000;0,000;0,000;0,000
01.09.2025 11:30;01.09.2025 11:45;0,000;0,000;0,000;0,000;0,000;0,000
01.09.2025 11:45;01.09.2025 12:00;0,000;0,000;0,000;0,000;0,000;0,000
01.09.2025 12:00;01.09.2025 12:15;0,000;0,000;0,000;0,000;0,000;0,000
01.09.2025 12:15;01.09.2025 12:30;0,000;0,000;0,000;0,000;0,000;0,000
01.09.2025 12:30;01.09.2025 12:45;0,000;0,000;0,000;0,000;0,000;0,000
01.09.2025 12:45;01.09.2025 13:00;0,000;0,000;0,000;0,000;0,000;0,000
01.09.2025 13:00;01.09.2025 13:15;0,000;0,000;0,000;0,000;0,000;0,000
01.09.2025 13:15;01.09.2025 13:30;0,000;0,000;0,000;0,000;0,000;0,000
01.09.2025 13:30;01.09.2025 13:45;0,000;0,000;0,000;0,000;0,000;0,000
01.09.2025 13:45;01.09.2025 14:00;0,000;0,000;0,000;0,000;0,000;0,000
01.09.2025 14:00;01.09.2025 14:15;0,000;0,000;0,000;0,000;0,000;0,000
01.09.2025 14:15;01.09.2025 14:30;0,000;0,000;0,000;0,000;0,000;0,000
01.09.2025 14:30;01.09.2025 14:45;0,000;0,000;0,000;0,000;0,000;0,000
01.09.2025 14:45;01.09.2025 15:00;0,000;0,000;0,000;0,000;0,000;0,000
01.09.2025 15:00;01.09.2025 15:15;0,250;0,000;0,000;0,000;0,000;0,000
01.09.2025 15:15;01.09.2025 15:30;0,250;0,000;0,000;0,000;0,000;0,000
01.09.2025 15:30;01.09.2025 15:45;0,250;0,000;0,000;0,000;0,000;0,000
01.09.2025 15:45;01.09.2025 16:00;0,250;0,000;0,000;0,000;0,000;0,000
01.09.2025 16:00;01.09.2025 16:15;21,000;0,000;0,000;0,000;0,000;0,000
01.09.2025 16:15;01.09.2025 16:30;21,000;0,000;0,000;0,000;0,000;0,000
01.09.2025 16:30;01.09.2025 16:45;21,000;0,000;0,000;0,000;0,000;0,000
01.09.2025 16:45;01.09.2025 17:00;21,000;0,000;0,000;0,000;0,000;0,000
01.09.2025 17:00;01.09.2025 17:15;39,000;0,000;0,000;0,000;0,000;0,000
01.09.2025 17:15;01.09.2025 17:30;39,000;0,000;0,000;0,000;0,000;0,000
01.09.2025 17:30;01.09.2025 17:45;39,000;0,000;0,000;0,000;0,000;0,000
01.09.2025 17:45;01.09.2025 18:00;39,000;0,000;0,000;0,000;0,000;0,000
01.09.2025 18:00;01.09.2025 18:15;36,250;31,500;0,000;30,750;21,250;26,750
01.09.2025 18:15;01.09.2025 18:30;36,250;31,500;0,000;30,750;21,250;26,750
01.09.2025 18:30;01.09.2025 18:45;36,250;31,500;0,000;30,750;21,250;26,750
01.09.2025 18:45;01.09.2025 19:00;36,250;31,500;0,000;30,750;21,250;26,750
01.09.2025 19:00;01.09.2025 19:15;40,750;41,000;0,000;41,000;41,500;41,000
01.09.2025 19:15;01.09.2025 19:30;40,750;41,000;0,000;41,000;41,500;41,000
01.09.2025 19:30;01.09.2025 19:45;40,750;41,000;0,000;41,000;41,500;41,000
01.09.2025 19:45;01.09.2025 20:00;40,750;41,000;0,000;41,000;41,500;41,000
01.09.2025 20:00;01.09.2025 20:15;29,500;40,000;0,000;39,750;40,000;39,750
01.09.2025 20:15;01.09.2025 20:30;29,500;40,000;0,000;39,750;40,000;39,750
01.09.2025 20:30;01.09.2025 20:45;29,500;40,000;0,000;39,750;40,000;39,750
01.09.2025 20:45;01.09.2025 21:00;29,500;40,000;0,000;39,750;40,000;39,750
01.09.2025 21:00;01.09.2025 21:15;25,250;39,500;0,000;29,000;19,250;29,000
01.09.2025 21:15;01.09.2025 21:30;25,250;39,500;0,000;29,000;19,250;29,000
01.09.2025 21:30;01.09.2025 21:45;25,250;39,500;0,000;29,000;19,250;29,000
01.09.2025 21:45;01.09.2025 22:00;25,250;39,500;0,000;29,000;19,250;29,000
01.09.2025 22:00;01.09.2025 22:15;25,500;6,000;0,000;0,000;0,000;0,000
01.09.2025 22:15;01.09.2025 22:30;25,500;6,000;0,000;0,000;0,000;0,000
01.09.2025 22:30;01.09.2025 22:45;25,500;6,000;0,000;0,000;0,000;0,000
01.09.2025 22:45;01.09.2025 23:00;25,500;6,000;0,000;0,000;0,000;0,000
01.09.2025 23:00;01.09.2025 23:15;25,750;0,000;0,000;0,000;0,000;0,000
01.09.2025 23:15;01.09.2025 23:30;25,750;0,000;0,000;0,000;0,000;0,000
01.09.2025 23:30;01.09.2025 23:45;25,750;0,000;0,000;0,000;0,000;0,000
01.09.2025 23:45;02.09.2025 00:00;25,750;0,000;0,000;0,000;0,000;0,000
02.09.2025 00:00;02.09.2025 00:15;0,000;0,000;0,000;0,000;0,000;0,000
02.09.2025 00:15;02.09.2025 00:30;0,000;0,000;0,000;0,000;0,000;0,000
02.09.2025 00:30;02.09.2025 00:45;0,000;0,000;0,000;0,000;0,000;0,000
02.09.2025 00:45;02.09.2025 01:00;0,000;0,000;0,000;0,000;0,000;0,000
02.09.2025 01:00;02.09.2025 01:15;0,000;0,000;0,000;0,000;0,000;0,000
02.09.2025 01:15;02.09.2025 01:30;0,000;0,000;0,000;0,000;0,000;0,000
02.09.2025 01:30;02.09.2025 01:45;0,000;0,000;0,000;0,000;0,000;0,000
02.09.2025 01:45;02.09.2025 02:00;0,000;0,000;0,000;0,000;0,000;0,000
02.09.2025 02:00;02.09.2025 02:15;0,000;0,000;0,000;0,000;0,000;0,000
02.09.2025 02:15;02.09.2025 02:30;0,000;0,000;0,000;0,000;0,000;0,000
02.09.2025 02:30;02.09.2025 02:45;0,000;0,000;0,000;0,000;0,000;0,000
02.09.2025 02:45;02.09.2025 03:00;0,000;0,000;0,000;0,000;0,000;0,000
02.09.2025 03:00;02.09.2025 03:15;0,000;0,000;0,000;0,000;0,000;0,000
02.09.2025 03:15;02.09.2025 03:30;0,000;0,000;0,000;0,000;0,000;0,000
02.09.2025 03:30;02.09.2025 03:45;0,000;0,000;0,000;0,000;0,000;0,000
02.09.2025 03:45;02.09.2025 04:00;0,000;0,000;0,000;0,000;0,000;0,000
02.09.2025 04:00;02.09.2025 04:15;0,000;0,000;0,000;0,000;0,000;0,000
02.09.2025 04:15;02.09.2025 04:30;0,000;0,000;0,000;0,000;0,000;0,000
02.09.2025 04:30;02.09.2025 04:45;0,000;0,000;0,000;0,000;0,000;0,000
02.09.2025 04:45;02.09.2025 05:00;0,000;0,000;0,000;0,000;0,000;0,000
02.09.2025 05:00;02.09.2025 05:15;0,000;0,000;0,000;0,000;0,000;0,000
02.09.2025 05:15;02.09.2025 05:30;0,000;0,000;0,000;0,000;0,000;0,000
02.09.2025 05:30;02.09.2025 05:45;0,000;0,000;0,000;0,000;0,000;0,000
02.09.2025 05:45;02.09.2025 06:00;0,000;0,000;0,000;0,000;0,000;0,000
02.09.2025 06:00;02.09.2025 06:15;39,250;40,500;0,000;30,250;23,500;30,000
02.09.2025 06:15;02.09.2025 06:30;39,250;40,500;0,000;30,250;23,500;30,000
02.09.2025 06:30;02.09.2025 06:45;39,250;40,500;0,000;30,250;23,500;30,000
02.09.2025 06:45;02.09.2025 07:00;39,250;40,500;0,000;30,250;23,500;30,000
02.09.2025 07:00;02.09.2025 07:15;39,250;39,750;0,000;36,000;35,000;35,750
02.09.2025 07:15;02.09.2025 07:30;39,250;39,750;0,000;36,000;35,000;35,750
02.09.2025 07:30;02.09.2025 07:45;39,250;39,750;0,000;36,000;35,000;35,750
02.09.2025 07:45;02.09.2025 08:00;39,250;39,750;0,000;36,000;35,000;35,750
02.09.2025 08:00;02.09.2025 08:15;28,250;8,000;0,000;14,000;6,250;6,250
02.09.2025 08:15;02.09.2025 08:30;28,250;8,000;0,000;14,000;6,250;6,250
02.09.2025 08:30;02.09.2025 08:45;28,250;8,000;0,000;14,000;6,250;6,250
02.09.2025 08:45;02.09.2025 09:00;28,250;8,000;0,000;14,000;6,250;6,250
02.09.2025 09:00;02.09.2025 09:15;25,000;2,000;0,000;0,000;0,000;0,000
02.09.2025 09:15;02.09.2025 09:30;25,000;2,000;0,000;0,000;0,000;0,000
02.09.2025 09:30;02.09.2025 09:45;25,000;2,000;0,000;0,000;0,000;0,000
02.09.2025 09:45;02.09.2025 10:00;25,000;2,000;0,000;0,000;0,000;0,000
02.09.2025 10:00;02.09.2025 10:15;12,250;0,000;0,000;0,250;0,000;0,000
02.09.2025 10:15;02.09.2025 10:30;12,250;0,000;0,000;0,250;0,000;0,000
02.09.2025 10:30;02.09.2025 10:45;12,250;0,000;0,000;0,250;0,000;0,000
02.09.2025 10:45;02.09.2025 11:00;12,250;0,000;0,000;0,250;0,000;0,000
02.09.2025 11:00;02.09.2025 11:15;31,250;35,250;0,000;35,250;6,000;0,750
02.09.2025 11:15;02.09.2025 11:30;31,250;35,250;0,000;35,250;6,000;0,750
02.09.2025 11:30;02.09.2025 11:45;31,250;35,250;0,000;35,250;6,000;0,750
02.09.2025 11:45;02.09.2025 12:00;31,250;35,250;0,000;35,250;6,000;0,750
02.09.2025 12:00;02.09.2025 12:15;0,000;0,000;0,000;0,000;0,000;0,000
02.09.2025 12:15;02.09.2025 12:30;0,000;0,000;0,000;0,000;0,000;0,000
02.09.2025 12:30;02.09.2025 12:45;0,000;0,000;0,000;0,000;0,000;0,000
02.09.2025 12:45;02.09.2025 13:00;0,000;0,000;0,000;0,000;0,000;0,000
02.09.2025 13:00;02.09.2025 13:15;0,000;0,000;0,000;0,000;0,000;0,000
02.09.2025 13:15;02.09.2025 13:30;0,000;0,000;0,000;0,000;0,000;0,000
02.09.2025 13:30;02.09.2025 13:45;0,000;0,000;0,000;0,000;0,000;0,000
02.09.2025 13:45;02.09.2025 14:00;0,000;0,000;0,000;0,000;0,000;0,000
02.09.2025 14:00;02.09.2025 14:15;0,000;0,000;0,000;0,000;0,000;0,000
02.09.2025 14:15;02.09.2025 14:30;0,000;0,000;0,000;0,000;0,000;0,000
02.09.2025 14:30;02.09.2025 14:45;0,000;0,000;0,000;0,000;0,000;0,000
02.09.2025 14:45;02.09.2025 15:00;0,000;0,000;0,000;0,000;0,000;0,000
02.09.2025 15:00;02.09.2025 15:15;0,000;0,000;0,000;0,000;0,000;0,000
02.09.2025 15:15;02.09.2025 15:30;0,000;0,000;0,000;0,000;0,000;0,000
02.09.2025 15:30;02.09.2025 15:45;0,000;0,000;0,000;0,000;0,000;0,000
02.09.2025 15:45;02.09.2025 16:00;0,000;0,000;0,000;0,000;0,000;0,000
02.09.2025 16:00;02.09.2025 16:15;0,000;0,000;0,000;0,000;0,000;0,000
02.09.2025 16:15;02.09.2025 16:30;0,000;0,000;0,000;0,000;0,000;0,000
02.09.2025 16:30;02.09.2025 16:45;0,000;0,000;0,000;0,000;0,000;0,000
02.09.2025 16:45;02.09.2025 17:00;0,000;0,000;0,000;0,000;0,000;0,000
02.09.2025 17:00;02.09.2025 17:15;0,000;28,250;0,000;0,000;0,000;0,000
02.09.2025 17:15;02.09.2025 17:30;0,000;28,250;0,000;0,000;0,000;0,000
02.09.2025 17:30;02.09.2025 17:45;0,000;28,250;0,000;0,000;0,000;0,000
02.09.2025 17:45;02.09.2025 18:00;0,000;28,250;0,000;0,000;0,000;0,000
02.09.2025 18:00;02.09.2025 18:15;21,250;34,250;0,000;21,000;0,000;21,000
02.09.2025 18:15;02.09.2025 18:30;21,250;34,250;0,000;21,000;0,000;21,000
02.09.2025 18:30;02.09.2025 18:45;21,250;34,250;0,000;21,000;0,000;21,000
02.09.2025 18:45;02.09.2025 19:00;21,250;34,250;0,000;21,000;0,000;21,000
02.09.2025 19:00;02.09.2025 19:15;41,500;37,750;0,000;41,500;0,000;41,500
02.09.2025 19:15;02.09.2025 19:30;41,500;37,750;0,000;41,500;0,000;41,500
02.09.2025 19:30;02.09.2025 19:45;41,500;37,750;0,000;41,500;0,000;41,500
02.09.2025 19:45;02.09.2025 20:00;41,500;37,750;0,000;41,500;0,000;41,500
02.09.2025 20:00;02.09.2025 20:15;40,500;39,750;0,000;40,500;0,000;40,500
02.09.2025 20:15;02.09.2025 20:30;40,500;39,750;0,000;40,500;0,000;40,500
02.09.2025 20:30;02.09.2025 20:45;40,500;39,750;0,000;40,500;0,000;40,500
02.09.2025 20:45;02.09.2025 21:00;40,500;39,750;0,000;40,500;0,000;40,500
02.09.2025 21:00;02.09.2025 21:15;39,500;38,500;0,000;39,500;0,000;38,500
02.09.2025 21:15;02.09.2025 21:30;39,500;38,500;0,000;39,500;0,000;38,500
02.09.2025 21:30;02.09.2025 21:45;39,500;38,500;0,000;39,500;0,000;38,500
02.09.2025 21:45;02.09.2025 22:00;39,500;38,500;0,000;39,500;0,000;38,500
02.09.2025 22:00;02.09.2025 22:15;18,000;19,500;0,000;7,250;0,000;6,250
02.09.2025 22:15;02.09.2025 22:30;18,000;19,500;0,000;7,250;0,000;6,250
02.09.2025 22:30;02.09.2025 22:45;18,000;19,500;0,000;7,250;0,000;6,250
02.09.2025 22:45;02.09.2025 23:00;18,000;19,500;0,000;7,250;0,000;6,250
02.09.2025 23:00;02.09.2025 23:15;0,000;0,000;0,000;0,000;0,000;0,000
02.09.2025 23:15;02.09.2025 23:30;0,000;0,000;0,000;0,000;0,000;0,000
02.09.2025 23:30;02.09.2025 23:45;0,000;0,000;0,000;0,000;0,000;0,000
02.09.2025 23:45;03.09.2025 00:00;0,000;0,000;0,000;0,000;0,000;0,000
03.09.2025 00:00;03.09.2025 00:15;0,000;0,000;0,000;0,000;0,000;0,000
03.09.2025 00:15;03.09.2025 00:30;0,000;0,000;0,000;0,000;0,000;0,000
03.09.2025 00:30;03.09.2025 00:45;0,000;0,000;0,000;0,000;0,000;0,000
03.09.2025 00:45;03.09.2025 01:00;0,000;0,000;0,000;0,000;0,000;0,000
03.09.2025 01:00;03.09.2025 01:15;0,000;24,500;0,000;0,000;0,000;0,000
03.09.2025 01:15;03.09.2025 01:30;0,000;24,500;0,000;0,000;0,000;0,000
03.09.2025 01:30;03.09.2025 01:45;0,000;24,500;0,000;0,000;0,000;0,000
03.09.2025 01:45;03.09.2025 02:00;0,000;24,500;0,000;0,000;0,000;0,000
03.09.2025 02:00;03.09.2025 02:15;0,000;6,250;0,000;0,000;0,000;0,000
03.09.2025 02:15;03.09.2025 02:30;0,000;6,250;0,000;0,000;0,000;0,000
03.09.2025 02:30;03.09.2025 02:45;0,000;6,250;0,000;0,000;0,000;0,000
03.09.2025 02:45;03.09.2025 03:00;0,000;6,250;0,000;0,000;0,000;0,000
03.09.2025 03:00;03.09.2025 03:15;0,000;0,000;0,000;0,000;0,000;0,000
03.09.2025 03:15;03.09.2025 03:30;0,000;0,000;0,000;0,000;0,000;0,000
03.09.2025 03:30;03.09.2025 03:45;0,000;0,000;0,000;0,000;0,000;0,000
03.09.2025 03:45;03.09.2025 04:00;0,000;0,000;0,000;0,000;0,000;0,000
03.09.2025 04:00;03.09.2025 04:15;0,000;0,000;0,000;0,000;0,000;0,000
03.09.2025 04:15;03.09.2025 04:30;0,000;0,000;0,000;0,000;0,000;0,000
03.09.2025 04:30;03.09.2025 04:45;0,000;0,000;0,000;0,000;0,000;0,000
03.09.2025 04:45;03.09.2025 05:00;0,000;0,000;0,000;0,000;0,000;0,000
03.09.2025 05:00;03.09.2025 05:15;0,000;0,000;0,000;0,000;0,000;0,000
03.09.2025 05:15;03.09.2025 05:30;0,000;0,000;0,000;0,000;0,000;0,000
03.09.2025 05:30;03.09.2025 05:45;0,000;0,000;0,000;0,000;0,000;0,000
03.09.2025 05:45;03.09.2025 06:00;0,000;0,000;0,000;0,000;0,000;0,000
03.09.2025 06:00;03.09.2025 06:15;9,250;8,500;0,000;6,250;0,000;5,750
03.09.2025 06:15;03.09.2025 06:30;9,250;8,500;0,000;6,250;0,000;5,750
03.09.2025 06:30;03.09.2025 06:45;9,250;8,500;0,000;6,250;0,000;5,750
03.09.2025 06:45;03.09.2025 07:00;9,250;8,500;0,000;6,250;0,000;5,750
03.09.2025 07:00;03.09.2025 07:15;36,500;35,000;0,000;28,000;0,000;28,000
03.09.2025 07:15;03.09.2025 07:30;36,500;35,000;0,000;28,000;0,000;28,000
03.09.2025 07:30;03.09.2025 07:45;36,500;35,000;0,000;28,000;0,000;28,000
03.09.2025 07:45;03.09.2025 08:00;36,500;35,000;0,000;28,000;0,000;28,000
03.09.2025 08:00;03.09.2025 08:15;23,750;9,250;0,000;0,000;0,000;0,000
03.09.2025 08:15;03.09.2025 08:30;23,750;9,250;0,000;0,000;0,000;0,000
03.09.2025 08:30;03.09.2025 08:45;23,750;9,250;0,000;0,000;0,000;0,000
03.09.2025 08:45;03.09.2025 09:00;23,750;9,250;0,000;0,000;0,000;0,000
03.09.2025 09:00;03.09.2025 09:15;8,750;16,500;0,000;0,000;0,000;0,000
03.09.2025 09:15;03.09.2025 09:30;8,750;16,500;0,000;0,000;0,000;0,000
03.09.2025 09:30;03.09.2025 09:45;8,750;16,500;0,000;0,000;0,000;0,000
03.09.2025 09:45;03.09.2025 10:00;8,750;16,500;0,000;0,000;0,000;0,000
03.09.2025 10:00;03.09.2025 10:15;0,000;0,000;0,000;0,000;0,000;0,000
03.09.2025 10:15;03.09.2025 10:30;0,000;0,000;0,000;0,000;0,000;0,000
03.09.2025 10:30;03.09.2025 10:45;0,000;0,000;0,000;0,000;0,000;0,000
03.09.2025 10:45;03.09.2025 11:00;0,000;0,000;0,000;0,000;0,000;0,000
03.09.2025 11:00;03.09.2025 11:15;0,000;0,000;0,000;0,000;0,000;0,000
03.09.2025 11:15;03.09.2025 11:30;0,000;0,000;0,000;0,000;0,000;0,000
03.09.2025 11:30;03.09.2025 11:45;0,000;0,000;0,000;0,000;0,000;0,000
03.09.2025 11:45;03.09.2025 12:00;0,000;0,000;0,000;0,000;0,000;0,000
03.09.2025 12:00;03.09.2025 12:15;0,000;0,000;0,000;0,000;0,000;0,000
03.09.2025 12:15;03.09.2025 12:30;0,000;0,000;0,000;0,000;0,000;0,000
03.09.2025 12:30;03.09.2025 12:45;0,000;0,000;0,000;0,000;0,000;0,000
03.09.2025 12:45;03.09.2025 13:00;0,000;0,000;0,000;0,000;0,000;0,000
03.09.2025 13:00;03.09.2025 13:15;0,000;0,000;0,000;0,000;0,000;0,000
03.09.2025 13:15;03.09.2025 13:30;0,000;0,000;0,000;0,000;0,000;0,000
03.09.2025 13:30;03.09.2025 13:45;0,000;0,000;0,000;0,000;0,000;0,000
03.09.2025 13:45;03.09.2025 14:00;0,000;0,000;0,000;0,000;0,000;0,000
03.09.2025 14:00;03.09.2025 14:15;0,000;0,000;0,000;0,000;0,000;0,000
03.09.2025 14:15;03.09.2025 14:30;0,000;0,000;0,000;0,000;0,000;0,000
03.09.2025 14:30;03.09.2025 14:45;0,000;0,000;0,000;0,000;0,000;0,000
03.09.2025 14:45;03.09.2025 15:00;0,000;0,000;0,000;0,000;0,000;0,000
03.09.2025 15:00;03.09.2025 15:15;0,250;0,000;0,000;0,000;0,000;0,000
03.09.2025 15:15;03.09.2025 15:30;0,250;0,000;0,000;0,000;0,000;0,000
03.09.2025 15:30;03.09.2025 15:45;0,250;0,000;0,000;0,000;0,000;0,000
03.09.2025 15:45;03.09.2025 16:00;0,250;0,000;0,000;0,000;0,000;0,000
03.09.2025 16:00;03.09.2025 16:15;17,500;0,000;0,000;0,000;0,000;0,000
03.09.2025 16:15;03.09.2025 16:30;17,500;0,000;0,000;0,000;0,000;0,000
03.09.2025 16:30;03.09.2025 16:45;17,500;0,000;0,000;0,000;0,000;0,000
03.09.2025 16:45;03.09.2025 17:00;17,500;0,000;0,000;0,000;0,000;0,000
03.09.2025 17:00;03.09.2025 17:15;23,000;1,250;0,000;0,000;0,000;0,000
03.09.2025 17:15;03.09.2025 17:30;23,000;1,250;0,000;0,000;0,000;0,000
03.09.2025 17:30;03.09.2025 17:45;23,000;1,250;0,000;0,000;0,000;0,000
03.09.2025 17:45;03.09.2025 18:00;23,000;1,250;0,000;0,000;0,000;0,000
03.09.2025 18:00;03.09.2025 18:15;31,500;14,000;0,000;26,000;0,000;37,500
03.09.2025 18:15;03.09.2025 18:30;31,500;14,000;0,000;26,000;0,000;37,500
03.09.2025 18:30;03.09.2025 18:45;31,500;14,000;0,000;26,000;0,000;37,500
03.09.2025 18:45;03.09.2025 19:00;31,500;14,000;0,000;26,000;0,000;37,500
03.09.2025 19:00;03.09.2025 19:15;42,500;42,250;0,000;40,500;0,000;38,250
03.09.2025 19:15;03.09.2025 19:30;42,500;42,250;0,000;40,500;0,000;38,250
03.09.2025 19:30;03.09.2025 19:45;42,500;42,250;0,000;40,500;0,000;38,250
03.09.2025 19:45;03.09.2025 20:00;42,500;42,250;0,000;40,500;0,000;38,250
03.09.2025 20:00;03.09.2025 20:15;36,500;33,500;0,000;41,500;0,000;41,500
03.09.2025 20:15;03.09.2025 20:30;36,500;33,500;0,000;41,500;0,000;41,500
03.09.2025 20:30;03.09.2025 20:45;36,500;33,500;0,000;41,500;0,000;41,500
03.09.2025 20:45;03.09.2025 21:00;36,500;33,500;0,000;41,500;0,000;41,500
03.09.2025 21:00;03.09.2025 21:15;40,000;33,000;0,000;33,000;0,000;30,500
03.09.2025 21:15;03.09.2025 21:30;40,000;33,000;0,000;33,000;0,000;30,500
03.09.2025 21:30;03.09.2025 21:45;40,000;33,000;0,000;33,000;0,000;30,500
03.09.2025 21:45;03.09.2025 22:00;40,000;33,000;0,000;33,000;0,000;30,500
03.09.2025 22:00;03.09.2025 22:15;7,250;0,250;0,000;14,500;0,000;0,000
03.09.2025 22:15;03.09.2025 22:30;7,250;0,250;0,000;14,500;0,000;0,000
03.09.2025 22:30;03.09.2025 22:45;7,250;0,250;0,000;14,500;0,000;0,000
03.09.2025 22:45;03.09.2025 23:00;7,250;0,250;0,000;14,500;0,000;0,000
03.09.2025 23:00;03.09.2025 23:15;-;-;-;-;-;-
03.09.2025 23:15;03.09.2025 23:30;-;-;-;-;-;-
03.09.2025 23:30;03.09.2025 23:45;-;-;-;-;-;-
03.09.2025 23:45;04.09.2025 00:00;-;-;-;-;-;-
04.09.2025 00:00;04.09.2025 00:15;-;-;-;-;-;-
04.09.2025 00:15;04.09.2025 00:30;-;-;-;-;-;-
04.09.2025 00:30;04.09.2025 00:45;-;-;-;-;-;-
04.09.2025 00:45;04.09.2025 01:00;-;-;-;-;-;-
04.09.2025 01:00;04.09.2025 01:15;-;-;-;-;-;-
04.09.2025 01:15;04.09.2025 01:30;-;-;-;-;-;-
04.09.2025 01:30;04.09.2025 01:45;-;-;-;-;-;-
04.09.2025 01:45;04.09.2025 02:00;-;-;-;-;-;-
04.09.2025 02:00;04.09.2025 02:15;-;-;-;-;-;-
04.09.2025 02:15;04.09.2025 02:30;-;-;-;-;-;-
04.09.2025 02:30;04.09.2025 02:45;-;-;-;-;-;-
04.09.2025 02:45;04.09.2025 03:00;-;-;-;-;-;-
04.09.2025 03:00;04.09.2025 03:15;-;-;-;-;-;-
04.09.2025 03:15;04.09.2025 03:30;-;-;-;-;-;-
04.09.2025 03:30;04.09.2025 03:45;-;-;-;-;-;-
04.09.2025 03:45;04.09.2025 04:00;-;-;-;-;-;-
04.09.2025 04:00;04.09.2025 04:15;-;-;-;-;-;-
04.09.2025 04:15;04.09.2025 04:30;-;-;-;-;-;-
04.09.2025 04:30;04.09.2025 04:45;-;-;-;-;-;-
04.09.2025 04:45;04.09.2025 05:00;-;-;-;-;-;-
04.09.2025 05:00;04.09.2025 05:15;-;-;-;-;-;-
04.09.2025 05:15;04.09.2025 05:30;-;-;-;-;-;-
04.09.2025 05:30;04.09.2025 05:45;-;-;-;-;-;-
04.09.2025 05:45;04.09.2025 06:00;-;-;-;-;-;-
04.09.2025 06:00;04.09.2025 06:15;-;-;-;-;-;-
04.09.2025 06:15;04.09.2025 06:30;-;-;-;-;-;-
04.09.2025 06:30;04.09.2025 06:45;-;-;-;-;-;-
04.09.2025 06:45;04.09.2025 07:00;-;-;-;-;-;-
04.09.2025 07:00;04.09.2025 07:15;-;-;-;-;-;-
04.09.2025 07:15;04.09.2025 07:30;-;-;-;-;-;-
04.09.2025 07:30;04.09.2025 07:45;-;-;-;-;-;-
04.09.2025 07:45;04.09.2025 08:00;-;-;-;-;-;-
04.09.2025 08:00;04.09.2025 08:15;-;-;-;-;-;-
04.09.2025 08:15;04.09.2025 08:30;-;-;-;-;-;-
04.09.2025 08:30;04.09.2025 08:45;-;-;-;-;-;-
04.09.2025 08:45;04.09.2025 09:00;-;-;-;-;-;-
04.09.2025 09:00;04.09.2025 09:15;-;-;-;-;-;-
04.09.2025 09:15;04.09.2025 09:30;-;-;-;-;-;-
04.09.2025 09:30;04.09.2025 09:45;-;-;-;-;-;-
04.09.2025 09:45;04.09.2025 10:00;-;-;-;-;-;-
04.09.2025 10:00;04.09.2025 10:15;-;-;-;-;-;-
04.09.2025 10:15;04.09.2025 10:30;-;-;-;-;-;-
04.09.2025 10:30;04.09.2025 10:45;-;-;-;-;-;-
04.09.2025 10:45;04.09.2025 11:00;-;-;-;-;-;-
04.09.2025 11:00;04.09.2025 11:15;-;-;-;-;-;-
04.09.2025 11:15;04.09.2025 11:30;-;-;-;-;-;-
04.09.2025 11:30;04.09.2025 11:45;-;-;-;-;-;-
04.09.2025 11:45;04.09.2025 12:00;-;-;-;-;-;-
04.09.2025 12:00;04.09.2025 12:15;-;-;-;-;-;-
04.09.2025 12:15;04.09.2025 12:30;-;-;-;-;-;-
04.09.2025 12:30;04.09.2025 12:45;-;-;-;-;-;-
04.09.2025 12:45;04.09.2025 13:00;-;-;-;-;-;-
04.09.2025 13:00;04.09.2025 13:15;-;-;-;-;-;-
04.09.2025 13:15;04.09.2025 13:30;-;-;-;-;-;-
04.09.2025 13:30;04.09.2025 13:45;-;-;-;-;-;-
04.09.2025 13:45;04.09.2025 14:00;-;-;-;-;-;-
04.09.2025 14:00;04.09.2025 14:15;-;-;-;-;-;-
04.09.2025 14:15;04.09.2025 14:30;-;-;-;-;-;-
04.09.2025 14:30;04.09.2025 14:45;-;-;-;-;-;-
04.09.2025 14:45;04.09.2025 15:00;-;-;-;-;-;-
04.09.2025 15:00;04.09.2025 15:15;-;-;-;-;-;-
04.09.2025 15:15;04.09.2025 15:30;-;-;-;-;-;-
04.09.2025 15:30;04.09.2025 15:45;-;-;-;-;-;-
04.09.2025 15:45;04.09.2025 16:00;-;-;-;-;-;-
04.09.2025 16:00;04.09.2025 16:15;-;-;-;-;-;-
04.09.2025 16:15;04.09.2025 16:30;-;-;-;-;-;-
04.09.2025 16:30;04.09.2025 16:45;-;-;-;-;-;-
04.09.2025 16:45;04.09.2025 17:00;-;-;-;-;-;-
04.09.2025 17:00;04.09.2025 17:15;-;-;-;-;-;-
04.09.2025 17:15;04.09.2025 17:30;-;-;-;-;-;-
04.09.2025 17:30;04.09.2025 17:45;-;-;-;-;-;-
04.09.2025 17:45;04.09.2025 18:00;-;-;-;-;-;-
04.09.2025 18:00;04.09.2025 18:15;-;-;-;-;-;-
04.09.2025 18:15;04.09.2025 18:30;-;-;-;-;-;-
04.09.2025 18:30;04.09.2025 18:45;-;-;-;-;-;-
04.09.2025 18:45;04.09.2025 19:00;-;-;-;-;-;-
04.09.2025 19:00;04.09.2025 19:15;-;-;-;-;-;-
04.09.2025 19:15;04.09.2025 19:30;-;-;-;-;-;-
04.09.2025 19:30;04.09.2025 19:45;-;-;-;-;-;-
04.09.2025 19:45;04.09.2025 20:00;-;-;-;-;-;-
04.09.2025 20:00;04.09.2025 20:15;-;-;-;-;-;-
04.09.2025 20:15;04.09.2025 20:30;-;-;-;-;-;-
04.09.2025 20:30;04.09.2025 20:45;-;-;-;-;-;-
04.09.2025 20:45;04.09.2025 21:00;-;-;-;-;-;-
04.09.2025 21:00;04.09.2025 21:15;-;-;-;-;-;-
04.09.2025 21:15;04.09.2025 21:30;-;-;-;-;-;-
04.09.2025 21:30;04.09.2025 21:45;-;-;-;-;-;-
04.09.2025 21:45;04.09.2025 22:00;-;-;-;-;-;-
04.09.2025 22:00;04.09.2025 22:15;-;-;-;-;-;-
04.09.2025 22:15;04.09.2025 22:30;-;-;-;-;-;-
04.09.2025 22:30;04.09.2025 22:45;-;-;-;-;-;-
04.09.2025 22:45;04.09.2025 23:00;-;-;-;-;-;-
04.09.2025 23:00;04.09.2025 23:15;-;-;-;-;-;-
04.09.2025 23:15;04.09.2025 23:30;-;-;-;-;-;-
04.09.2025 23:30;04.09.2025 23:45;-;-;-;-;-;-
04.09.2025 23:45;05.09.2025 00:00;-;-;-;-;-;-
05.09.2025 00:00;05.09.2025 00:15;-;-;-;-;-;-
05.09.2025 00:15;05.09.2025 00:30;-;-;-;-;-;-
05.09.2025 00:30;05.09.2025 00:45;-;-;-;-;-;-
05.09.2025 00:45;05.09.2025 01:00;-;-;-;-;-;-
05.09.2025 01:00;05.09.2025 01:15;-;-;-;-;-;-
05.09.2025 01:15;05.09.2025 01:30;-;-;-;-;-;-
05.09.2025 01:30;05.09.2025 01:45;-;-;-;-;-;-
05.09.2025 01:45;05.09.2025 02:00;-;-;-;-;-;-
05.09.2025 02:00;05.09.2025 02:15;-;-;-;-;-;-
05.09.2025 02:15;05.09.2025 02:30;-;-;-;-;-;-
05.09.2025 02:30;05.09.2025 02:45;-;-;-;-;-;-
05.09.2025 02:45;05.09.2025 03:00;-;-;-;-;-;-
05.09.2025 03:00;05.09.2025 03:15;-;-;-;-;-;-
05.09.2025 03:15;05.09.2025 03:30;-;-;-;-;-;-
05.09.2025 03:30;05.09.2025 03:45;-;-;-;-;-;-
05.09.2025 03:45;05.09.2025 04:00;-;-;-;-;-;-
05.09.2025 04:00;05.09.2025 04:15;-;-;-;-;-;-
05.09.2025 04:15;05.09.2025 04:30;-;-;-;-;-;-
05.09.2025 04:30;05.09.2025 04:45;-;-;-;-;-;-
05.09.2025 04:45;05.09.2025 05:00;-;-;-;-;-;-
05.09.2025 05:00;05.09.2025 05:15;-;-;-;-;-;-
05.09.2025 05:15;05.09.2025 05:30;-;-;-;-;-;-
05.09.2025 05:30;05.09.2025 05:45;-;-;-;-;-;-
05.09.2025 05:45;05.09.2025 06:00;-;-;-;-;-;-
05.09.2025 06:00;05.09.2025 06:15;-;-;-;-;-;-
05.09.2025 06:15;05.09.2025 06:30;-;-;-;-;-;-
05.09.2025 06:30;05.09.2025 06:45;-;-;-;-;-;-
05.09.2025 06:45;05.09.2025 07:00;-;-;-;-;-;-
05.09.2025 07:00;05.09.2025 07:15;-;-;-;-;-;-
05.09.2025 07:15;05.09.2025 07:30;-;-;-;-;-;-
05.09.2025 07:30;05.09.2025 07:45;-;-;-;-;-;-
05.09.2025 07:45;05.09.2025 08:00;-;-;-;-;-;-
05.09.2025 08:00;05.09.2025 08:15;-;-;-;-;-;-
05.09.2025 08:15;05.09.2025 08:30;-;-;-;-;-;-
05.09.2025 08:30;05.09.2025 08:45;-;-;-;-;-;-
05.09.2025 08:45;05.09.2025 09:00;-;-;-;-;-;-
05.09.2025 09:00;05.09.2025 09:15;-;-;-;-;-;-
05.09.2025 09:15;05.09.2025 09:30;-;-;-;-;-;-
05.09.2025 09:30;05.09.2025 09:45;-;-;-;-;-;-
05.09.2025 09:45;05.09.2025 10:00;-;-;-;-;-;-
05.09.2025 10:00;05.09.2025 10:15;-;-;-;-;-;-
05.09.2025 10:15;05.09.2025 10:30;-;-;-;-;-;-
05.09.2025 10:30;05.09.2025 10:45;-;-;-;-;-;-
05.09.2025 10:45;05.09.2025 11:00;-;-;-;-;-;-
05.09.2025 11:00;05.09.2025 11:15;-;-;-;-;-;-
05.09.2025 11:15;05.09.2025 11:30;-;-;-;-;-;-
05.09.2025 11:30;05.09.2025 11:45;-;-;-;-;-;-
05.09.2025 11:45;05.09.2025 12:00;-;-;-;-;-;-
05.09.2025 12:00;05.09.2025 12:15;-;-;-;-;-;-
05.09.2025 12:15;05.09.2025 12:30;-;-;-;-;-;-
05.09.2025 12:30;05.09.2025 12:45;-;-;-;-;-;-
05.09.2025 12:45;05.09.2025 13:00;-;-;-;-;-;-
05.09.2025 13:00;05.09.2025 13:15;-;-;-;-;-;-
05.09.2025 13:15;05.09.2025 13:30;-;-;-;-;-;-
05.09.2025 13:30;05.09.2025 13:45;-;-;-;-;-;-
05.09.2025 13:45;05.09.2025 14:00;-;-;-;-;-;-
05.09.2025 14:00;05.09.2025 14:15;-;-;-;-;-;-
05.09.2025 14:15;05.09.2025 14:30;-;-;-;-;-;-
05.09.2025 14:30;05.09.2025 14:45;-;-;-;-;-;-
05.09.2025 14:45;05.09.2025 15:00;-;-;-;-;-;-
05.09.2025 15:00;05.09.2025 15:15;-;-;-;-;-;-
05.09.2025 15:15;05.09.2025 15:30;-;-;-;-;-;-
05.09.2025 15:30;05.09.2025 15:45;-;-;-;-;-;-
05.09.2025 15:45;05.09.2025 16:00;-;-;-;-;-;-
05.09.2025 16:00;05.09.2025 16:15;-;-;-;-;-;-
05.09.2025 16:15;05.09.2025 16:30;-;-;-;-;-;-
05.09.2025 16:30;05.09.2025 16:45;-;-;-;-;-;-
05.09.2025 16:45;05.09.2025 17:00;-;-;-;-;-;-
05.09.2025 17:00;05.09.2025 17:15;-;-;-;-;-;-
05.09.2025 17:15;05.09.2025 17:30;-;-;-;-;-;-
05.09.2025 17:30;05.09.2025 17:45;-;-;-;-;-;-
05.09.2025 17:45;05.09.2025 18:00;-;-;-;-;-;-
05.09.2025 18:00;05.09.2025 18:15;-;-;-;-;-;-
05.09.2025 18:15;05.09.2025 18:30;-;-;-;-;-;-
05.09.2025 18:30;05.09.2025 18:45;-;-;-;-;-;-
05.09.2025 18:45;05.09.2025 19:00;-;-;-;-;-;-
05.09.2025 19:00;05.09.2025 19:15;-;-;-;-;-;-
05.09.2025 19:15;05.09.2025 19:30;-;-;-;-;-;-
05.09.2025 19:30;05.09.2025 19:45;-;-;-;-;-;-
05.09.2025 19:45;05.09.2025 20:00;-;-;-;-;-;-
05.09.2025 20:00;05.09.2025 20:15;-;-;-;-;-;-
05.09.2025 20:15;05.09.2025 20:30;-;-;-;-;-;-
05.09.2025 20:30;05.09.2025 20:45;-;-;-;-;-;-
05.09.2025 20:45;05.09.2025 21:00;-;-;-;-;-;-
05.09.2025 21:00;05.09.2025 21:15;-;-;-;-;-;-
05.09.2025 21:15;05.09.2025 21:30;-;-;-;-;-;-
05.09.2025 21:30;05.09.2025 21:45;-;-;-;-;-;-
05.09.2025 21:45;05.09.2025 22:00;-;-;-;-;-;-
05.09.2025 22:00;05.09.2025 22:15;-;-;-;-;-;-
05.09.2025 22:15;05.09.2025 22:30;-;-;-;-;-;-
05.09.2025 22:30;05.09.2025 22:45;-;-;-;-;-;-
05.09.2025 22:45;05.09.2025 23:00;-;-;-;-;-;-
05.09.2025 23:00;05.09.2025 23:15;-;-;-;-;-;-
05.09.2025 23:15;05.09.2025 23:30;-;-;-;-;-;-
05.09.2025 23:30;05.09.2025 23:45;-;-;-;-;-;-
05.09.2025 23:45;06.09.2025 00:00;-;-;-;-;-;-
