Datum von;Datum bis;Generation_DE A9 [MW] Berechnete Auflösungen;Generation_DE A10 [MW] Berechnete Auflösungen;Generation_DE B9 [MW] Berechnete Auflösungen;Generation_DE B10 [MW] Berechnete Auflösungen
26.08.2025 00:00;26.08.2025 00:15;17,000;-;-;-
26.08.2025 00:15;26.08.2025 00:30;17,000;-;-;-
26.08.2025 00:30;26.08.2025 00:45;17,000;-;-;-
26.08.2025 00:45;26.08.2025 01:00;17,000;-;-;-
26.08.2025 01:00;26.08.2025 01:15;0,000;-;-;-
26.08.2025 01:15;26.08.2025 01:30;0,000;-;-;-
26.08.2025 01:30;26.08.2025 01:45;0,000;-;-;-
26.08.2025 01:45;26.08.2025 02:00;0,000;-;-;-
26.08.2025 02:00;26.08.2025 02:15;0,000;-;-;-
26.08.2025 02:15;26.08.2025 02:30;0,000;-;-;-
26.08.2025 02:30;26.08.2025 02:45;0,000;-;-;-
26.08.2025 02:45;26.08.2025 03:00;0,000;-;-;-
26.08.2025 03:00;26.08.2025 03:15;0,000;-;-;-
26.08.2025 03:15;26.08.2025 03:30;0,000;-;-;-
26.08.2025 03:30;26.08.2025 03:45;0,000;-;-;-
26.08.2025 03:45;26.08.2025 04:00;0,000;-;-;-
26.08.2025 04:00;26.08.2025 04:15;0,000;-;-;-
26.08.2025 04:15;26.08.2025 04:30;0,000;-;-;-
26.08.2025 04:30;26.08.2025 04:45;0,000;-;-;-
26.08.2025 04:45;26.08.2025 05:00;0,000;-;-;-
26.08.2025 05:00;26.08.2025 05:15;8,500;-;-;-
26.08.2025 05:15;26.08.2025 05:30;8,500;-;-;-
26.08.2025 05:30;26.08.2025 05:45;8,500;-;-;-
26.08.2025 05:45;26.08.2025 06:00;8,500;-;-;-
26.08.2025 06:00;26.08.2025 06:15;106,500;-;-;-
26.08.2025 06:15;26.08.2025 06:30;106,500;-;-;-
26.08.2025 06:30;26.08.2025 06:45;106,500;-;-;-
26.08.2025 06:45;26.08.2025 07:00;106,500;-;-;-
26.08.2025 07:00;26.08.2025 07:15;73,750;-;-;-
26.08.2025 07:15;26.08.2025 07:30;73,750;-;-;-
26.08.2025 07:30;26.08.2025 07:45;73,750;-;-;-
26.08.2025 07:45;26.08.2025 08:00;73,750;-;-;-
26.08.2025 08:00;26.08.2025 08:15;5,000;-;-;-
26.08.2025 08:15;26.08.2025 08:30;5,000;-;-;-
26.08.2025 08:30;26.08.2025 08:45;5,000;-;-;-
26.08.2025 08:45;26.08.2025 09:00;5,000;-;-;-
26.08.2025 09:00;26.08.2025 09:15;1,500;-;-;-
26.08.2025 09:15;26.08.2025 09:30;1,500;-;-;-
26.08.2025 09:30;26.08.2025 09:45;1,500;-;-;-
26.08.2025 09:45;26.08.2025 10:00;1,500;-;-;-
26.08.2025 10:00;26.08.2025 10:15;0,000;-;-;-
26.08.2025 10:15;26.08.2025 10:30;0,000;-;-;-
26.08.2025 10:30;26.08.2025 10:45;0,000;-;-;-
26.08.2025 10:45;26.08.2025 11:00;0,000;-;-;-
26.08.2025 11:00;26.08.2025 11:15;0,000;-;-;-
26.08.2025 11:15;26.08.2025 11:30;0,000;-;-;-
26.08.2025 11:30;26.08.2025 11:45;0,000;-;-;-
26.08.2025 11:45;26.08.2025 12:00;0,000;-;-;-
26.08.2025 12:00;26.08.2025 12:15;0,000;-;-;-
26.08.2025 12:15;26.08.2025 12:30;0,000;-;-;-
26.08.2025 12:30;26.08.2025 12:45;0,000;-;-;-
26.08.2025 12:45;26.08.2025 13:00;0,000;-;-;-
26.08.2025 13:00;26.08.2025 13:15;0,000;-;-;-
26.08.2025 13:15;26.08.2025 13:30;0,000;-;-;-
26.08.2025 13:30;26.08.2025 13:45;0,000;-;-;-
26.08.2025 13:45;26.08.2025 14:00;0,000;-;-;-
26.08.2025 14:00;26.08.2025 14:15;0,000;-;-;-
26.08.2025 14:15;26.08.2025 14:30;0,000;-;-;-
26.08.2025 14:30;26.08.2025 14:45;0,000;-;-;-
26.08.2025 14:45;26.08.2025 15:00;0,000;-;-;-
26.08.2025 15:00;26.08.2025 15:15;0,000;-;-;-
26.08.2025 15:15;26.08.2025 15:30;0,000;-;-;-
26.08.2025 15:30;26.08.2025 15:45;0,000;-;-;-
26.08.2025 15:45;26.08.2025 16:00;0,000;-;-;-
26.08.2025 16:00;26.08.2025 16:15;8,500;-;-;-
26.08.2025 16:15;26.08.2025 16:30;8,500;-;-;-
26.08.2025 16:30;26.08.2025 16:45;8,500;-;-;-
26.08.2025 16:45;26.08.2025 17:00;8,500;-;-;-
26.08.2025 17:00;26.08.2025 17:15;56,000;-;-;-
26.08.2025 17:15;26.08.2025 17:30;56,000;-;-;-
26.08.2025 17:30;26.08.2025 17:45;56,000;-;-;-
26.08.2025 17:45;26.08.2025 18:00;56,000;-;-;-
26.08.2025 18:00;26.08.2025 18:15;109,000;-;-;-
26.08.2025 18:15;26.08.2025 18:30;109,000;-;-;-
26.08.2025 18:30;26.08.2025 18:45;109,000;-;-;-
26.08.2025 18:45;26.08.2025 19:00;109,000;-;-;-
26.08.2025 19:00;26.08.2025 19:15;112,750;-;-;-
26.08.2025 19:15;26.08.2025 19:30;112,750;-;-;-
26.08.2025 19:30;26.08.2025 19:45;112,750;-;-;-
26.08.2025 19:45;26.08.2025 20:00;112,750;-;-;-
26.08.2025 20:00;26.08.2025 20:15;111,500;-;-;-
26.08.2025 20:15;26.08.2025 20:30;111,500;-;-;-
26.08.2025 20:30;26.08.2025 20:45;111,500;-;-;-
26.08.2025 20:45;26.08.2025 21:00;111,500;-;-;-
26.08.2025 21:00;26.08.2025 21:15;74,500;-;-;-
26.08.2025 21:15;26.08.2025 21:30;74,500;-;-;-
26.08.2025 21:30;26.08.2025 21:45;74,500;-;-;-
26.08.2025 21:45;26.08.2025 22:00;74,500;-;-;-
26.08.2025 22:00;26.08.2025 22:15;0,000;-;-;-
26.08.2025 22:15;26.08.2025 22:30;0,000;-;-;-
26.08.2025 22:30;26.08.2025 22:45;0,000;-;-;-
26.08.2025 22:45;26.08.2025 23:00;0,000;-;-;-
26.08.2025 23:00;26.08.2025 23:15;0,000;-;-;-
26.08.2025 23:15;26.08.2025 23:30;0,000;-;-;-
26.08.2025 23:30;26.08.2025 23:45;0,000;-;-;-
26.08.2025 23:45;27.08.2025 00:00;0,000;-;-;-
27.08.2025 00:00;27.08.2025 00:15;0,000;-;-;-
27.08.2025 00:15;27.08.2025 00:30;0,000;-;-;-
27.08.2025 00:30;27.08.2025 00:45;0,000;-;-;-
27.08.2025 00:45;27.08.2025 01:00;0,000;-;-;-
27.08.2025 01:00;27.08.2025 01:15;0,000;-;-;-
27.08.2025 01:15;27.08.2025 01:30;0,000;-;-;-
27.08.2025 01:30;27.08.2025 01:45;0,000;-;-;-
27.08.2025 01:45;27.08.2025 02:00;0,000;-;-;-
27.08.2025 02:00;27.08.2025 02:15;0,000;-;-;-
27.08.2025 02:15;27.08.2025 02:30;0,000;-;-;-
27.08.2025 02:30;27.08.2025 02:45;0,000;-;-;-
27.08.2025 02:45;27.08.2025 03:00;0,000;-;-;-
27.08.2025 03:00;27.08.2025 03:15;0,000;-;-;-
27.08.2025 03:15;27.08.2025 03:30;0,000;-;-;-
27.08.2025 03:30;27.08.2025 03:45;0,000;-;-;-
27.08.2025 03:45;27.08.2025 04:00;0,000;-;-;-
27.08.2025 04:00;27.08.2025 04:15;0,000;-;-;-
27.08.2025 04:15;27.08.2025 04:30;0,000;-;-;-
27.08.2025 04:30;27.08.2025 04:45;0,000;-;-;-
27.08.2025 04:45;27.08.2025 05:00;0,000;-;-;-
27.08.2025 05:00;27.08.2025 05:15;0,000;-;-;-
27.08.2025 05:15;27.08.2025 05:30;0,000;-;-;-
27.08.2025 05:30;27.08.2025 05:45;0,000;-;-;-
27.08.2025 05:45;27.08.2025 06:00;0,000;-;-;-
27.08.2025 06:00;27.08.2025 06:15;32,500;-;-;-
27.08.2025 06:15;27.08.2025 06:30;32,500;-;-;-
27.08.2025 06:30;27.08.2025 06:45;32,500;-;-;-
27.08.2025 06:45;27.08.2025 07:00;32,500;-;-;-
27.08.2025 07:00;27.08.2025 07:15;87,750;-;-;-
27.08.2025 07:15;27.08.2025 07:30;87,750;-;-;-
27.08.2025 07:30;27.08.2025 07:45;87,750;-;-;-
27.08.2025 07:45;27.08.2025 08:00;87,750;-;-;-
27.08.2025 08:00;27.08.2025 08:15;23,000;-;-;-
27.08.2025 08:15;27.08.2025 08:30;23,000;-;-;-
27.08.2025 08:30;27.08.2025 08:45;23,000;-;-;-
27.08.2025 08:45;27.08.2025 09:00;23,000;-;-;-
27.08.2025 09:00;27.08.2025 09:15;0,000;-;-;-
27.08.2025 09:15;27.08.2025 09:30;0,000;-;-;-
27.08.2025 09:30;27.08.2025 09:45;0,000;-;-;-
27.08.2025 09:45;27.08.2025 10:00;0,000;-;-;-
27.08.2025 10:00;27.08.2025 10:15;0,000;-;-;-
27.08.2025 10:15;27.08.2025 10:30;0,000;-;-;-
27.08.2025 10:30;27.08.2025 10:45;0,000;-;-;-
27.08.2025 10:45;27.08.2025 11:00;0,000;-;-;-
27.08.2025 11:00;27.08.2025 11:15;0,000;-;-;-
27.08.2025 11:15;27.08.2025 11:30;0,000;-;-;-
27.08.2025 11:30;27.08.2025 11:45;0,000;-;-;-
27.08.2025 11:45;27.08.2025 12:00;0,000;-;-;-
27.08.2025 12:00;27.08.2025 12:15;0,000;-;-;-
27.08.2025 12:15;27.08.2025 12:30;0,000;-;-;-
27.08.2025 12:30;27.08.2025 12:45;0,000;-;-;-
27.08.2025 12:45;27.08.2025 13:00;0,000;-;-;-
27.08.2025 13:00;27.08.2025 13:15;0,000;-;-;-
27.08.2025 13:15;27.08.2025 13:30;0,000;-;-;-
27.08.2025 13:30;27.08.2025 13:45;0,000;-;-;-
27.08.2025 13:45;27.08.2025 14:00;0,000;-;-;-
27.08.2025 14:00;27.08.2025 14:15;0,000;-;-;-
27.08.2025 14:15;27.08.2025 14:30;0,000;-;-;-
27.08.2025 14:30;27.08.2025 14:45;0,000;-;-;-
27.08.2025 14:45;27.08.2025 15:00;0,000;-;-;-
27.08.2025 15:00;27.08.2025 15:15;0,000;-;-;-
27.08.2025 15:15;27.08.2025 15:30;0,000;-;-;-
27.08.2025 15:30;27.08.2025 15:45;0,000;-;-;-
27.08.2025 15:45;27.08.2025 16:00;0,000;-;-;-
27.08.2025 16:00;27.08.2025 16:15;0,000;-;-;-
27.08.2025 16:15;27.08.2025 16:30;0,000;-;-;-
27.08.2025 16:30;27.08.2025 16:45;0,000;-;-;-
27.08.2025 16:45;27.08.2025 17:00;0,000;-;-;-
27.08.2025 17:00;27.08.2025 17:15;2,250;-;-;-
27.08.2025 17:15;27.08.2025 17:30;2,250;-;-;-
27.08.2025 17:30;27.08.2025 17:45;2,250;-;-;-
27.08.2025 17:45;27.08.2025 18:00;2,250;-;-;-
27.08.2025 18:00;27.08.2025 18:15;51,250;-;-;-
27.08.2025 18:15;27.08.2025 18:30;51,250;-;-;-
27.08.2025 18:30;27.08.2025 18:45;51,250;-;-;-
27.08.2025 18:45;27.08.2025 19:00;51,250;-;-;-
27.08.2025 19:00;27.08.2025 19:15;90,000;-;-;-
27.08.2025 19:15;27.08.2025 19:30;90,000;-;-;-
27.08.2025 19:30;27.08.2025 19:45;90,000;-;-;-
27.08.2025 19:45;27.08.2025 20:00;90,000;-;-;-
27.08.2025 20:00;27.08.2025 20:15;93,750;-;-;-
27.08.2025 20:15;27.08.2025 20:30;93,750;-;-;-
27.08.2025 20:30;27.08.2025 20:45;93,750;-;-;-
27.08.2025 20:45;27.08.2025 21:00;93,750;-;-;-
27.08.2025 21:00;27.08.2025 21:15;89,750;-;-;-
27.08.2025 21:15;27.08.2025 21:30;89,750;-;-;-
27.08.2025 21:30;27.08.2025 21:45;89,750;-;-;-
27.08.2025 21:45;27.08.2025 22:00;89,750;-;-;-
27.08.2025 22:00;27.08.2025 22:15;0,000;-;-;-
27.08.2025 22:15;27.08.2025 22:30;0,000;-;-;-
27.08.2025 22:30;27.08.2025 22:45;0,000;-;-;-
27.08.2025 22:45;27.08.2025 23:00;0,000;-;-;-
27.08.2025 23:00;27.08.2025 23:15;0,000;-;-;-
27.08.2025 23:15;27.08.2025 23:30;0,000;-;-;-
27.08.2025 23:30;27.08.2025 23:45;0,000;-;-;-
27.08.2025 23:45;28.08.2025 00:00;0,000;-;-;-
28.08.2025 00:00;28.08.2025 00:15;0,000;-;-;-
28.08.2025 00:15;28.08.2025 00:30;0,000;-;-;-
28.08.2025 00:30;28.08.2025 00:45;0,000;-;-;-
28.08.2025 00:45;28.08.2025 01:00;0,000;-;-;-
28.08.2025 01:00;28.08.2025 01:15;0,000;-;-;-
28.08.2025 01:15;28.08.2025 01:30;0,000;-;-;-
28.08.2025 01:30;28.08.2025 01:45;0,000;-;-;-
28.08.2025 01:45;28.08.2025 02:00;0,000;-;-;-
28.08.2025 02:00;28.08.2025 02:15;0,000;-;-;-
28.08.2025 02:15;28.08.2025 02:30;0,000;-;-;-
28.08.2025 02:30;28.08.2025 02:45;0,000;-;-;-
28.08.2025 02:45;28.08.2025 03:00;0,000;-;-;-
28.08.2025 03:00;28.08.2025 03:15;0,000;-;-;-
28.08.2025 03:15;28.08.2025 03:30;0,000;-;-;-
28.08.2025 03:30;28.08.2025 03:45;0,000;-;-;-
28.08.2025 03:45;28.08.2025 04:00;0,000;-;-;-
28.08.2025 04:00;28.08.2025 04:15;0,000;-;-;-
28.08.2025 04:15;28.08.2025 04:30;0,000;-;-;-
28.08.2025 04:30;28.08.2025 04:45;0,000;-;-;-
28.08.2025 04:45;28.08.2025 05:00;0,000;-;-;-
28.08.2025 05:00;28.08.2025 05:15;0,000;-;-;-
28.08.2025 05:15;28.08.2025 05:30;0,000;-;-;-
28.08.2025 05:30;28.08.2025 05:45;0,000;-;-;-
28.08.2025 05:45;28.08.2025 06:00;0,000;-;-;-
28.08.2025 06:00;28.08.2025 06:15;0,000;-;-;-
28.08.2025 06:15;28.08.2025 06:30;0,000;-;-;-
28.08.2025 06:30;28.08.2025 06:45;0,000;-;-;-
28.08.2025 06:45;28.08.2025 07:00;0,000;-;-;-
28.08.2025 07:00;28.08.2025 07:15;7,250;-;-;-
28.08.2025 07:15;28.08.2025 07:30;7,250;-;-;-
28.08.2025 07:30;28.08.2025 07:45;7,250;-;-;-
28.08.2025 07:45;28.08.2025 08:00;7,250;-;-;-
28.08.2025 08:00;28.08.2025 08:15;64,250;-;-;-
28.08.2025 08:15;28.08.2025 08:30;64,250;-;-;-
28.08.2025 08:30;28.08.2025 08:45;64,250;-;-;-
28.08.2025 08:45;28.08.2025 09:00;64,250;-;-;-
28.08.2025 09:00;28.08.2025 09:15;12,750;-;-;-
28.08.2025 09:15;28.08.2025 09:30;12,750;-;-;-
28.08.2025 09:30;28.08.2025 09:45;12,750;-;-;-
28.08.2025 09:45;28.08.2025 10:00;12,750;-;-;-
28.08.2025 10:00;28.08.2025 10:15;6,000;-;-;-
28.08.2025 10:15;28.08.2025 10:30;6,000;-;-;-
28.08.2025 10:30;28.08.2025 10:45;6,000;-;-;-
28.08.2025 10:45;28.08.2025 11:00;6,000;-;-;-
28.08.2025 11:00;28.08.2025 11:15;1,750;-;-;-
28.08.2025 11:15;28.08.2025 11:30;1,750;-;-;-
28.08.2025 11:30;28.08.2025 11:45;1,750;-;-;-
28.08.2025 11:45;28.08.2025 12:00;1,750;-;-;-
28.08.2025 12:00;28.08.2025 12:15;0,000;-;-;-
28.08.2025 12:15;28.08.2025 12:30;0,000;-;-;-
28.08.2025 12:30;28.08.2025 12:45;0,000;-;-;-
28.08.2025 12:45;28.08.2025 13:00;0,000;-;-;-
28.08.2025 13:00;28.08.2025 13:15;0,000;-;-;-
28.08.2025 13:15;28.08.2025 13:30;0,000;-;-;-
28.08.2025 13:30;28.08.2025 13:45;0,000;-;-;-
28.08.2025 13:45;28.08.2025 14:00;0,000;-;-;-
28.08.2025 14:00;28.08.2025 14:15;0,000;-;-;-
28.08.2025 14:15;28.08.2025 14:30;0,000;-;-;-
28.08.2025 14:30;28.08.2025 14:45;0,000;-;-;-
28.08.2025 14:45;28.08.2025 15:00;0,000;-;-;-
28.08.2025 15:00;28.08.2025 15:15;0,000;-;-;-
28.08.2025 15:15;28.08.2025 15:30;0,000;-;-;-
28.08.2025 15:30;28.08.2025 15:45;0,000;-;-;-
28.08.2025 15:45;28.08.2025 16:00;0,000;-;-;-
28.08.2025 16:00;28.08.2025 16:15;6,750;-;-;-
28.08.2025 16:15;28.08.2025 16:30;6,750;-;-;-
28.08.2025 16:30;28.08.2025 16:45;6,750;-;-;-
28.08.2025 16:45;28.08.2025 17:00;6,750;-;-;-
28.08.2025 17:00;28.08.2025 17:15;53,500;-;-;-
28.08.2025 17:15;28.08.2025 17:30;53,500;-;-;-
28.08.2025 17:30;28.08.2025 17:45;53,500;-;-;-
28.08.2025 17:45;28.08.2025 18:00;53,500;-;-;-
28.08.2025 18:00;28.08.2025 18:15;97,500;-;-;-
28.08.2025 18:15;28.08.2025 18:30;97,500;-;-;-
28.08.2025 18:30;28.08.2025 18:45;97,500;-;-;-
28.08.2025 18:45;28.08.2025 19:00;97,500;-;-;-
28.08.2025 19:00;28.08.2025 19:15;82,750;-;-;-
28.08.2025 19:15;28.08.2025 19:30;82,750;-;-;-
28.08.2025 19:30;28.08.2025 19:45;82,750;-;-;-
28.08.2025 19:45;28.08.2025 20:00;82,750;-;-;-
28.08.2025 20:00;28.08.2025 20:15;92,750;-;-;-
28.08.2025 20:15;28.08.2025 20:30;92,750;-;-;-
28.08.2025 20:30;28.08.2025 20:45;92,750;-;-;-
28.08.2025 20:45;28.08.2025 21:00;92,750;-;-;-
28.08.2025 21:00;28.08.2025 21:15;24,500;-;-;-
28.08.2025 21:15;28.08.2025 21:30;24,500;-;-;-
28.08.2025 21:30;28.08.2025 21:45;24,500;-;-;-
28.08.2025 21:45;28.08.2025 22:00;24,500;-;-;-
28.08.2025 22:00;28.08.2025 22:15;2,250;-;-;-
28.08.2025 22:15;28.08.2025 22:30;2,250;-;-;-
28.08.2025 22:30;28.08.2025 22:45;2,250;-;-;-
28.08.2025 22:45;28.08.2025 23:00;2,250;-;-;-
28.08.2025 23:00;28.08.2025 23:15;13,500;-;-;-
28.08.2025 23:15;28.08.2025 23:30;13,500;-;-;-
28.08.2025 23:30;28.08.2025 23:45;13,500;-;-;-
28.08.2025 23:45;29.08.2025 00:00;13,500;-;-;-
29.08.2025 00:00;29.08.2025 00:15;9,500;-;-;-
29.08.2025 00:15;29.08.2025 00:30;9,500;-;-;-
29.08.2025 00:30;29.08.2025 00:45;9,500;-;-;-
29.08.2025 00:45;29.08.2025 01:00;9,500;-;-;-
29.08.2025 01:00;29.08.2025 01:15;6,500;-;-;-
29.08.2025 01:15;29.08.2025 01:30;6,500;-;-;-
29.08.2025 01:30;29.08.2025 01:45;6,500;-;-;-
29.08.2025 01:45;29.08.2025 02:00;6,500;-;-;-
29.08.2025 02:00;29.08.2025 02:15;2,000;-;-;-
29.08.2025 02:15;29.08.2025 02:30;2,000;-;-;-
29.08.2025 02:30;29.08.2025 02:45;2,000;-;-;-
29.08.2025 02:45;29.08.2025 03:00;2,000;-;-;-
29.08.2025 03:00;29.08.2025 03:15;0,000;-;-;-
29.08.2025 03:15;29.08.2025 03:30;0,000;-;-;-
29.08.2025 03:30;29.08.2025 03:45;0,000;-;-;-
29.08.2025 03:45;29.08.2025 04:00;0,000;-;-;-
29.08.2025 04:00;29.08.2025 04:15;0,000;-;-;-
29.08.2025 04:15;29.08.2025 04:30;0,000;-;-;-
29.08.2025 04:30;29.08.2025 04:45;0,000;-;-;-
29.08.2025 04:45;29.08.2025 05:00;0,000;-;-;-
29.08.2025 05:00;29.08.2025 05:15;0,000;-;-;-
29.08.2025 05:15;29.08.2025 05:30;0,000;-;-;-
29.08.2025 05:30;29.08.2025 05:45;0,000;-;-;-
29.08.2025 05:45;29.08.2025 06:00;0,000;-;-;-
29.08.2025 06:00;29.08.2025 06:15;13,750;-;-;-
29.08.2025 06:15;29.08.2025 06:30;13,750;-;-;-
29.08.2025 06:30;29.08.2025 06:45;13,750;-;-;-
29.08.2025 06:45;29.08.2025 07:00;13,750;-;-;-
29.08.2025 07:00;29.08.2025 07:15;92,000;-;-;-
29.08.2025 07:15;29.08.2025 07:30;92,000;-;-;-
29.08.2025 07:30;29.08.2025 07:45;92,000;-;-;-
29.08.2025 07:45;29.08.2025 08:00;92,000;-;-;-
29.08.2025 08:00;29.08.2025 08:15;59,750;-;-;-
29.08.2025 08:15;29.08.2025 08:30;59,750;-;-;-
29.08.2025 08:30;29.08.2025 08:45;59,750;-;-;-
29.08.2025 08:45;29.08.2025 09:00;59,750;-;-;-
29.08.2025 09:00;29.08.2025 09:15;10,000;-;-;-
29.08.2025 09:15;29.08.2025 09:30;10,000;-;-;-
29.08.2025 09:30;29.08.2025 09:45;10,000;-;-;-
29.08.2025 09:45;29.08.2025 10:00;10,000;-;-;-
29.08.2025 10:00;29.08.2025 10:15;15,000;-;-;-
29.08.2025 10:15;29.08.2025 10:30;15,000;-;-;-
29.08.2025 10:30;29.08.2025 10:45;15,000;-;-;-
29.08.2025 10:45;29.08.2025 11:00;15,000;-;-;-
29.08.2025 11:00;29.08.2025 11:15;0,750;-;-;-
29.08.2025 11:15;29.08.2025 11:30;0,750;-;-;-
29.08.2025 11:30;29.08.2025 11:45;0,750;-;-;-
29.08.2025 11:45;29.08.2025 12:00;0,750;-;-;-
29.08.2025 12:00;29.08.2025 12:15;3,750;-;-;-
29.08.2025 12:15;29.08.2025 12:30;3,750;-;-;-
29.08.2025 12:30;29.08.2025 12:45;3,750;-;-;-
29.08.2025 12:45;29.08.2025 13:00;3,750;-;-;-
29.08.2025 13:00;29.08.2025 13:15;0,000;-;-;-
29.08.2025 13:15;29.08.2025 13:30;0,000;-;-;-
29.08.2025 13:30;29.08.2025 13:45;0,000;-;-;-
29.08.2025 13:45;29.08.2025 14:00;0,000;-;-;-
29.08.2025 14:00;29.08.2025 14:15;0,000;-;-;-
29.08.2025 14:15;29.08.2025 14:30;0,000;-;-;-
29.08.2025 14:30;29.08.2025 14:45;0,000;-;-;-
29.08.2025 14:45;29.08.2025 15:00;0,000;-;-;-
29.08.2025 15:00;29.08.2025 15:15;0,000;-;-;-
29.08.2025 15:15;29.08.2025 15:30;0,000;-;-;-
29.08.2025 15:30;29.08.2025 15:45;0,000;-;-;-
29.08.2025 15:45;29.08.2025 16:00;0,000;-;-;-
29.08.2025 16:00;29.08.2025 16:15;43,250;-;-;-
29.08.2025 16:15;29.08.2025 16:30;43,250;-;-;-
29.08.2025 16:30;29.08.2025 16:45;43,250;-;-;-
29.08.2025 16:45;29.08.2025 17:00;43,250;-;-;-
29.08.2025 17:00;29.08.2025 17:15;25,250;-;-;-
29.08.2025 17:15;29.08.2025 17:30;25,250;-;-;-
29.08.2025 17:30;29.08.2025 17:45;25,250;-;-;-
29.08.2025 17:45;29.08.2025 18:00;25,250;-;-;-
29.08.2025 18:00;29.08.2025 18:15;59,000;-;-;-
29.08.2025 18:15;29.08.2025 18:30;59,000;-;-;-
29.08.2025 18:30;29.08.2025 18:45;59,000;-;-;-
29.08.2025 18:45;29.08.2025 19:00;59,000;-;-;-
29.08.2025 19:00;29.08.2025 19:15;45,250;-;-;-
29.08.2025 19:15;29.08.2025 19:30;45,250;-;-;-
29.08.2025 19:30;29.08.2025 19:45;45,250;-;-;-
29.08.2025 19:45;29.08.2025 20:00;45,250;-;-;-
29.08.2025 20:00;29.08.2025 20:15;59,250;-;-;-
29.08.2025 20:15;29.08.2025 20:30;59,250;-;-;-
29.08.2025 20:30;29.08.2025 20:45;59,250;-;-;-
29.08.2025 20:45;29.08.2025 21:00;59,250;-;-;-
29.08.2025 21:00;29.08.2025 21:15;7,000;-;-;-
29.08.2025 21:15;29.08.2025 21:30;7,000;-;-;-
29.08.2025 21:30;29.08.2025 21:45;7,000;-;-;-
29.08.2025 21:45;29.08.2025 22:00;7,000;-;-;-
29.08.2025 22:00;29.08.2025 22:15;3,000;-;-;-
29.08.2025 22:15;29.08.2025 22:30;3,000;-;-;-
29.08.2025 22:30;29.08.2025 22:45;3,000;-;-;-
29.08.2025 22:45;29.08.2025 23:00;3,000;-;-;-
29.08.2025 23:00;29.08.2025 23:15;11,750;-;-;-
29.08.2025 23:15;29.08.2025 23:30;11,750;-;-;-
29.08.2025 23:30;29.08.2025 23:45;11,750;-;-;-
29.08.2025 23:45;30.08.2025 00:00;11,750;-;-;-
30.08.2025 00:00;30.08.2025 00:15;7,500;-;-;-
30.08.2025 00:15;30.08.2025 00:30;7,500;-;-;-
30.08.2025 00:30;30.08.2025 00:45;7,500;-;-;-
30.08.2025 00:45;30.08.2025 01:00;7,500;-;-;-
30.08.2025 01:00;30.08.2025 01:15;1,000;-;-;-
30.08.2025 01:15;30.08.2025 01:30;1,000;-;-;-
30.08.2025 01:30;30.08.2025 01:45;1,000;-;-;-
30.08.2025 01:45;30.08.2025 02:00;1,000;-;-;-
30.08.2025 02:00;30.08.2025 02:15;0,000;-;-;-
30.08.2025 02:15;30.08.2025 02:30;0,000;-;-;-
30.08.2025 02:30;30.08.2025 02:45;0,000;-;-;-
30.08.2025 02:45;30.08.2025 03:00;0,000;-;-;-
30.08.2025 03:00;30.08.2025 03:15;8,750;-;-;-
30.08.2025 03:15;30.08.2025 03:30;8,750;-;-;-
30.08.2025 03:30;30.08.2025 03:45;8,750;-;-;-
30.08.2025 03:45;30.08.2025 04:00;8,750;-;-;-
30.08.2025 04:00;30.08.2025 04:15;2,750;-;-;-
30.08.2025 04:15;30.08.2025 04:30;2,750;-;-;-
30.08.2025 04:30;30.08.2025 04:45;2,750;-;-;-
30.08.2025 04:45;30.08.2025 05:00;2,750;-;-;-
30.08.2025 05:00;30.08.2025 05:15;0,750;-;-;-
30.08.2025 05:15;30.08.2025 05:30;0,750;-;-;-
30.08.2025 05:30;30.08.2025 05:45;0,750;-;-;-
30.08.2025 05:45;30.08.2025 06:00;0,750;-;-;-
30.08.2025 06:00;30.08.2025 06:15;0,000;-;-;-
30.08.2025 06:15;30.08.2025 06:30;0,000;-;-;-
30.08.2025 06:30;30.08.2025 06:45;0,000;-;-;-
30.08.2025 06:45;30.08.2025 07:00;0,000;-;-;-
30.08.2025 07:00;30.08.2025 07:15;0,000;-;-;-
30.08.2025 07:15;30.08.2025 07:30;0,000;-;-;-
30.08.2025 07:30;30.08.2025 07:45;0,000;-;-;-
30.08.2025 07:45;30.08.2025 08:00;0,000;-;-;-
30.08.2025 08:00;30.08.2025 08:15;0,000;-;-;-
30.08.2025 08:15;30.08.2025 08:30;0,000;-;-;-
30.08.2025 08:30;30.08.2025 08:45;0,000;-;-;-
30.08.2025 08:45;30.08.2025 09:00;0,000;-;-;-
30.08.2025 09:00;30.08.2025 09:15;0,000;-;-;-
30.08.2025 09:15;30.08.2025 09:30;0,000;-;-;-
30.08.2025 09:30;30.08.2025 09:45;0,000;-;-;-
30.08.2025 09:45;30.08.2025 10:00;0,000;-;-;-
30.08.2025 10:00;30.08.2025 10:15;0,000;-;-;-
30.08.2025 10:15;30.08.2025 10:30;0,000;-;-;-
30.08.2025 10:30;30.08.2025 10:45;0,000;-;-;-
30.08.2025 10:45;30.08.2025 11:00;0,000;-;-;-
30.08.2025 11:00;30.08.2025 11:15;0,000;-;-;-
30.08.2025 11:15;30.08.2025 11:30;0,000;-;-;-
30.08.2025 11:30;30.08.2025 11:45;0,000;-;-;-
30.08.2025 11:45;30.08.2025 12:00;0,000;-;-;-
30.08.2025 12:00;30.08.2025 12:15;0,000;-;-;-
30.08.2025 12:15;30.08.2025 12:30;0,000;-;-;-
30.08.2025 12:30;30.08.2025 12:45;0,000;-;-;-
30.08.2025 12:45;30.08.2025 13:00;0,000;-;-;-
30.08.2025 13:00;30.08.2025 13:15;0,000;-;-;-
30.08.2025 13:15;30.08.2025 13:30;0,000;-;-;-
30.08.2025 13:30;30.08.2025 13:45;0,000;-;-;-
30.08.2025 13:45;30.08.2025 14:00;0,000;-;-;-
30.08.2025 14:00;30.08.2025 14:15;0,000;-;-;-
30.08.2025 14:15;30.08.2025 14:30;0,000;-;-;-
30.08.2025 14:30;30.08.2025 14:45;0,000;-;-;-
30.08.2025 14:45;30.08.2025 15:00;0,000;-;-;-
30.08.2025 15:00;30.08.2025 15:15;0,000;-;-;-
30.08.2025 15:15;30.08.2025 15:30;0,000;-;-;-
30.08.2025 15:30;30.08.2025 15:45;0,000;-;-;-
30.08.2025 15:45;30.08.2025 16:00;0,000;-;-;-
30.08.2025 16:00;30.08.2025 16:15;0,000;-;-;-
30.08.2025 16:15;30.08.2025 16:30;0,000;-;-;-
30.08.2025 16:30;30.08.2025 16:45;0,000;-;-;-
30.08.2025 16:45;30.08.2025 17:00;0,000;-;-;-
30.08.2025 17:00;30.08.2025 17:15;0,000;-;-;-
30.08.2025 17:15;30.08.2025 17:30;0,000;-;-;-
30.08.2025 17:30;30.08.2025 17:45;0,000;-;-;-
30.08.2025 17:45;30.08.2025 18:00;0,000;-;-;-
30.08.2025 18:00;30.08.2025 18:15;78,500;-;-;-
30.08.2025 18:15;30.08.2025 18:30;78,500;-;-;-
30.08.2025 18:30;30.08.2025 18:45;78,500;-;-;-
30.08.2025 18:45;30.08.2025 19:00;78,500;-;-;-
30.08.2025 19:00;30.08.2025 19:15;113,500;-;-;-
30.08.2025 19:15;30.08.2025 19:30;113,500;-;-;-
30.08.2025 19:30;30.08.2025 19:45;113,500;-;-;-
30.08.2025 19:45;30.08.2025 20:00;113,500;-;-;-
30.08.2025 20:00;30.08.2025 20:15;112,250;-;-;-
30.08.2025 20:15;30.08.2025 20:30;112,250;-;-;-
30.08.2025 20:30;30.08.2025 20:45;112,250;-;-;-
30.08.2025 20:45;30.08.2025 21:00;112,250;-;-;-
30.08.2025 21:00;30.08.2025 21:15;104,250;-;-;-
30.08.2025 21:15;30.08.2025 21:30;104,250;-;-;-
30.08.2025 21:30;30.08.2025 21:45;104,250;-;-;-
30.08.2025 21:45;30.08.2025 22:00;104,250;-;-;-
30.08.2025 22:00;30.08.2025 22:15;100,000;-;-;-
30.08.2025 22:15;30.08.2025 22:30;100,000;-;-;-
30.08.2025 22:30;30.08.2025 22:45;100,000;-;-;-
30.08.2025 22:45;30.08.2025 23:00;100,000;-;-;-
30.08.2025 23:00;30.08.2025 23:15;66,250;-;-;-
30.08.2025 23:15;30.08.2025 23:30;66,250;-;-;-
30.08.2025 23:30;30.08.2025 23:45;66,250;-;-;-
30.08.2025 23:45;31.08.2025 00:00;66,250;-;-;-
31.08.2025 00:00;31.08.2025 00:15;37,000;-;-;-
31.08.2025 00:15;31.08.2025 00:30;37,000;-;-;-
31.08.2025 00:30;31.08.2025 00:45;37,000;-;-;-
31.08.2025 00:45;31.08.2025 01:00;37,000;-;-;-
31.08.2025 01:00;31.08.2025 01:15;6,000;-;-;-
31.08.2025 01:15;31.08.2025 01:30;6,000;-;-;-
31.08.2025 01:30;31.08.2025 01:45;6,000;-;-;-
31.08.2025 01:45;31.08.2025 02:00;6,000;-;-;-
31.08.2025 02:00;31.08.2025 02:15;0,000;-;-;-
31.08.2025 02:15;31.08.2025 02:30;0,000;-;-;-
31.08.2025 02:30;31.08.2025 02:45;0,000;-;-;-
31.08.2025 02:45;31.08.2025 03:00;0,000;-;-;-
31.08.2025 03:00;31.08.2025 03:15;0,000;-;-;-
31.08.2025 03:15;31.08.2025 03:30;0,000;-;-;-
31.08.2025 03:30;31.08.2025 03:45;0,000;-;-;-
31.08.2025 03:45;31.08.2025 04:00;0,000;-;-;-
31.08.2025 04:00;31.08.2025 04:15;0,000;-;-;-
31.08.2025 04:15;31.08.2025 04:30;0,000;-;-;-
31.08.2025 04:30;31.08.2025 04:45;0,000;-;-;-
31.08.2025 04:45;31.08.2025 05:00;0,000;-;-;-
31.08.2025 05:00;31.08.2025 05:15;0,000;-;-;-
31.08.2025 05:15;31.08.2025 05:30;0,000;-;-;-
31.08.2025 05:30;31.08.2025 05:45;0,000;-;-;-
31.08.2025 05:45;31.08.2025 06:00;0,000;-;-;-
31.08.2025 06:00;31.08.2025 06:15;0,000;-;-;-
31.08.2025 06:15;31.08.2025 06:30;0,000;-;-;-
31.08.2025 06:30;31.08.2025 06:45;0,000;-;-;-
31.08.2025 06:45;31.08.2025 07:00;0,000;-;-;-
31.08.2025 07:00;31.08.2025 07:15;13,000;-;-;-
31.08.2025 07:15;31.08.2025 07:30;13,000;-;-;-
31.08.2025 07:30;31.08.2025 07:45;13,000;-;-;-
31.08.2025 07:45;31.08.2025 08:00;13,000;-;-;-
31.08.2025 08:00;31.08.2025 08:15;0,000;-;-;-
31.08.2025 08:15;31.08.2025 08:30;0,000;-;-;-
31.08.2025 08:30;31.08.2025 08:45;0,000;-;-;-
31.08.2025 08:45;31.08.2025 09:00;0,000;-;-;-
31.08.2025 09:00;31.08.2025 09:15;0,000;-;-;-
31.08.2025 09:15;31.08.2025 09:30;0,000;-;-;-
31.08.2025 09:30;31.08.2025 09:45;0,000;-;-;-
31.08.2025 09:45;31.08.2025 10:00;0,000;-;-;-
31.08.2025 10:00;31.08.2025 10:15;0,000;-;-;-
31.08.2025 10:15;31.08.2025 10:30;0,000;-;-;-
31.08.2025 10:30;31.08.2025 10:45;0,000;-;-;-
31.08.2025 10:45;31.08.2025 11:00;0,000;-;-;-
31.08.2025 11:00;31.08.2025 11:15;0,000;-;-;-
31.08.2025 11:15;31.08.2025 11:30;0,000;-;-;-
31.08.2025 11:30;31.08.2025 11:45;0,000;-;-;-
31.08.2025 11:45;31.08.2025 12:00;0,000;-;-;-
31.08.2025 12:00;31.08.2025 12:15;0,000;-;-;-
31.08.2025 12:15;31.08.2025 12:30;0,000;-;-;-
31.08.2025 12:30;31.08.2025 12:45;0,000;-;-;-
31.08.2025 12:45;31.08.2025 13:00;0,000;-;-;-
31.08.2025 13:00;31.08.2025 13:15;0,000;-;-;-
31.08.2025 13:15;31.08.2025 13:30;0,000;-;-;-
31.08.2025 13:30;31.08.2025 13:45;0,000;-;-;-
31.08.2025 13:45;31.08.2025 14:00;0,000;-;-;-
31.08.2025 14:00;31.08.2025 14:15;0,000;-;-;-
31.08.2025 14:15;31.08.2025 14:30;0,000;-;-;-
31.08.2025 14:30;31.08.2025 14:45;0,000;-;-;-
31.08.2025 14:45;31.08.2025 15:00;0,000;-;-;-
31.08.2025 15:00;31.08.2025 15:15;0,000;-;-;-
31.08.2025 15:15;31.08.2025 15:30;0,000;-;-;-
31.08.2025 15:30;31.08.2025 15:45;0,000;-;-;-
31.08.2025 15:45;31.08.2025 16:00;0,000;-;-;-
31.08.2025 16:00;31.08.2025 16:15;0,000;-;-;-
31.08.2025 16:15;31.08.2025 16:30;0,000;-;-;-
31.08.2025 16:30;31.08.2025 16:45;0,000;-;-;-
31.08.2025 16:45;31.08.2025 17:00;0,000;-;-;-
31.08.2025 17:00;31.08.2025 17:15;25,250;-;-;-
31.08.2025 17:15;31.08.2025 17:30;25,250;-;-;-
31.08.2025 17:30;31.08.2025 17:45;25,250;-;-;-
31.08.2025 17:45;31.08.2025 18:00;25,250;-;-;-
31.08.2025 18:00;31.08.2025 18:15;34,500;-;-;-
31.08.2025 18:15;31.08.2025 18:30;34,500;-;-;-
31.08.2025 18:30;31.08.2025 18:45;34,500;-;-;-
31.08.2025 18:45;31.08.2025 19:00;34,500;-;-;-
31.08.2025 19:00;31.08.2025 19:15;85,750;-;-;-
31.08.2025 19:15;31.08.2025 19:30;85,750;-;-;-
31.08.2025 19:30;31.08.2025 19:45;85,750;-;-;-
31.08.2025 19:45;31.08.2025 20:00;85,750;-;-;-
31.08.2025 20:00;31.08.2025 20:15;112,750;-;-;-
31.08.2025 20:15;31.08.2025 20:30;112,750;-;-;-
31.08.2025 20:30;31.08.2025 20:45;112,750;-;-;-
31.08.2025 20:45;31.08.2025 21:00;112,750;-;-;-
31.08.2025 21:00;31.08.2025 21:15;21,000;-;-;-
31.08.2025 21:15;31.08.2025 21:30;21,000;-;-;-
31.08.2025 21:30;31.08.2025 21:45;21,000;-;-;-
31.08.2025 21:45;31.08.2025 22:00;21,000;-;-;-
31.08.2025 22:00;31.08.2025 22:15;0,000;-;-;-
31.08.2025 22:15;31.08.2025 22:30;0,000;-;-;-
31.08.2025 22:30;31.08.2025 22:45;0,000;-;-;-
31.08.2025 22:45;31.08.2025 23:00;0,000;-;-;-
31.08.2025 23:00;31.08.2025 23:15;0,000;-;-;-
31.08.2025 23:15;31.08.2025 23:30;0,000;-;-;-
31.08.2025 23:30;31.08.2025 23:45;0,000;-;-;-
31.08.2025 23:45;01.09.2025 00:00;0,000;-;-;-
01.09.2025 00:00;01.09.2025 00:15;12,250;-;-;-
01.09.2025 00:15;01.09.2025 00:30;12,250;-;-;-
01.09.2025 00:30;01.09.2025 00:45;12,250;-;-;-
01.09.2025 00:45;01.09.2025 01:00;12,250;-;-;-
01.09.2025 01:00;01.09.2025 01:15;0,000;-;-;-
01.09.2025 01:15;01.09.2025 01:30;0,000;-;-;-
01.09.2025 01:30;01.09.2025 01:45;0,000;-;-;-
01.09.2025 01:45;01.09.2025 02:00;0,000;-;-;-
01.09.2025 02:00;01.09.2025 02:15;0,000;-;-;-
01.09.2025 02:15;01.09.2025 02:30;0,000;-;-;-
01.09.2025 02:30;01.09.2025 02:45;0,000;-;-;-
01.09.2025 02:45;01.09.2025 03:00;0,000;-;-;-
01.09.2025 03:00;01.09.2025 03:15;0,000;-;-;-
01.09.2025 03:15;01.09.2025 03:30;0,000;-;-;-
01.09.2025 03:30;01.09.2025 03:45;0,000;-;-;-
01.09.2025 03:45;01.09.2025 04:00;0,000;-;-;-
01.09.2025 04:00;01.09.2025 04:15;0,000;-;-;-
01.09.2025 04:15;01.09.2025 04:30;0,000;-;-;-
01.09.2025 04:30;01.09.2025 04:45;0,000;-;-;-
01.09.2025 04:45;01.09.2025 05:00;0,000;-;-;-
01.09.2025 05:00;01.09.2025 05:15;38,250;-;-;-
01.09.2025 05:15;01.09.2025 05:30;38,250;-;-;-
01.09.2025 05:30;01.09.2025 05:45;38,250;-;-;-
01.09.2025 05:45;01.09.2025 06:00;38,250;-;-;-
01.09.2025 06:00;01.09.2025 06:15;27,750;-;-;-
01.09.2025 06:15;01.09.2025 06:30;27,750;-;-;-
01.09.2025 06:30;01.09.2025 06:45;27,750;-;-;-
01.09.2025 06:45;01.09.2025 07:00;27,750;-;-;-
01.09.2025 07:00;01.09.2025 07:15;72,500;-;-;-
01.09.2025 07:15;01.09.2025 07:30;72,500;-;-;-
01.09.2025 07:30;01.09.2025 07:45;72,500;-;-;-
01.09.2025 07:45;01.09.2025 08:00;72,500;-;-;-
01.09.2025 08:00;01.09.2025 08:15;44,750;-;-;-
01.09.2025 08:15;01.09.2025 08:30;44,750;-;-;-
01.09.2025 08:30;01.09.2025 08:45;44,750;-;-;-
01.09.2025 08:45;01.09.2025 09:00;44,750;-;-;-
01.09.2025 09:00;01.09.2025 09:15;28,000;-;-;-
01.09.2025 09:15;01.09.2025 09:30;28,000;-;-;-
01.09.2025 09:30;01.09.2025 09:45;28,000;-;-;-
01.09.2025 09:45;01.09.2025 10:00;28,000;-;-;-
01.09.2025 10:00;01.09.2025 10:15;103,000;-;-;-
01.09.2025 10:15;01.09.2025 10:30;103,000;-;-;-
01.09.2025 10:30;01.09.2025 10:45;103,000;-;-;-
01.09.2025 10:45;01.09.2025 11:00;103,000;-;-;-
01.09.2025 11:00;01.09.2025 11:15;26,000;-;-;-
01.09.2025 11:15;01.09.2025 11:30;26,000;-;-;-
01.09.2025 11:30;01.09.2025 11:45;26,000;-;-;-
01.09.2025 11:45;01.09.2025 12:00;26,000;-;-;-
01.09.2025 12:00;01.09.2025 12:15;40,750;-;-;-
01.09.2025 12:15;01.09.2025 12:30;40,750;-;-;-
01.09.2025 12:30;01.09.2025 12:45;40,750;-;-;-
01.09.2025 12:45;01.09.2025 13:00;40,750;-;-;-
01.09.2025 13:00;01.09.2025 13:15;0,000;-;-;-
01.09.2025 13:15;01.09.2025 13:30;0,000;-;-;-
01.09.2025 13:30;01.09.2025 13:45;0,000;-;-;-
01.09.2025 13:45;01.09.2025 14:00;0,000;-;-;-
01.09.2025 14:00;01.09.2025 14:15;0,000;-;-;-
01.09.2025 14:15;01.09.2025 14:30;0,000;-;-;-
01.09.2025 14:30;01.09.2025 14:45;0,000;-;-;-
01.09.2025 14:45;01.09.2025 15:00;0,000;-;-;-
01.09.2025 15:00;01.09.2025 15:15;0,000;-;-;-
01.09.2025 15:15;01.09.2025 15:30;0,000;-;-;-
01.09.2025 15:30;01.09.2025 15:45;0,000;-;-;-
01.09.2025 15:45;01.09.2025 16:00;0,000;-;-;-
01.09.2025 16:00;01.09.2025 16:15;0,000;-;-;-
01.09.2025 16:15;01.09.2025 16:30;0,000;-;-;-
01.09.2025 16:30;01.09.2025 16:45;0,000;-;-;-
01.09.2025 16:45;01.09.2025 17:00;0,000;-;-;-
01.09.2025 17:00;01.09.2025 17:15;0,000;-;-;-
01.09.2025 17:15;01.09.2025 17:30;0,000;-;-;-
01.09.2025 17:30;01.09.2025 17:45;0,000;-;-;-
01.09.2025 17:45;01.09.2025 18:00;0,000;-;-;-
01.09.2025 18:00;01.09.2025 18:15;92,750;-;-;-
01.09.2025 18:15;01.09.2025 18:30;92,750;-;-;-
01.09.2025 18:30;01.09.2025 18:45;92,750;-;-;-
01.09.2025 18:45;01.09.2025 19:00;92,750;-;-;-
01.09.2025 19:00;01.09.2025 19:15;82,750;-;-;-
01.09.2025 19:15;01.09.2025 19:30;82,750;-;-;-
01.09.2025 19:30;01.09.2025 19:45;82,750;-;-;-
01.09.2025 19:45;01.09.2025 20:00;82,750;-;-;-
01.09.2025 20:00;01.09.2025 20:15;105,000;-;-;-
01.09.2025 20:15;01.09.2025 20:30;105,000;-;-;-
01.09.2025 20:30;01.09.2025 20:45;105,000;-;-;-
01.09.2025 20:45;01.09.2025 21:00;105,000;-;-;-
01.09.2025 21:00;01.09.2025 21:15;58,750;-;-;-
01.09.2025 21:15;01.09.2025 21:30;58,750;-;-;-
01.09.2025 21:30;01.09.2025 21:45;58,750;-;-;-
01.09.2025 21:45;01.09.2025 22:00;58,750;-;-;-
01.09.2025 22:00;01.09.2025 22:15;0,000;-;-;-
01.09.2025 22:15;01.09.2025 22:30;0,000;-;-;-
01.09.2025 22:30;01.09.2025 22:45;0,000;-;-;-
01.09.2025 22:45;01.09.2025 23:00;0,000;-;-;-
01.09.2025 23:00;01.09.2025 23:15;0,000;-;-;-
01.09.2025 23:15;01.09.2025 23:30;0,000;-;-;-
01.09.2025 23:30;01.09.2025 23:45;0,000;-;-;-
01.09.2025 23:45;02.09.2025 00:00;0,000;-;-;-
02.09.2025 00:00;02.09.2025 00:15;0,000;-;-;-
02.09.2025 00:15;02.09.2025 00:30;0,000;-;-;-
02.09.2025 00:30;02.09.2025 00:45;0,000;-;-;-
02.09.2025 00:45;02.09.2025 01:00;0,000;-;-;-
02.09.2025 01:00;02.09.2025 01:15;0,000;-;-;-
02.09.2025 01:15;02.09.2025 01:30;0,000;-;-;-
02.09.2025 01:30;02.09.2025 01:45;0,000;-;-;-
02.09.2025 01:45;02.09.2025 02:00;0,000;-;-;-
02.09.2025 02:00;02.09.2025 02:15;0,000;-;-;-
02.09.2025 02:15;02.09.2025 02:30;0,000;-;-;-
02.09.2025 02:30;02.09.2025 02:45;0,000;-;-;-
02.09.2025 02:45;02.09.2025 03:00;0,000;-;-;-
02.09.2025 03:00;02.09.2025 03:15;0,000;-;-;-
02.09.2025 03:15;02.09.2025 03:30;0,000;-;-;-
02.09.2025 03:30;02.09.2025 03:45;0,000;-;-;-
02.09.2025 03:45;02.09.2025 04:00;0,000;-;-;-
02.09.2025 04:00;02.09.2025 04:15;0,000;-;-;-
02.09.2025 04:15;02.09.2025 04:30;0,000;-;-;-
02.09.2025 04:30;02.09.2025 04:45;0,000;-;-;-
02.09.2025 04:45;02.09.2025 05:00;0,000;-;-;-
02.09.2025 05:00;02.09.2025 05:15;0,000;-;-;-
02.09.2025 05:15;02.09.2025 05:30;0,000;-;-;-
02.09.2025 05:30;02.09.2025 05:45;0,000;-;-;-
02.09.2025 05:45;02.09.2025 06:00;0,000;-;-;-
02.09.2025 06:00;02.09.2025 06:15;46,000;-;-;-
02.09.2025 06:15;02.09.2025 06:30;46,000;-;-;-
02.09.2025 06:30;02.09.2025 06:45;46,000;-;-;-
02.09.2025 06:45;02.09.2025 07:00;46,000;-;-;-
02.09.2025 07:00;02.09.2025 07:15;102,750;-;-;-
02.09.2025 07:15;02.09.2025 07:30;102,750;-;-;-
02.09.2025 07:30;02.09.2025 07:45;102,750;-;-;-
02.09.2025 07:45;02.09.2025 08:00;102,750;-;-;-
02.09.2025 08:00;02.09.2025 08:15;58,500;-;-;-
02.09.2025 08:15;02.09.2025 08:30;58,500;-;-;-
02.09.2025 08:30;02.09.2025 08:45;58,500;-;-;-
02.09.2025 08:45;02.09.2025 09:00;58,500;-;-;-
02.09.2025 09:00;02.09.2025 09:15;11,750;-;-;-
02.09.2025 09:15;02.09.2025 09:30;11,750;-;-;-
02.09.2025 09:30;02.09.2025 09:45;11,750;-;-;-
02.09.2025 09:45;02.09.2025 10:00;11,750;-;-;-
02.09.2025 10:00;02.09.2025 10:15;6,000;-;-;-
02.09.2025 10:15;02.09.2025 10:30;6,000;-;-;-
02.09.2025 10:30;02.09.2025 10:45;6,000;-;-;-
02.09.2025 10:45;02.09.2025 11:00;6,000;-;-;-
02.09.2025 11:00;02.09.2025 11:15;0,000;-;-;-
02.09.2025 11:15;02.09.2025 11:30;0,000;-;-;-
02.09.2025 11:30;02.09.2025 11:45;0,000;-;-;-
02.09.2025 11:45;02.09.2025 12:00;0,000;-;-;-
02.09.2025 12:00;02.09.2025 12:15;0,000;-;-;-
02.09.2025 12:15;02.09.2025 12:30;0,000;-;-;-
02.09.2025 12:30;02.09.2025 12:45;0,000;-;-;-
02.09.2025 12:45;02.09.2025 13:00;0,000;-;-;-
02.09.2025 13:00;02.09.2025 13:15;0,000;-;-;-
02.09.2025 13:15;02.09.2025 13:30;0,000;-;-;-
02.09.2025 13:30;02.09.2025 13:45;0,000;-;-;-
02.09.2025 13:45;02.09.2025 14:00;0,000;-;-;-
02.09.2025 14:00;02.09.2025 14:15;0,000;-;-;-
02.09.2025 14:15;02.09.2025 14:30;0,000;-;-;-
02.09.2025 14:30;02.09.2025 14:45;0,000;-;-;-
02.09.2025 14:45;02.09.2025 15:00;0,000;-;-;-
02.09.2025 15:00;02.09.2025 15:15;0,000;-;-;-
02.09.2025 15:15;02.09.2025 15:30;0,000;-;-;-
02.09.2025 15:30;02.09.2025 15:45;0,000;-;-;-
02.09.2025 15:45;02.09.2025 16:00;0,000;-;-;-
02.09.2025 16:00;02.09.2025 16:15;0,000;-;-;-
02.09.2025 16:15;02.09.2025 16:30;0,000;-;-;-
02.09.2025 16:30;02.09.2025 16:45;0,000;-;-;-
02.09.2025 16:45;02.09.2025 17:00;0,000;-;-;-
02.09.2025 17:00;02.09.2025 17:15;0,000;-;-;-
02.09.2025 17:15;02.09.2025 17:30;0,000;-;-;-
02.09.2025 17:30;02.09.2025 17:45;0,000;-;-;-
02.09.2025 17:45;02.09.2025 18:00;0,000;-;-;-
02.09.2025 18:00;02.09.2025 18:15;47,000;-;-;-
02.09.2025 18:15;02.09.2025 18:30;47,000;-;-;-
02.09.2025 18:30;02.09.2025 18:45;47,000;-;-;-
02.09.2025 18:45;02.09.2025 19:00;47,000;-;-;-
02.09.2025 19:00;02.09.2025 19:15;76,750;-;-;-
02.09.2025 19:15;02.09.2025 19:30;76,750;-;-;-
02.09.2025 19:30;02.09.2025 19:45;76,750;-;-;-
02.09.2025 19:45;02.09.2025 20:00;76,750;-;-;-
02.09.2025 20:00;02.09.2025 20:15;89,500;-;-;-
02.09.2025 20:15;02.09.2025 20:30;89,500;-;-;-
02.09.2025 20:30;02.09.2025 20:45;89,500;-;-;-
02.09.2025 20:45;02.09.2025 21:00;89,500;-;-;-
02.09.2025 21:00;02.09.2025 21:15;86,500;-;-;-
02.09.2025 21:15;02.09.2025 21:30;86,500;-;-;-
02.09.2025 21:30;02.09.2025 21:45;86,500;-;-;-
02.09.2025 21:45;02.09.2025 22:00;86,500;-;-;-
02.09.2025 22:00;02.09.2025 22:15;2,250;-;-;-
02.09.2025 22:15;02.09.2025 22:30;2,250;-;-;-
02.09.2025 22:30;02.09.2025 22:45;2,250;-;-;-
02.09.2025 22:45;02.09.2025 23:00;2,250;-;-;-
02.09.2025 23:00;02.09.2025 23:15;0,000;-;-;-
02.09.2025 23:15;02.09.2025 23:30;0,000;-;-;-
02.09.2025 23:30;02.09.2025 23:45;0,000;-;-;-
02.09.2025 23:45;03.09.2025 00:00;0,000;-;-;-
03.09.2025 00:00;03.09.2025 00:15;7,250;-;-;-
03.09.2025 00:15;03.09.2025 00:30;7,250;-;-;-
03.09.2025 00:30;03.09.2025 00:45;7,250;-;-;-
03.09.2025 00:45;03.09.2025 01:00;7,250;-;-;-
03.09.2025 01:00;03.09.2025 01:15;56,000;-;-;-
03.09.2025 01:15;03.09.2025 01:30;56,000;-;-;-
03.09.2025 01:30;03.09.2025 01:45;56,000;-;-;-
03.09.2025 01:45;03.09.2025 02:00;56,000;-;-;-
03.09.2025 02:00;03.09.2025 02:15;0,000;-;-;-
03.09.2025 02:15;03.09.2025 02:30;0,000;-;-;-
03.09.2025 02:30;03.09.2025 02:45;0,000;-;-;-
03.09.2025 02:45;03.09.2025 03:00;0,000;-;-;-
03.09.2025 03:00;03.09.2025 03:15;0,000;-;-;-
03.09.2025 03:15;03.09.2025 03:30;0,000;-;-;-
03.09.2025 03:30;03.09.2025 03:45;0,000;-;-;-
03.09.2025 03:45;03.09.2025 04:00;0,000;-;-;-
03.09.2025 04:00;03.09.2025 04:15;0,000;-;-;-
03.09.2025 04:15;03.09.2025 04:30;0,000;-;-;-
03.09.2025 04:30;03.09.2025 04:45;0,000;-;-;-
03.09.2025 04:45;03.09.2025 05:00;0,000;-;-;-
03.09.2025 05:00;03.09.2025 05:15;0,000;-;-;-
03.09.2025 05:15;03.09.2025 05:30;0,000;-;-;-
03.09.2025 05:30;03.09.2025 05:45;0,000;-;-;-
03.09.2025 05:45;03.09.2025 06:00;0,000;-;-;-
03.09.2025 06:00;03.09.2025 06:15;25,250;-;-;-
03.09.2025 06:15;03.09.2025 06:30;25,250;-;-;-
03.09.2025 06:30;03.09.2025 06:45;25,250;-;-;-
03.09.2025 06:45;03.09.2025 07:00;25,250;-;-;-
03.09.2025 07:00;03.09.2025 07:15;8,750;-;-;-
03.09.2025 07:15;03.09.2025 07:30;8,750;-;-;-
03.09.2025 07:30;03.09.2025 07:45;8,750;-;-;-
03.09.2025 07:45;03.09.2025 08:00;8,750;-;-;-
03.09.2025 08:00;03.09.2025 08:15;1,000;-;-;-
03.09.2025 08:15;03.09.2025 08:30;1,000;-;-;-
03.09.2025 08:30;03.09.2025 08:45;1,000;-;-;-
03.09.2025 08:45;03.09.2025 09:00;1,000;-;-;-
03.09.2025 09:00;03.09.2025 09:15;0,000;-;-;-
03.09.2025 09:15;03.09.2025 09:30;0,000;-;-;-
03.09.2025 09:30;03.09.2025 09:45;0,000;-;-;-
03.09.2025 09:45;03.09.2025 10:00;0,000;-;-;-
03.09.2025 10:00;03.09.2025 10:15;0,000;-;-;-
03.09.2025 10:15;03.09.2025 10:30;0,000;-;-;-
03.09.2025 10:30;03.09.2025 10:45;0,000;-;-;-
03.09.2025 10:45;03.09.2025 11:00;0,000;-;-;-
03.09.2025 11:00;03.09.2025 11:15;0,000;-;-;-
03.09.2025 11:15;03.09.2025 11:30;0,000;-;-;-
03.09.2025 11:30;03.09.2025 11:45;0,000;-;-;-
03.09.2025 11:45;03.09.2025 12:00;0,000;-;-;-
03.09.2025 12:00;03.09.2025 12:15;0,000;-;-;-
03.09.2025 12:15;03.09.2025 12:30;0,000;-;-;-
03.09.2025 12:30;03.09.2025 12:45;0,000;-;-;-
03.09.2025 12:45;03.09.2025 13:00;0,000;-;-;-
03.09.2025 13:00;03.09.2025 13:15;0,000;-;-;-
03.09.2025 13:15;03.09.2025 13:30;0,000;-;-;-
03.09.2025 13:30;03.09.2025 13:45;0,000;-;-;-
03.09.2025 13:45;03.09.2025 14:00;0,000;-;-;-
03.09.2025 14:00;03.09.2025 14:15;0,000;-;-;-
03.09.2025 14:15;03.09.2025 14:30;0,000;-;-;-
03.09.2025 14:30;03.09.2025 14:45;0,000;-;-;-
03.09.2025 14:45;03.09.2025 15:00;0,000;-;-;-
03.09.2025 15:00;03.09.2025 15:15;0,000;-;-;-
03.09.2025 15:15;03.09.2025 15:30;0,000;-;-;-
03.09.2025 15:30;03.09.2025 15:45;0,000;-;-;-
03.09.2025 15:45;03.09.2025 16:00;0,000;-;-;-
03.09.2025 16:00;03.09.2025 16:15;0,000;-;-;-
03.09.2025 16:15;03.09.2025 16:30;0,000;-;-;-
03.09.2025 16:30;03.09.2025 16:45;0,000;-;-;-
03.09.2025 16:45;03.09.2025 17:00;0,000;-;-;-
03.09.2025 17:00;03.09.2025 17:15;0,000;-;-;-
03.09.2025 17:15;03.09.2025 17:30;0,000;-;-;-
03.09.2025 17:30;03.09.2025 17:45;0,000;-;-;-
03.09.2025 17:45;03.09.2025 18:00;0,000;-;-;-
03.09.2025 18:00;03.09.2025 18:15;26,750;-;-;-
03.09.2025 18:15;03.09.2025 18:30;26,750;-;-;-
03.09.2025 18:30;03.09.2025 18:45;26,750;-;-;-
03.09.2025 18:45;03.09.2025 19:00;26,750;-;-;-
03.09.2025 19:00;03.09.2025 19:15;56,750;-;-;-
03.09.2025 19:15;03.09.2025 19:30;56,750;-;-;-
03.09.2025 19:30;03.09.2025 19:45;56,750;-;-;-
03.09.2025 19:45;03.09.2025 20:00;56,750;-;-;-
03.09.2025 20:00;03.09.2025 20:15;66,750;-;-;-
03.09.2025 20:15;03.09.2025 20:30;66,750;-;-;-
03.09.2025 20:30;03.09.2025 20:45;66,750;-;-;-
03.09.2025 20:45;03.09.2025 21:00;66,750;-;-;-
03.09.2025 21:00;03.09.2025 21:15;14,500;-;-;-
03.09.2025 21:15;03.09.2025 21:30;14,500;-;-;-
03.09.2025 21:30;03.09.2025 21:45;14,500;-;-;-
03.09.2025 21:45;03.09.2025 22:00;14,500;-;-;-
03.09.2025 22:00;03.09.2025 22:15;9,000;-;-;-
03.09.2025 22:15;03.09.2025 22:30;9,000;-;-;-
03.09.2025 22:30;03.09.2025 22:45;9,000;-;-;-
03.09.2025 22:45;03.09.2025 23:00;9,000;-;-;-
03.09.2025 23:00;03.09.2025 23:15;-;-;-;-
03.09.2025 23:15;03.09.2025 23:30;-;-;-;-
03.09.2025 23:30;03.09.2025 23:45;-;-;-;-
03.09.2025 23:45;04.09.2025 00:00;-;-;-;-
04.09.2025 00:00;04.09.2025 00:15;-;-;-;-
04.09.2025 00:15;04.09.2025 00:30;-;-;-;-
04.09.2025 00:30;04.09.2025 00:45;-;-;-;-
04.09.2025 00:45;04.09.2025 01:00;-;-;-;-
04.09.2025 01:00;04.09.2025 01:15;-;-;-;-
04.09.2025 01:15;04.09.2025 01:30;-;-;-;-
04.09.2025 01:30;04.09.2025 01:45;-;-;-;-
04.09.2025 01:45;04.09.2025 02:00;-;-;-;-
04.09.2025 02:00;04.09.2025 02:15;-;-;-;-
04.09.2025 02:15;04.09.2025 02:30;-;-;-;-
04.09.2025 02:30;04.09.2025 02:45;-;-;-;-
04.09.2025 02:45;04.09.2025 03:00;-;-;-;-
04.09.2025 03:00;04.09.2025 03:15;-;-;-;-
04.09.2025 03:15;04.09.2025 03:30;-;-;-;-
04.09.2025 03:30;04.09.2025 03:45;-;-;-;-
04.09.2025 03:45;04.09.2025 04:00;-;-;-;-
04.09.2025 04:00;04.09.2025 04:15;-;-;-;-
04.09.2025 04:15;04.09.2025 04:30;-;-;-;-
04.09.2025 04:30;04.09.2025 04:45;-;-;-;-
04.09.2025 04:45;04.09.2025 05:00;-;-;-;-
04.09.2025 05:00;04.09.2025 05:15;-;-;-;-
04.09.2025 05:15;04.09.2025 05:30;-;-;-;-
04.09.2025 05:30;04.09.2025 05:45;-;-;-;-
04.09.2025 05:45;04.09.2025 06:00;-;-;-;-
04.09.2025 06:00;04.09.2025 06:15;-;-;-;-
04.09.2025 06:15;04.09.2025 06:30;-;-;-;-
04.09.2025 06:30;04.09.2025 06:45;-;-;-;-
04.09.2025 06:45;04.09.2025 07:00;-;-;-;-
04.09.2025 07:00;04.09.2025 07:15;-;-;-;-
04.09.2025 07:15;04.09.2025 07:30;-;-;-;-
04.09.2025 07:30;04.09.2025 07:45;-;-;-;-
04.09.2025 07:45;04.09.2025 08:00;-;-;-;-
04.09.2025 08:00;04.09.2025 08:15;-;-;-;-
04.09.2025 08:15;04.09.2025 08:30;-;-;-;-
04.09.2025 08:30;04.09.2025 08:45;-;-;-;-
04.09.2025 08:45;04.09.2025 09:00;-;-;-;-
04.09.2025 09:00;04.09.2025 09:15;-;-;-;-
04.09.2025 09:15;04.09.2025 09:30;-;-;-;-
04.09.2025 09:30;04.09.2025 09:45;-;-;-;-
04.09.2025 09:45;04.09.2025 10:00;-;-;-;-
04.09.2025 10:00;04.09.2025 10:15;-;-;-;-
04.09.2025 10:15;04.09.2025 10:30;-;-;-;-
04.09.2025 10:30;04.09.2025 10:45;-;-;-;-
04.09.2025 10:45;04.09.2025 11:00;-;-;-;-
04.09.2025 11:00;04.09.2025 11:15;-;-;-;-
04.09.2025 11:15;04.09.2025 11:30;-;-;-;-
04.09.2025 11:30;04.09.2025 11:45;-;-;-;-
04.09.2025 11:45;04.09.2025 12:00;-;-;-;-
04.09.2025 12:00;04.09.2025 12:15;-;-;-;-
04.09.2025 12:15;04.09.2025 12:30;-;-;-;-
04.09.2025 12:30;04.09.2025 12:45;-;-;-;-
04.09.2025 12:45;04.09.2025 13:00;-;-;-;-
04.09.2025 13:00;04.09.2025 13:15;-;-;-;-
04.09.2025 13:15;04.09.2025 13:30;-;-;-;-
04.09.2025 13:30;04.09.2025 13:45;-;-;-;-
04.09.2025 13:45;04.09.2025 14:00;-;-;-;-
04.09.2025 14:00;04.09.2025 14:15;-;-;-;-
04.09.2025 14:15;04.09.2025 14:30;-;-;-;-
04.09.2025 14:30;04.09.2025 14:45;-;-;-;-
04.09.2025 14:45;04.09.2025 15:00;-;-;-;-
04.09.2025 15:00;04.09.2025 15:15;-;-;-;-
04.09.2025 15:15;04.09.2025 15:30;-;-;-;-
04.09.2025 15:30;04.09.2025 15:45;-;-;-;-
04.09.2025 15:45;04.09.2025 16:00;-;-;-;-
04.09.2025 16:00;04.09.2025 16:15;-;-;-;-
04.09.2025 16:15;04.09.2025 16:30;-;-;-;-
04.09.2025 16:30;04.09.2025 16:45;-;-;-;-
04.09.2025 16:45;04.09.2025 17:00;-;-;-;-
04.09.2025 17:00;04.09.2025 17:15;-;-;-;-
04.09.2025 17:15;04.09.2025 17:30;-;-;-;-
04.09.2025 17:30;04.09.2025 17:45;-;-;-;-
04.09.2025 17:45;04.09.2025 18:00;-;-;-;-
04.09.2025 18:00;04.09.2025 18:15;-;-;-;-
04.09.2025 18:15;04.09.2025 18:30;-;-;-;-
04.09.2025 18:30;04.09.2025 18:45;-;-;-;-
04.09.2025 18:45;04.09.2025 19:00;-;-;-;-
04.09.2025 19:00;04.09.2025 19:15;-;-;-;-
04.09.2025 19:15;04.09.2025 19:30;-;-;-;-
04.09.2025 19:30;04.09.2025 19:45;-;-;-;-
04.09.2025 19:45;04.09.2025 20:00;-;-;-;-
04.09.2025 20:00;04.09.2025 20:15;-;-;-;-
04.09.2025 20:15;04.09.2025 20:30;-;-;-;-
04.09.2025 20:30;04.09.2025 20:45;-;-;-;-
04.09.2025 20:45;04.09.2025 21:00;-;-;-;-
04.09.2025 21:00;04.09.2025 21:15;-;-;-;-
04.09.2025 21:15;04.09.2025 21:30;-;-;-;-
04.09.2025 21:30;04.09.2025 21:45;-;-;-;-
04.09.2025 21:45;04.09.2025 22:00;-;-;-;-
04.09.2025 22:00;04.09.2025 22:15;-;-;-;-
04.09.2025 22:15;04.09.2025 22:30;-;-;-;-
04.09.2025 22:30;04.09.2025 22:45;-;-;-;-
04.09.2025 22:45;04.09.2025 23:00;-;-;-;-
04.09.2025 23:00;04.09.2025 23:15;-;-;-;-
04.09.2025 23:15;04.09.2025 23:30;-;-;-;-
04.09.2025 23:30;04.09.2025 23:45;-;-;-;-
04.09.2025 23:45;05.09.2025 00:00;-;-;-;-
05.09.2025 00:00;05.09.2025 00:15;-;-;-;-
05.09.2025 00:15;05.09.2025 00:30;-;-;-;-
05.09.2025 00:30;05.09.2025 00:45;-;-;-;-
05.09.2025 00:45;05.09.2025 01:00;-;-;-;-
05.09.2025 01:00;05.09.2025 01:15;-;-;-;-
05.09.2025 01:15;05.09.2025 01:30;-;-;-;-
05.09.2025 01:30;05.09.2025 01:45;-;-;-;-
05.09.2025 01:45;05.09.2025 02:00;-;-;-;-
05.09.2025 02:00;05.09.2025 02:15;-;-;-;-
05.09.2025 02:15;05.09.2025 02:30;-;-;-;-
05.09.2025 02:30;05.09.2025 02:45;-;-;-;-
05.09.2025 02:45;05.09.2025 03:00;-;-;-;-
05.09.2025 03:00;05.09.2025 03:15;-;-;-;-
05.09.2025 03:15;05.09.2025 03:30;-;-;-;-
05.09.2025 03:30;05.09.2025 03:45;-;-;-;-
05.09.2025 03:45;05.09.2025 04:00;-;-;-;-
05.09.2025 04:00;05.09.2025 04:15;-;-;-;-
05.09.2025 04:15;05.09.2025 04:30;-;-;-;-
05.09.2025 04:30;05.09.2025 04:45;-;-;-;-
05.09.2025 04:45;05.09.2025 05:00;-;-;-;-
05.09.2025 05:00;05.09.2025 05:15;-;-;-;-
05.09.2025 05:15;05.09.2025 05:30;-;-;-;-
05.09.2025 05:30;05.09.2025 05:45;-;-;-;-
05.09.2025 05:45;05.09.2025 06:00;-;-;-;-
05.09.2025 06:00;05.09.2025 06:15;-;-;-;-
05.09.2025 06:15;05.09.2025 06:30;-;-;-;-
05.09.2025 06:30;05.09.2025 06:45;-;-;-;-
05.09.2025 06:45;05.09.2025 07:00;-;-;-;-
05.09.2025 07:00;05.09.2025 07:15;-;-;-;-
05.09.2025 07:15;05.09.2025 07:30;-;-;-;-
05.09.2025 07:30;05.09.2025 07:45;-;-;-;-
05.09.2025 07:45;05.09.2025 08:00;-;-;-;-
05.09.2025 08:00;05.09.2025 08:15;-;-;-;-
05.09.2025 08:15;05.09.2025 08:30;-;-;-;-
05.09.2025 08:30;05.09.2025 08:45;-;-;-;-
05.09.2025 08:45;05.09.2025 09:00;-;-;-;-
05.09.2025 09:00;05.09.2025 09:15;-;-;-;-
05.09.2025 09:15;05.09.2025 09:30;-;-;-;-
05.09.2025 09:30;05.09.2025 09:45;-;-;-;-
05.09.2025 09:45;05.09.2025 10:00;-;-;-;-
05.09.2025 10:00;05.09.2025 10:15;-;-;-;-
05.09.2025 10:15;05.09.2025 10:30;-;-;-;-
05.09.2025 10:30;05.09.2025 10:45;-;-;-;-
05.09.2025 10:45;05.09.2025 11:00;-;-;-;-
05.09.2025 11:00;05.09.2025 11:15;-;-;-;-
05.09.2025 11:15;05.09.2025 11:30;-;-;-;-
05.09.2025 11:30;05.09.2025 11:45;-;-;-;-
05.09.2025 11:45;05.09.2025 12:00;-;-;-;-
05.09.2025 12:00;05.09.2025 12:15;-;-;-;-
05.09.2025 12:15;05.09.2025 12:30;-;-;-;-
05.09.2025 12:30;05.09.2025 12:45;-;-;-;-
05.09.2025 12:45;05.09.2025 13:00;-;-;-;-
05.09.2025 13:00;05.09.2025 13:15;-;-;-;-
05.09.2025 13:15;05.09.2025 13:30;-;-;-;-
05.09.2025 13:30;05.09.2025 13:45;-;-;-;-
05.09.2025 13:45;05.09.2025 14:00;-;-;-;-
05.09.2025 14:00;05.09.2025 14:15;-;-;-;-
05.09.2025 14:15;05.09.2025 14:30;-;-;-;-
05.09.2025 14:30;05.09.2025 14:45;-;-;-;-
05.09.2025 14:45;05.09.2025 15:00;-;-;-;-
05.09.2025 15:00;05.09.2025 15:15;-;-;-;-
05.09.2025 15:15;05.09.2025 15:30;-;-;-;-
05.09.2025 15:30;05.09.2025 15:45;-;-;-;-
05.09.2025 15:45;05.09.2025 16:00;-;-;-;-
05.09.2025 16:00;05.09.2025 16:15;-;-;-;-
05.09.2025 16:15;05.09.2025 16:30;-;-;-;-
05.09.2025 16:30;05.09.2025 16:45;-;-;-;-
05.09.2025 16:45;05.09.2025 17:00;-;-;-;-
05.09.2025 17:00;05.09.2025 17:15;-;-;-;-
05.09.2025 17:15;05.09.2025 17:30;-;-;-;-
05.09.2025 17:30;05.09.2025 17:45;-;-;-;-
05.09.2025 17:45;05.09.2025 18:00;-;-;-;-
05.09.2025 18:00;05.09.2025 18:15;-;-;-;-
05.09.2025 18:15;05.09.2025 18:30;-;-;-;-
05.09.2025 18:30;05.09.2025 18:45;-;-;-;-
05.09.2025 18:45;05.09.2025 19:00;-;-;-;-
05.09.2025 19:00;05.09.2025 19:15;-;-;-;-
05.09.2025 19:15;05.09.2025 19:30;-;-;-;-
05.09.2025 19:30;05.09.2025 19:45;-;-;-;-
05.09.2025 19:45;05.09.2025 20:00;-;-;-;-
05.09.2025 20:00;05.09.2025 20:15;-;-;-;-
05.09.2025 20:15;05.09.2025 20:30;-;-;-;-
05.09.2025 20:30;05.09.2025 20:45;-;-;-;-
05.09.2025 20:45;05.09.2025 21:00;-;-;-;-
05.09.2025 21:00;05.09.2025 21:15;-;-;-;-
05.09.2025 21:15;05.09.2025 21:30;-;-;-;-
05.09.2025 21:30;05.09.2025 21:45;-;-;-;-
05.09.2025 21:45;05.09.2025 22:00;-;-;-;-
05.09.2025 22:00;05.09.2025 22:15;-;-;-;-
05.09.2025 22:15;05.09.2025 22:30;-;-;-;-
05.09.2025 22:30;05.09.2025 22:45;-;-;-;-
05.09.2025 22:45;05.09.2025 23:00;-;-;-;-
05.09.2025 23:00;05.09.2025 23:15;-;-;-;-
05.09.2025 23:15;05.09.2025 23:30;-;-;-;-
05.09.2025 23:30;05.09.2025 23:45;-;-;-;-
05.09.2025 23:45;06.09.2025 00:00;-;-;-;-
