Datum von;Datum bis;Generation_DE M1 [MW] Berechnete Auflösungen;Generation_DE M2 [MW] Berechnete Auflösungen;Generation_DE M3 [MW] Berechnete Auflösungen
26.08.2025 00:00;26.08.2025 00:15;8,500;8,500;3,750
26.08.2025 00:15;26.08.2025 00:30;8,500;8,500;3,750
26.08.2025 00:30;26.08.2025 00:45;8,500;8,500;3,750
26.08.2025 00:45;26.08.2025 01:00;8,500;8,500;3,750
26.08.2025 01:00;26.08.2025 01:15;1,750;1,750;0,500
26.08.2025 01:15;26.08.2025 01:30;1,750;1,750;0,500
26.08.2025 01:30;26.08.2025 01:45;1,750;1,750;0,500
26.08.2025 01:45;26.08.2025 02:00;1,750;1,750;0,500
26.08.2025 02:00;26.08.2025 02:15;1,750;2,000;0,000
26.08.2025 02:15;26.08.2025 02:30;1,750;2,000;0,000
26.08.2025 02:30;26.08.2025 02:45;1,750;2,000;0,000
26.08.2025 02:45;26.08.2025 03:00;1,750;2,000;0,000
26.08.2025 03:00;26.08.2025 03:15;0,750;1,000;0,000
26.08.2025 03:15;26.08.2025 03:30;0,750;1,000;0,000
26.08.2025 03:30;26.08.2025 03:45;0,750;1,000;0,000
26.08.2025 03:45;26.08.2025 04:00;0,750;1,000;0,000
26.08.2025 04:00;26.08.2025 04:15;1,750;4,750;0,500
26.08.2025 04:15;26.08.2025 04:30;1,750;4,750;0,500
26.08.2025 04:30;26.08.2025 04:45;1,750;4,750;0,500
26.08.2025 04:45;26.08.2025 05:00;1,750;4,750;0,500
26.08.2025 05:00;26.08.2025 05:15;10,000;15,500;4,250
26.08.2025 05:15;26.08.2025 05:30;10,000;15,500;4,250
26.08.2025 05:30;26.08.2025 05:45;10,000;15,500;4,250
26.08.2025 05:45;26.08.2025 06:00;10,000;15,500;4,250
26.08.2025 06:00;26.08.2025 06:15;30,250;30,500;34,500
26.08.2025 06:15;26.08.2025 06:30;30,250;30,500;34,500
26.08.2025 06:30;26.08.2025 06:45;30,250;30,500;34,500
26.08.2025 06:45;26.08.2025 07:00;30,250;30,500;34,500
26.08.2025 07:00;26.08.2025 07:15;19,250;19,500;3,500
26.08.2025 07:15;26.08.2025 07:30;19,250;19,500;3,500
26.08.2025 07:30;26.08.2025 07:45;19,250;19,500;3,500
26.08.2025 07:45;26.08.2025 08:00;19,250;19,500;3,500
26.08.2025 08:00;26.08.2025 08:15;4,500;7,000;8,750
26.08.2025 08:15;26.08.2025 08:30;4,500;7,000;8,750
26.08.2025 08:30;26.08.2025 08:45;4,500;7,000;8,750
26.08.2025 08:45;26.08.2025 09:00;4,500;7,000;8,750
26.08.2025 09:00;26.08.2025 09:15;1,750;16,000;5,750
26.08.2025 09:15;26.08.2025 09:30;1,750;16,000;5,750
26.08.2025 09:30;26.08.2025 09:45;1,750;16,000;5,750
26.08.2025 09:45;26.08.2025 10:00;1,750;16,000;5,750
26.08.2025 10:00;26.08.2025 10:15;0,000;0,250;0,250
26.08.2025 10:15;26.08.2025 10:30;0,000;0,250;0,250
26.08.2025 10:30;26.08.2025 10:45;0,000;0,250;0,250
26.08.2025 10:45;26.08.2025 11:00;0,000;0,250;0,250
26.08.2025 11:00;26.08.2025 11:15;1,250;1,250;9,250
26.08.2025 11:15;26.08.2025 11:30;1,250;1,250;9,250
26.08.2025 11:30;26.08.2025 11:45;1,250;1,250;9,250
26.08.2025 11:45;26.08.2025 12:00;1,250;1,250;9,250
26.08.2025 12:00;26.08.2025 12:15;11,750;1,250;1,250
26.08.2025 12:15;26.08.2025 12:30;11,750;1,250;1,250
26.08.2025 12:30;26.08.2025 12:45;11,750;1,250;1,250
26.08.2025 12:45;26.08.2025 13:00;11,750;1,250;1,250
26.08.2025 13:00;26.08.2025 13:15;0,000;0,000;0,000
26.08.2025 13:15;26.08.2025 13:30;0,000;0,000;0,000
26.08.2025 13:30;26.08.2025 13:45;0,000;0,000;0,000
26.08.2025 13:45;26.08.2025 14:00;0,000;0,000;0,000
26.08.2025 14:00;26.08.2025 14:15;0,000;0,000;5,250
26.08.2025 14:15;26.08.2025 14:30;0,000;0,000;5,250
26.08.2025 14:30;26.08.2025 14:45;0,000;0,000;5,250
26.08.2025 14:45;26.08.2025 15:00;0,000;0,000;5,250
26.08.2025 15:00;26.08.2025 15:15;6,500;3,750;15,000
26.08.2025 15:15;26.08.2025 15:30;6,500;3,750;15,000
26.08.2025 15:30;26.08.2025 15:45;6,500;3,750;15,000
26.08.2025 15:45;26.08.2025 16:00;6,500;3,750;15,000
26.08.2025 16:00;26.08.2025 16:15;11,250;11,250;1,250
26.08.2025 16:15;26.08.2025 16:30;11,250;11,250;1,250
26.08.2025 16:30;26.08.2025 16:45;11,250;11,250;1,250
26.08.2025 16:45;26.08.2025 17:00;11,250;11,250;1,250
26.08.2025 17:00;26.08.2025 17:15;9,500;9,500;20,250
26.08.2025 17:15;26.08.2025 17:30;9,500;9,500;20,250
26.08.2025 17:30;26.08.2025 17:45;9,500;9,500;20,250
26.08.2025 17:45;26.08.2025 18:00;9,500;9,500;20,250
26.08.2025 18:00;26.08.2025 18:15;22,000;22,000;28,750
26.08.2025 18:15;26.08.2025 18:30;22,000;22,000;28,750
26.08.2025 18:30;26.08.2025 18:45;22,000;22,000;28,750
26.08.2025 18:45;26.08.2025 19:00;22,000;22,000;28,750
26.08.2025 19:00;26.08.2025 19:15;13,500;13,750;19,250
26.08.2025 19:15;26.08.2025 19:30;13,500;13,750;19,250
26.08.2025 19:30;26.08.2025 19:45;13,500;13,750;19,250
26.08.2025 19:45;26.08.2025 20:00;13,500;13,750;19,250
26.08.2025 20:00;26.08.2025 20:15;26,250;26,250;17,750
26.08.2025 20:15;26.08.2025 20:30;26,250;26,250;17,750
26.08.2025 20:30;26.08.2025 20:45;26,250;26,250;17,750
26.08.2025 20:45;26.08.2025 21:00;26,250;26,250;17,750
26.08.2025 21:00;26.08.2025 21:15;15,500;15,500;9,750
26.08.2025 21:15;26.08.2025 21:30;15,500;15,500;9,750
26.08.2025 21:30;26.08.2025 21:45;15,500;15,500;9,750
26.08.2025 21:45;26.08.2025 22:00;15,500;15,500;9,750
26.08.2025 22:00;26.08.2025 22:15;32,500;32,500;19,750
26.08.2025 22:15;26.08.2025 22:30;32,500;32,500;19,750
26.08.2025 22:30;26.08.2025 22:45;32,500;32,500;19,750
26.08.2025 22:45;26.08.2025 23:00;32,500;32,500;19,750
26.08.2025 23:00;26.08.2025 23:15;12,750;12,750;14,000
26.08.2025 23:15;26.08.2025 23:30;12,750;12,750;14,000
26.08.2025 23:30;26.08.2025 23:45;12,750;12,750;14,000
26.08.2025 23:45;27.08.2025 00:00;12,750;12,750;14,000
27.08.2025 00:00;27.08.2025 00:15;13,000;3,250;14,250
27.08.2025 00:15;27.08.2025 00:30;13,000;3,250;14,250
27.08.2025 00:30;27.08.2025 00:45;13,000;3,250;14,250
27.08.2025 00:45;27.08.2025 01:00;13,000;3,250;14,250
27.08.2025 01:00;27.08.2025 01:15;7,750;0,000;7,750
27.08.2025 01:15;27.08.2025 01:30;7,750;0,000;7,750
27.08.2025 01:30;27.08.2025 01:45;7,750;0,000;7,750
27.08.2025 01:45;27.08.2025 02:00;7,750;0,000;7,750
27.08.2025 02:00;27.08.2025 02:15;8,500;0,000;8,750
27.08.2025 02:15;27.08.2025 02:30;8,500;0,000;8,750
27.08.2025 02:30;27.08.2025 02:45;8,500;0,000;8,750
27.08.2025 02:45;27.08.2025 03:00;8,500;0,000;8,750
27.08.2025 03:00;27.08.2025 03:15;3,750;0,000;3,750
27.08.2025 03:15;27.08.2025 03:30;3,750;0,000;3,750
27.08.2025 03:30;27.08.2025 03:45;3,750;0,000;3,750
27.08.2025 03:45;27.08.2025 04:00;3,750;0,000;3,750
27.08.2025 04:00;27.08.2025 04:15;7,750;0,000;6,500
27.08.2025 04:15;27.08.2025 04:30;7,750;0,000;6,500
27.08.2025 04:30;27.08.2025 04:45;7,750;0,000;6,500
27.08.2025 04:45;27.08.2025 05:00;7,750;0,000;6,500
27.08.2025 05:00;27.08.2025 05:15;23,500;0,000;23,000
27.08.2025 05:15;27.08.2025 05:30;23,500;0,000;23,000
27.08.2025 05:30;27.08.2025 05:45;23,500;0,000;23,000
27.08.2025 05:45;27.08.2025 06:00;23,500;0,000;23,000
27.08.2025 06:00;27.08.2025 06:15;26,750;17,000;22,750
27.08.2025 06:15;27.08.2025 06:30;26,750;17,000;22,750
27.08.2025 06:30;27.08.2025 06:45;26,750;17,000;22,750
27.08.2025 06:45;27.08.2025 07:00;26,750;17,000;22,750
27.08.2025 07:00;27.08.2025 07:15;34,750;34,500;34,250
27.08.2025 07:15;27.08.2025 07:30;34,750;34,500;34,250
27.08.2025 07:30;27.08.2025 07:45;34,750;34,500;34,250
27.08.2025 07:45;27.08.2025 08:00;34,750;34,500;34,250
27.08.2025 08:00;27.08.2025 08:15;43,750;42,250;40,500
27.08.2025 08:15;27.08.2025 08:30;43,750;42,250;40,500
27.08.2025 08:30;27.08.2025 08:45;43,750;42,250;40,500
27.08.2025 08:45;27.08.2025 09:00;43,750;42,250;40,500
27.08.2025 09:00;27.08.2025 09:15;23,500;23,000;23,750
27.08.2025 09:15;27.08.2025 09:30;23,500;23,000;23,750
27.08.2025 09:30;27.08.2025 09:45;23,500;23,000;23,750
27.08.2025 09:45;27.08.2025 10:00;23,500;23,000;23,750
27.08.2025 10:00;27.08.2025 10:15;11,250;10,500;3,250
27.08.2025 10:15;27.08.2025 10:30;11,250;10,500;3,250
27.08.2025 10:30;27.08.2025 10:45;11,250;10,500;3,250
27.08.2025 10:45;27.08.2025 11:00;11,250;10,500;3,250
27.08.2025 11:00;27.08.2025 11:15;0,250;4,000;13,000
27.08.2025 11:15;27.08.2025 11:30;0,250;4,000;13,000
27.08.2025 11:30;27.08.2025 11:45;0,250;4,000;13,000
27.08.2025 11:45;27.08.2025 12:00;0,250;4,000;13,000
27.08.2025 12:00;27.08.2025 12:15;6,250;24,750;1,000
27.08.2025 12:15;27.08.2025 12:30;6,250;24,750;1,000
27.08.2025 12:30;27.08.2025 12:45;6,250;24,750;1,000
27.08.2025 12:45;27.08.2025 13:00;6,250;24,750;1,000
27.08.2025 13:00;27.08.2025 13:15;41,250;41,250;0,000
27.08.2025 13:15;27.08.2025 13:30;41,250;41,250;0,000
27.08.2025 13:30;27.08.2025 13:45;41,250;41,250;0,000
27.08.2025 13:45;27.08.2025 14:00;41,250;41,250;0,000
27.08.2025 14:00;27.08.2025 14:15;31,500;31,500;0,000
27.08.2025 14:15;27.08.2025 14:30;31,500;31,500;0,000
27.08.2025 14:30;27.08.2025 14:45;31,500;31,500;0,000
27.08.2025 14:45;27.08.2025 15:00;31,500;31,500;0,000
27.08.2025 15:00;27.08.2025 15:15;0,000;9,750;4,250
27.08.2025 15:15;27.08.2025 15:30;0,000;9,750;4,250
27.08.2025 15:30;27.08.2025 15:45;0,000;9,750;4,250
27.08.2025 15:45;27.08.2025 16:00;0,000;9,750;4,250
27.08.2025 16:00;27.08.2025 16:15;0,000;10,500;10,500
27.08.2025 16:15;27.08.2025 16:30;0,000;10,500;10,500
27.08.2025 16:30;27.08.2025 16:45;0,000;10,500;10,500
27.08.2025 16:45;27.08.2025 17:00;0,000;10,500;10,500
27.08.2025 17:00;27.08.2025 17:15;0,000;16,000;6,750
27.08.2025 17:15;27.08.2025 17:30;0,000;16,000;6,750
27.08.2025 17:30;27.08.2025 17:45;0,000;16,000;6,750
27.08.2025 17:45;27.08.2025 18:00;0,000;16,000;6,750
27.08.2025 18:00;27.08.2025 18:15;23,250;24,250;30,000
27.08.2025 18:15;27.08.2025 18:30;23,250;24,250;30,000
27.08.2025 18:30;27.08.2025 18:45;23,250;24,250;30,000
27.08.2025 18:45;27.08.2025 19:00;23,250;24,250;30,000
27.08.2025 19:00;27.08.2025 19:15;29,250;29,250;23,750
27.08.2025 19:15;27.08.2025 19:30;29,250;29,250;23,750
27.08.2025 19:30;27.08.2025 19:45;29,250;29,250;23,750
27.08.2025 19:45;27.08.2025 20:00;29,250;29,250;23,750
27.08.2025 20:00;27.08.2025 20:15;6,750;6,750;12,500
27.08.2025 20:15;27.08.2025 20:30;6,750;6,750;12,500
27.08.2025 20:30;27.08.2025 20:45;6,750;6,750;12,500
27.08.2025 20:45;27.08.2025 21:00;6,750;6,750;12,500
27.08.2025 21:00;27.08.2025 21:15;19,250;19,500;26,750
27.08.2025 21:15;27.08.2025 21:30;19,250;19,500;26,750
27.08.2025 21:30;27.08.2025 21:45;19,250;19,500;26,750
27.08.2025 21:45;27.08.2025 22:00;19,250;19,500;26,750
27.08.2025 22:00;27.08.2025 22:15;24,250;24,250;25,500
27.08.2025 22:15;27.08.2025 22:30;24,250;24,250;25,500
27.08.2025 22:30;27.08.2025 22:45;24,250;24,250;25,500
27.08.2025 22:45;27.08.2025 23:00;24,250;24,250;25,500
27.08.2025 23:00;27.08.2025 23:15;9,250;9,250;10,750
27.08.2025 23:15;27.08.2025 23:30;9,250;9,250;10,750
27.08.2025 23:30;27.08.2025 23:45;9,250;9,250;10,750
27.08.2025 23:45;28.08.2025 00:00;9,250;9,250;10,750
28.08.2025 00:00;28.08.2025 00:15;0,250;1,500;3,000
28.08.2025 00:15;28.08.2025 00:30;0,250;1,500;3,000
28.08.2025 00:30;28.08.2025 00:45;0,250;1,500;3,000
28.08.2025 00:45;28.08.2025 01:00;0,250;1,500;3,000
28.08.2025 01:00;28.08.2025 01:15;0,000;2,250;3,500
28.08.2025 01:15;28.08.2025 01:30;0,000;2,250;3,500
28.08.2025 01:30;28.08.2025 01:45;0,000;2,250;3,500
28.08.2025 01:45;28.08.2025 02:00;0,000;2,250;3,500
28.08.2025 02:00;28.08.2025 02:15;0,000;3,250;1,250
28.08.2025 02:15;28.08.2025 02:30;0,000;3,250;1,250
28.08.2025 02:30;28.08.2025 02:45;0,000;3,250;1,250
28.08.2025 02:45;28.08.2025 03:00;0,000;3,250;1,250
28.08.2025 03:00;28.08.2025 03:15;4,000;6,250;1,500
28.08.2025 03:15;28.08.2025 03:30;4,000;6,250;1,500
28.08.2025 03:30;28.08.2025 03:45;4,000;6,250;1,500
28.08.2025 03:45;28.08.2025 04:00;4,000;6,250;1,500
28.08.2025 04:00;28.08.2025 04:15;3,500;2,500;1,250
28.08.2025 04:15;28.08.2025 04:30;3,500;2,500;1,250
28.08.2025 04:30;28.08.2025 04:45;3,500;2,500;1,250
28.08.2025 04:45;28.08.2025 05:00;3,500;2,500;1,250
28.08.2025 05:00;28.08.2025 05:15;8,750;0,000;13,750
28.08.2025 05:15;28.08.2025 05:30;8,750;0,000;13,750
28.08.2025 05:30;28.08.2025 05:45;8,750;0,000;13,750
28.08.2025 05:45;28.08.2025 06:00;8,750;0,000;13,750
28.08.2025 06:00;28.08.2025 06:15;15,500;5,000;26,000
28.08.2025 06:15;28.08.2025 06:30;15,500;5,000;26,000
28.08.2025 06:30;28.08.2025 06:45;15,500;5,000;26,000
28.08.2025 06:45;28.08.2025 07:00;15,500;5,000;26,000
28.08.2025 07:00;28.08.2025 07:15;19,750;20,000;32,750
28.08.2025 07:15;28.08.2025 07:30;19,750;20,000;32,750
28.08.2025 07:30;28.08.2025 07:45;19,750;20,000;32,750
28.08.2025 07:45;28.08.2025 08:00;19,750;20,000;32,750
28.08.2025 08:00;28.08.2025 08:15;20,500;20,750;40,500
28.08.2025 08:15;28.08.2025 08:30;20,500;20,750;40,500
28.08.2025 08:30;28.08.2025 08:45;20,500;20,750;40,500
28.08.2025 08:45;28.08.2025 09:00;20,500;20,750;40,500
28.08.2025 09:00;28.08.2025 09:15;16,500;18,000;36,250
28.08.2025 09:15;28.08.2025 09:30;16,500;18,000;36,250
28.08.2025 09:30;28.08.2025 09:45;16,500;18,000;36,250
28.08.2025 09:45;28.08.2025 10:00;16,500;18,000;36,250
28.08.2025 10:00;28.08.2025 10:15;14,500;11,000;13,500
28.08.2025 10:15;28.08.2025 10:30;14,500;11,000;13,500
28.08.2025 10:30;28.08.2025 10:45;14,500;11,000;13,500
28.08.2025 10:45;28.08.2025 11:00;14,500;11,000;13,500
28.08.2025 11:00;28.08.2025 11:15;1,750;2,250;12,250
28.08.2025 11:15;28.08.2025 11:30;1,750;2,250;12,250
28.08.2025 11:30;28.08.2025 11:45;1,750;2,250;12,250
28.08.2025 11:45;28.08.2025 12:00;1,750;2,250;12,250
28.08.2025 12:00;28.08.2025 12:15;16,000;1,750;4,000
28.08.2025 12:15;28.08.2025 12:30;16,000;1,750;4,000
28.08.2025 12:30;28.08.2025 12:45;16,000;1,750;4,000
28.08.2025 12:45;28.08.2025 13:00;16,000;1,750;4,000
28.08.2025 13:00;28.08.2025 13:15;32,000;26,250;27,500
28.08.2025 13:15;28.08.2025 13:30;32,000;26,250;27,500
28.08.2025 13:30;28.08.2025 13:45;32,000;26,250;27,500
28.08.2025 13:45;28.08.2025 14:00;32,000;26,250;27,500
28.08.2025 14:00;28.08.2025 14:15;12,750;6,250;6,000
28.08.2025 14:15;28.08.2025 14:30;12,750;6,250;6,000
28.08.2025 14:30;28.08.2025 14:45;12,750;6,250;6,000
28.08.2025 14:45;28.08.2025 15:00;12,750;6,250;6,000
28.08.2025 15:00;28.08.2025 15:15;4,000;0,750;0,750
28.08.2025 15:15;28.08.2025 15:30;4,000;0,750;0,750
28.08.2025 15:30;28.08.2025 15:45;4,000;0,750;0,750
28.08.2025 15:45;28.08.2025 16:00;4,000;0,750;0,750
28.08.2025 16:00;28.08.2025 16:15;13,250;7,250;12,250
28.08.2025 16:15;28.08.2025 16:30;13,250;7,250;12,250
28.08.2025 16:30;28.08.2025 16:45;13,250;7,250;12,250
28.08.2025 16:45;28.08.2025 17:00;13,250;7,250;12,250
28.08.2025 17:00;28.08.2025 17:15;13,000;8,750;8,750
28.08.2025 17:15;28.08.2025 17:30;13,000;8,750;8,750
28.08.2025 17:30;28.08.2025 17:45;13,000;8,750;8,750
28.08.2025 17:45;28.08.2025 18:00;13,000;8,750;8,750
28.08.2025 18:00;28.08.2025 18:15;22,250;27,250;27,000
28.08.2025 18:15;28.08.2025 18:30;22,250;27,250;27,000
28.08.2025 18:30;28.08.2025 18:45;22,250;27,250;27,000
28.08.2025 18:45;28.08.2025 19:00;22,250;27,250;27,000
28.08.2025 19:00;28.08.2025 19:15;26,000;21,500;21,500
28.08.2025 19:15;28.08.2025 19:30;26,000;21,500;21,500
28.08.2025 19:30;28.08.2025 19:45;26,000;21,500;21,500
28.08.2025 19:45;28.08.2025 20:00;26,000;21,500;21,500
28.08.2025 20:00;28.08.2025 20:15;24,750;30,250;30,250
28.08.2025 20:15;28.08.2025 20:30;24,750;30,250;30,250
28.08.2025 20:30;28.08.2025 20:45;24,750;30,250;30,250
28.08.2025 20:45;28.08.2025 21:00;24,750;30,250;30,250
28.08.2025 21:00;28.08.2025 21:15;25,500;23,250;23,250
28.08.2025 21:15;28.08.2025 21:30;25,500;23,250;23,250
28.08.2025 21:30;28.08.2025 21:45;25,500;23,250;23,250
28.08.2025 21:45;28.08.2025 22:00;25,500;23,250;23,250
28.08.2025 22:00;28.08.2025 22:15;37,750;22,500;22,750
28.08.2025 22:15;28.08.2025 22:30;37,750;22,500;22,750
28.08.2025 22:30;28.08.2025 22:45;37,750;22,500;22,750
28.08.2025 22:45;28.08.2025 23:00;37,750;22,500;22,750
28.08.2025 23:00;28.08.2025 23:15;25,750;26,500;26,500
28.08.2025 23:15;28.08.2025 23:30;25,750;26,500;26,500
28.08.2025 23:30;28.08.2025 23:45;25,750;26,500;26,500
28.08.2025 23:45;29.08.2025 00:00;25,750;26,500;26,500
29.08.2025 00:00;29.08.2025 00:15;17,750;16,250;16,250
29.08.2025 00:15;29.08.2025 00:30;17,750;16,250;16,250
29.08.2025 00:30;29.08.2025 00:45;17,750;16,250;16,250
29.08.2025 00:45;29.08.2025 01:00;17,750;16,250;16,250
29.08.2025 01:00;29.08.2025 01:15;4,500;16,250;16,250
29.08.2025 01:15;29.08.2025 01:30;4,500;16,250;16,250
29.08.2025 01:30;29.08.2025 01:45;4,500;16,250;16,250
29.08.2025 01:45;29.08.2025 02:00;4,500;16,250;16,250
29.08.2025 02:00;29.08.2025 02:15;0,000;6,750;6,750
29.08.2025 02:15;29.08.2025 02:30;0,000;6,750;6,750
29.08.2025 02:30;29.08.2025 02:45;0,000;6,750;6,750
29.08.2025 02:45;29.08.2025 03:00;0,000;6,750;6,750
29.08.2025 03:00;29.08.2025 03:15;0,000;2,750;2,750
29.08.2025 03:15;29.08.2025 03:30;0,000;2,750;2,750
29.08.2025 03:30;29.08.2025 03:45;0,000;2,750;2,750
29.08.2025 03:45;29.08.2025 04:00;0,000;2,750;2,750
29.08.2025 04:00;29.08.2025 04:15;0,000;2,500;2,500
29.08.2025 04:15;29.08.2025 04:30;0,000;2,500;2,500
29.08.2025 04:30;29.08.2025 04:45;0,000;2,500;2,500
29.08.2025 04:45;29.08.2025 05:00;0,000;2,500;2,500
29.08.2025 05:00;29.08.2025 05:15;0,000;16,750;16,750
29.08.2025 05:15;29.08.2025 05:30;0,000;16,750;16,750
29.08.2025 05:30;29.08.2025 05:45;0,000;16,750;16,750
29.08.2025 05:45;29.08.2025 06:00;0,000;16,750;16,750
29.08.2025 06:00;29.08.2025 06:15;34,250;34,750;34,750
29.08.2025 06:15;29.08.2025 06:30;34,250;34,750;34,750
29.08.2025 06:30;29.08.2025 06:45;34,250;34,750;34,750
29.08.2025 06:45;29.08.2025 07:00;34,250;34,750;34,750
29.08.2025 07:00;29.08.2025 07:15;43,500;41,000;42,000
29.08.2025 07:15;29.08.2025 07:30;43,500;41,000;42,000
29.08.2025 07:30;29.08.2025 07:45;43,500;41,000;42,000
29.08.2025 07:45;29.08.2025 08:00;43,500;41,000;42,000
29.08.2025 08:00;29.08.2025 08:15;38,500;35,500;32,500
29.08.2025 08:15;29.08.2025 08:30;38,500;35,500;32,500
29.08.2025 08:30;29.08.2025 08:45;38,500;35,500;32,500
29.08.2025 08:45;29.08.2025 09:00;38,500;35,500;32,500
29.08.2025 09:00;29.08.2025 09:15;16,750;16,750;22,750
29.08.2025 09:15;29.08.2025 09:30;16,750;16,750;22,750
29.08.2025 09:30;29.08.2025 09:45;16,750;16,750;22,750
29.08.2025 09:45;29.08.2025 10:00;16,750;16,750;22,750
29.08.2025 10:00;29.08.2025 10:15;8,000;8,000;11,750
29.08.2025 10:15;29.08.2025 10:30;8,000;8,000;11,750
29.08.2025 10:30;29.08.2025 10:45;8,000;8,000;11,750
29.08.2025 10:45;29.08.2025 11:00;8,000;8,000;11,750
29.08.2025 11:00;29.08.2025 11:15;6,250;4,000;0,250
29.08.2025 11:15;29.08.2025 11:30;6,250;4,000;0,250
29.08.2025 11:30;29.08.2025 11:45;6,250;4,000;0,250
29.08.2025 11:45;29.08.2025 12:00;6,250;4,000;0,250
29.08.2025 12:00;29.08.2025 12:15;9,250;3,750;5,000
29.08.2025 12:15;29.08.2025 12:30;9,250;3,750;5,000
29.08.2025 12:30;29.08.2025 12:45;9,250;3,750;5,000
29.08.2025 12:45;29.08.2025 13:00;9,250;3,750;5,000
29.08.2025 13:00;29.08.2025 13:15;0,000;0,000;0,000
29.08.2025 13:15;29.08.2025 13:30;0,000;0,000;0,000
29.08.2025 13:30;29.08.2025 13:45;0,000;0,000;0,000
29.08.2025 13:45;29.08.2025 14:00;0,000;0,000;0,000
29.08.2025 14:00;29.08.2025 14:15;3,000;13,250;11,500
29.08.2025 14:15;29.08.2025 14:30;3,000;13,250;11,500
29.08.2025 14:30;29.08.2025 14:45;3,000;13,250;11,500
29.08.2025 14:45;29.08.2025 15:00;3,000;13,250;11,500
29.08.2025 15:00;29.08.2025 15:15;10,250;10,250;25,750
29.08.2025 15:15;29.08.2025 15:30;10,250;10,250;25,750
29.08.2025 15:30;29.08.2025 15:45;10,250;10,250;25,750
29.08.2025 15:45;29.08.2025 16:00;10,250;10,250;25,750
29.08.2025 16:00;29.08.2025 16:15;1,000;4,750;5,000
29.08.2025 16:15;29.08.2025 16:30;1,000;4,750;5,000
29.08.2025 16:30;29.08.2025 16:45;1,000;4,750;5,000
29.08.2025 16:45;29.08.2025 17:00;1,000;4,750;5,000
29.08.2025 17:00;29.08.2025 17:15;9,250;9,500;10,750
29.08.2025 17:15;29.08.2025 17:30;9,250;9,500;10,750
29.08.2025 17:30;29.08.2025 17:45;9,250;9,500;10,750
29.08.2025 17:45;29.08.2025 18:00;9,250;9,500;10,750
29.08.2025 18:00;29.08.2025 18:15;26,500;26,000;31,750
29.08.2025 18:15;29.08.2025 18:30;26,500;26,000;31,750
29.08.2025 18:30;29.08.2025 18:45;26,500;26,000;31,750
29.08.2025 18:45;29.08.2025 19:00;26,500;26,000;31,750
29.08.2025 19:00;29.08.2025 19:15;12,250;12,250;21,000
29.08.2025 19:15;29.08.2025 19:30;12,250;12,250;21,000
29.08.2025 19:30;29.08.2025 19:45;12,250;12,250;21,000
29.08.2025 19:45;29.08.2025 20:00;12,250;12,250;21,000
29.08.2025 20:00;29.08.2025 20:15;6,500;5,000;18,250
29.08.2025 20:15;29.08.2025 20:30;6,500;5,000;18,250
29.08.2025 20:30;29.08.2025 20:45;6,500;5,000;18,250
29.08.2025 20:45;29.08.2025 21:00;6,500;5,000;18,250
29.08.2025 21:00;29.08.2025 21:15;9,250;2,250;7,250
29.08.2025 21:15;29.08.2025 21:30;9,250;2,250;7,250
29.08.2025 21:30;29.08.2025 21:45;9,250;2,250;7,250
29.08.2025 21:45;29.08.2025 22:00;9,250;2,250;7,250
29.08.2025 22:00;29.08.2025 22:15;8,250;8,500;7,750
29.08.2025 22:15;29.08.2025 22:30;8,250;8,500;7,750
29.08.2025 22:30;29.08.2025 22:45;8,250;8,500;7,750
29.08.2025 22:45;29.08.2025 23:00;8,250;8,500;7,750
29.08.2025 23:00;29.08.2025 23:15;18,250;18,250;12,500
29.08.2025 23:15;29.08.2025 23:30;18,250;18,250;12,500
29.08.2025 23:30;29.08.2025 23:45;18,250;18,250;12,500
29.08.2025 23:45;30.08.2025 00:00;18,250;18,250;12,500
30.08.2025 00:00;30.08.2025 00:15;2,750;0,000;1,750
30.08.2025 00:15;30.08.2025 00:30;2,750;0,000;1,750
30.08.2025 00:30;30.08.2025 00:45;2,750;0,000;1,750
30.08.2025 00:45;30.08.2025 01:00;2,750;0,000;1,750
30.08.2025 01:00;30.08.2025 01:15;1,250;0,000;1,250
30.08.2025 01:15;30.08.2025 01:30;1,250;0,000;1,250
30.08.2025 01:30;30.08.2025 01:45;1,250;0,000;1,250
30.08.2025 01:45;30.08.2025 02:00;1,250;0,000;1,250
30.08.2025 02:00;30.08.2025 02:15;0,000;0,000;0,000
30.08.2025 02:15;30.08.2025 02:30;0,000;0,000;0,000
30.08.2025 02:30;30.08.2025 02:45;0,000;0,000;0,000
30.08.2025 02:45;30.08.2025 03:00;0,000;0,000;0,000
30.08.2025 03:00;30.08.2025 03:15;0,000;0,000;0,000
30.08.2025 03:15;30.08.2025 03:30;0,000;0,000;0,000
30.08.2025 03:30;30.08.2025 03:45;0,000;0,000;0,000
30.08.2025 03:45;30.08.2025 04:00;0,000;0,000;0,000
30.08.2025 04:00;30.08.2025 04:15;0,000;0,000;0,000
30.08.2025 04:15;30.08.2025 04:30;0,000;0,000;0,000
30.08.2025 04:30;30.08.2025 04:45;0,000;0,000;0,000
30.08.2025 04:45;30.08.2025 05:00;0,000;0,000;0,000
30.08.2025 05:00;30.08.2025 05:15;8,750;0,000;0,000
30.08.2025 05:15;30.08.2025 05:30;8,750;0,000;0,000
30.08.2025 05:30;30.08.2025 05:45;8,750;0,000;0,000
30.08.2025 05:45;30.08.2025 06:00;8,750;0,000;0,000
30.08.2025 06:00;30.08.2025 06:15;19,500;0,000;0,000
30.08.2025 06:15;30.08.2025 06:30;19,500;0,000;0,000
30.08.2025 06:30;30.08.2025 06:45;19,500;0,000;0,000
30.08.2025 06:45;30.08.2025 07:00;19,500;0,000;0,000
30.08.2025 07:00;30.08.2025 07:15;24,500;0,000;17,500
30.08.2025 07:15;30.08.2025 07:30;24,500;0,000;17,500
30.08.2025 07:30;30.08.2025 07:45;24,500;0,000;17,500
30.08.2025 07:45;30.08.2025 08:00;24,500;0,000;17,500
30.08.2025 08:00;30.08.2025 08:15;28,750;0,000;25,000
30.08.2025 08:15;30.08.2025 08:30;28,750;0,000;25,000
30.08.2025 08:30;30.08.2025 08:45;28,750;0,000;25,000
30.08.2025 08:45;30.08.2025 09:00;28,750;0,000;25,000
30.08.2025 09:00;30.08.2025 09:15;13,250;0,750;11,250
30.08.2025 09:15;30.08.2025 09:30;13,250;0,750;11,250
30.08.2025 09:30;30.08.2025 09:45;13,250;0,750;11,250
30.08.2025 09:45;30.08.2025 10:00;13,250;0,750;11,250
30.08.2025 10:00;30.08.2025 10:15;1,250;6,000;10,500
30.08.2025 10:15;30.08.2025 10:30;1,250;6,000;10,500
30.08.2025 10:30;30.08.2025 10:45;1,250;6,000;10,500
30.08.2025 10:45;30.08.2025 11:00;1,250;6,000;10,500
30.08.2025 11:00;30.08.2025 11:15;0,750;0,500;2,000
30.08.2025 11:15;30.08.2025 11:30;0,750;0,500;2,000
30.08.2025 11:30;30.08.2025 11:45;0,750;0,500;2,000
30.08.2025 11:45;30.08.2025 12:00;0,750;0,500;2,000
30.08.2025 12:00;30.08.2025 12:15;0,500;0,750;2,250
30.08.2025 12:15;30.08.2025 12:30;0,500;0,750;2,250
30.08.2025 12:30;30.08.2025 12:45;0,500;0,750;2,250
30.08.2025 12:45;30.08.2025 13:00;0,500;0,750;2,250
30.08.2025 13:00;30.08.2025 13:15;0,000;0,000;3,250
30.08.2025 13:15;30.08.2025 13:30;0,000;0,000;3,250
30.08.2025 13:30;30.08.2025 13:45;0,000;0,000;3,250
30.08.2025 13:45;30.08.2025 14:00;0,000;0,000;3,250
30.08.2025 14:00;30.08.2025 14:15;1,500;10,000;0,250
30.08.2025 14:15;30.08.2025 14:30;1,500;10,000;0,250
30.08.2025 14:30;30.08.2025 14:45;1,500;10,000;0,250
30.08.2025 14:45;30.08.2025 15:00;1,500;10,000;0,250
30.08.2025 15:00;30.08.2025 15:15;0,000;0,000;1,500
30.08.2025 15:15;30.08.2025 15:30;0,000;0,000;1,500
30.08.2025 15:30;30.08.2025 15:45;0,000;0,000;1,500
30.08.2025 15:45;30.08.2025 16:00;0,000;0,000;1,500
30.08.2025 16:00;30.08.2025 16:15;0,000;0,000;11,250
30.08.2025 16:15;30.08.2025 16:30;0,000;0,000;11,250
30.08.2025 16:30;30.08.2025 16:45;0,000;0,000;11,250
30.08.2025 16:45;30.08.2025 17:00;0,000;0,000;11,250
30.08.2025 17:00;30.08.2025 17:15;13,750;13,750;18,250
30.08.2025 17:15;30.08.2025 17:30;13,750;13,750;18,250
30.08.2025 17:30;30.08.2025 17:45;13,750;13,750;18,250
30.08.2025 17:45;30.08.2025 18:00;13,750;13,750;18,250
30.08.2025 18:00;30.08.2025 18:15;28,000;18,250;17,250
30.08.2025 18:15;30.08.2025 18:30;28,000;18,250;17,250
30.08.2025 18:30;30.08.2025 18:45;28,000;18,250;17,250
30.08.2025 18:45;30.08.2025 19:00;28,000;18,250;17,250
30.08.2025 19:00;30.08.2025 19:15;21,750;21,750;31,250
30.08.2025 19:15;30.08.2025 19:30;21,750;21,750;31,250
30.08.2025 19:30;30.08.2025 19:45;21,750;21,750;31,250
30.08.2025 19:45;30.08.2025 20:00;21,750;21,750;31,250
30.08.2025 20:00;30.08.2025 20:15;1,500;1,500;12,000
30.08.2025 20:15;30.08.2025 20:30;1,500;1,500;12,000
30.08.2025 20:30;30.08.2025 20:45;1,500;1,500;12,000
30.08.2025 20:45;30.08.2025 21:00;1,500;1,500;12,000
30.08.2025 21:00;30.08.2025 21:15;0,750;1,000;5,000
30.08.2025 21:15;30.08.2025 21:30;0,750;1,000;5,000
30.08.2025 21:30;30.08.2025 21:45;0,750;1,000;5,000
30.08.2025 21:45;30.08.2025 22:00;0,750;1,000;5,000
30.08.2025 22:00;30.08.2025 22:15;18,500;18,500;11,250
30.08.2025 22:15;30.08.2025 22:30;18,500;18,500;11,250
30.08.2025 22:30;30.08.2025 22:45;18,500;18,500;11,250
30.08.2025 22:45;30.08.2025 23:00;18,500;18,500;11,250
30.08.2025 23:00;30.08.2025 23:15;14,750;14,750;9,500
30.08.2025 23:15;30.08.2025 23:30;14,750;14,750;9,500
30.08.2025 23:30;30.08.2025 23:45;14,750;14,750;9,500
30.08.2025 23:45;31.08.2025 00:00;14,750;14,750;9,500
31.08.2025 00:00;31.08.2025 00:15;2,250;2,250;2,000
31.08.2025 00:15;31.08.2025 00:30;2,250;2,250;2,000
31.08.2025 00:30;31.08.2025 00:45;2,250;2,250;2,000
31.08.2025 00:45;31.08.2025 01:00;2,250;2,250;2,000
31.08.2025 01:00;31.08.2025 01:15;0,250;0,250;0,500
31.08.2025 01:15;31.08.2025 01:30;0,250;0,250;0,500
31.08.2025 01:30;31.08.2025 01:45;0,250;0,250;0,500
31.08.2025 01:45;31.08.2025 02:00;0,250;0,250;0,500
31.08.2025 02:00;31.08.2025 02:15;5,750;5,750;8,000
31.08.2025 02:15;31.08.2025 02:30;5,750;5,750;8,000
31.08.2025 02:30;31.08.2025 02:45;5,750;5,750;8,000
31.08.2025 02:45;31.08.2025 03:00;5,750;5,750;8,000
31.08.2025 03:00;31.08.2025 03:15;4,000;4,000;6,250
31.08.2025 03:15;31.08.2025 03:30;4,000;4,000;6,250
31.08.2025 03:30;31.08.2025 03:45;4,000;4,000;6,250
31.08.2025 03:45;31.08.2025 04:00;4,000;4,000;6,250
31.08.2025 04:00;31.08.2025 04:15;0,000;0,250;3,000
31.08.2025 04:15;31.08.2025 04:30;0,000;0,250;3,000
31.08.2025 04:30;31.08.2025 04:45;0,000;0,250;3,000
31.08.2025 04:45;31.08.2025 05:00;0,000;0,250;3,000
31.08.2025 05:00;31.08.2025 05:15;0,000;0,250;21,750
31.08.2025 05:15;31.08.2025 05:30;0,000;0,250;21,750
31.08.2025 05:30;31.08.2025 05:45;0,000;0,250;21,750
31.08.2025 05:45;31.08.2025 06:00;0,000;0,250;21,750
31.08.2025 06:00;31.08.2025 06:15;9,250;13,000;19,250
31.08.2025 06:15;31.08.2025 06:30;9,250;13,000;19,250
31.08.2025 06:30;31.08.2025 06:45;9,250;13,000;19,250
31.08.2025 06:45;31.08.2025 07:00;9,250;13,000;19,250
31.08.2025 07:00;31.08.2025 07:15;0,750;0,250;0,500
31.08.2025 07:15;31.08.2025 07:30;0,750;0,250;0,500
31.08.2025 07:30;31.08.2025 07:45;0,750;0,250;0,500
31.08.2025 07:45;31.08.2025 08:00;0,750;0,250;0,500
31.08.2025 08:00;31.08.2025 08:15;0,000;0,250;2,000
31.08.2025 08:15;31.08.2025 08:30;0,000;0,250;2,000
31.08.2025 08:30;31.08.2025 08:45;0,000;0,250;2,000
31.08.2025 08:45;31.08.2025 09:00;0,000;0,250;2,000
31.08.2025 09:00;31.08.2025 09:15;0,000;0,000;6,000
31.08.2025 09:15;31.08.2025 09:30;0,000;0,000;6,000
31.08.2025 09:30;31.08.2025 09:45;0,000;0,000;6,000
31.08.2025 09:45;31.08.2025 10:00;0,000;0,000;6,000
31.08.2025 10:00;31.08.2025 10:15;0,000;0,000;1,250
31.08.2025 10:15;31.08.2025 10:30;0,000;0,000;1,250
31.08.2025 10:30;31.08.2025 10:45;0,000;0,000;1,250
31.08.2025 10:45;31.08.2025 11:00;0,000;0,000;1,250
31.08.2025 11:00;31.08.2025 11:15;0,000;0,000;0,000
31.08.2025 11:15;31.08.2025 11:30;0,000;0,000;0,000
31.08.2025 11:30;31.08.2025 11:45;0,000;0,000;0,000
31.08.2025 11:45;31.08.2025 12:00;0,000;0,000;0,000
31.08.2025 12:00;31.08.2025 12:15;0,000;0,000;0,750
31.08.2025 12:15;31.08.2025 12:30;0,000;0,000;0,750
31.08.2025 12:30;31.08.2025 12:45;0,000;0,000;0,750
31.08.2025 12:45;31.08.2025 13:00;0,000;0,000;0,750
31.08.2025 13:00;31.08.2025 13:15;0,000;0,000;1,000
31.08.2025 13:15;31.08.2025 13:30;0,000;0,000;1,000
31.08.2025 13:30;31.08.2025 13:45;0,000;0,000;1,000
31.08.2025 13:45;31.08.2025 14:00;0,000;0,000;1,000
31.08.2025 14:00;31.08.2025 14:15;0,000;0,000;0,750
31.08.2025 14:15;31.08.2025 14:30;0,000;0,000;0,750
31.08.2025 14:30;31.08.2025 14:45;0,000;0,000;0,750
31.08.2025 14:45;31.08.2025 15:00;0,000;0,000;0,750
31.08.2025 15:00;31.08.2025 15:15;0,000;3,250;0,500
31.08.2025 15:15;31.08.2025 15:30;0,000;3,250;0,500
31.08.2025 15:30;31.08.2025 15:45;0,000;3,250;0,500
31.08.2025 15:45;31.08.2025 16:00;0,000;3,250;0,500
31.08.2025 16:00;31.08.2025 16:15;0,250;0,000;0,250
31.08.2025 16:15;31.08.2025 16:30;0,250;0,000;0,250
31.08.2025 16:30;31.08.2025 16:45;0,250;0,000;0,250
31.08.2025 16:45;31.08.2025 17:00;0,250;0,000;0,250
31.08.2025 17:00;31.08.2025 17:15;1,250;0,250;1,000
31.08.2025 17:15;31.08.2025 17:30;1,250;0,250;1,000
31.08.2025 17:30;31.08.2025 17:45;1,250;0,250;1,000
31.08.2025 17:45;31.08.2025 18:00;1,250;0,250;1,000
31.08.2025 18:00;31.08.2025 18:15;16,000;6,750;13,000
31.08.2025 18:15;31.08.2025 18:30;16,000;6,750;13,000
31.08.2025 18:30;31.08.2025 18:45;16,000;6,750;13,000
31.08.2025 18:45;31.08.2025 19:00;16,000;6,750;13,000
31.08.2025 19:00;31.08.2025 19:15;13,750;15,750;13,750
31.08.2025 19:15;31.08.2025 19:30;13,750;15,750;13,750
31.08.2025 19:30;31.08.2025 19:45;13,750;15,750;13,750
31.08.2025 19:45;31.08.2025 20:00;13,750;15,750;13,750
31.08.2025 20:00;31.08.2025 20:15;12,000;14,000;12,000
31.08.2025 20:15;31.08.2025 20:30;12,000;14,000;12,000
31.08.2025 20:30;31.08.2025 20:45;12,000;14,000;12,000
31.08.2025 20:45;31.08.2025 21:00;12,000;14,000;12,000
31.08.2025 21:00;31.08.2025 21:15;4,250;1,000;4,250
31.08.2025 21:15;31.08.2025 21:30;4,250;1,000;4,250
31.08.2025 21:30;31.08.2025 21:45;4,250;1,000;4,250
31.08.2025 21:45;31.08.2025 22:00;4,250;1,000;4,250
31.08.2025 22:00;31.08.2025 22:15;9,000;2,000;1,500
31.08.2025 22:15;31.08.2025 22:30;9,000;2,000;1,500
31.08.2025 22:30;31.08.2025 22:45;9,000;2,000;1,500
31.08.2025 22:45;31.08.2025 23:00;9,000;2,000;1,500
31.08.2025 23:00;31.08.2025 23:15;4,000;0,750;0,500
31.08.2025 23:15;31.08.2025 23:30;4,000;0,750;0,500
31.08.2025 23:30;31.08.2025 23:45;4,000;0,750;0,500
31.08.2025 23:45;01.09.2025 00:00;4,000;0,750;0,500
01.09.2025 00:00;01.09.2025 00:15;0,750;1,250;1,000
01.09.2025 00:15;01.09.2025 00:30;0,750;1,250;1,000
01.09.2025 00:30;01.09.2025 00:45;0,750;1,250;1,000
01.09.2025 00:45;01.09.2025 01:00;0,750;1,250;1,000
01.09.2025 01:00;01.09.2025 01:15;0,500;2,250;0,000
01.09.2025 01:15;01.09.2025 01:30;0,500;2,250;0,000
01.09.2025 01:30;01.09.2025 01:45;0,500;2,250;0,000
01.09.2025 01:45;01.09.2025 02:00;0,500;2,250;0,000
01.09.2025 02:00;01.09.2025 02:15;0,750;0,750;8,000
01.09.2025 02:15;01.09.2025 02:30;0,750;0,750;8,000
01.09.2025 02:30;01.09.2025 02:45;0,750;0,750;8,000
01.09.2025 02:45;01.09.2025 03:00;0,750;0,750;8,000
01.09.2025 03:00;01.09.2025 03:15;1,000;1,000;5,000
01.09.2025 03:15;01.09.2025 03:30;1,000;1,000;5,000
01.09.2025 03:30;01.09.2025 03:45;1,000;1,000;5,000
01.09.2025 03:45;01.09.2025 04:00;1,000;1,000;5,000
01.09.2025 04:00;01.09.2025 04:15;0,750;0,750;1,250
01.09.2025 04:15;01.09.2025 04:30;0,750;0,750;1,250
01.09.2025 04:30;01.09.2025 04:45;0,750;0,750;1,250
01.09.2025 04:45;01.09.2025 05:00;0,750;0,750;1,250
01.09.2025 05:00;01.09.2025 05:15;2,250;2,250;7,500
01.09.2025 05:15;01.09.2025 05:30;2,250;2,250;7,500
01.09.2025 05:30;01.09.2025 05:45;2,250;2,250;7,500
01.09.2025 05:45;01.09.2025 06:00;2,250;2,250;7,500
01.09.2025 06:00;01.09.2025 06:15;2,000;2,250;0,750
01.09.2025 06:15;01.09.2025 06:30;2,000;2,250;0,750
01.09.2025 06:30;01.09.2025 06:45;2,000;2,250;0,750
01.09.2025 06:45;01.09.2025 07:00;2,000;2,250;0,750
01.09.2025 07:00;01.09.2025 07:15;11,000;11,000;9,500
01.09.2025 07:15;01.09.2025 07:30;11,000;11,000;9,500
01.09.2025 07:30;01.09.2025 07:45;11,000;11,000;9,500
01.09.2025 07:45;01.09.2025 08:00;11,000;11,000;9,500
01.09.2025 08:00;01.09.2025 08:15;15,000;11,750;4,500
01.09.2025 08:15;01.09.2025 08:30;15,000;11,750;4,500
01.09.2025 08:30;01.09.2025 08:45;15,000;11,750;4,500
01.09.2025 08:45;01.09.2025 09:00;15,000;11,750;4,500
01.09.2025 09:00;01.09.2025 09:15;19,500;19,500;11,750
01.09.2025 09:15;01.09.2025 09:30;19,500;19,500;11,750
01.09.2025 09:30;01.09.2025 09:45;19,500;19,500;11,750
01.09.2025 09:45;01.09.2025 10:00;19,500;19,500;11,750
01.09.2025 10:00;01.09.2025 10:15;13,750;14,000;5,500
01.09.2025 10:15;01.09.2025 10:30;13,750;14,000;5,500
01.09.2025 10:30;01.09.2025 10:45;13,750;14,000;5,500
01.09.2025 10:45;01.09.2025 11:00;13,750;14,000;5,500
01.09.2025 11:00;01.09.2025 11:15;10,750;10,750;8,500
01.09.2025 11:15;01.09.2025 11:30;10,750;10,750;8,500
01.09.2025 11:30;01.09.2025 11:45;10,750;10,750;8,500
01.09.2025 11:45;01.09.2025 12:00;10,750;10,750;8,500
01.09.2025 12:00;01.09.2025 12:15;0,000;0,250;0,750
01.09.2025 12:15;01.09.2025 12:30;0,000;0,250;0,750
01.09.2025 12:30;01.09.2025 12:45;0,000;0,250;0,750
01.09.2025 12:45;01.09.2025 13:00;0,000;0,250;0,750
01.09.2025 13:00;01.09.2025 13:15;1,000;5,500;10,000
01.09.2025 13:15;01.09.2025 13:30;1,000;5,500;10,000
01.09.2025 13:30;01.09.2025 13:45;1,000;5,500;10,000
01.09.2025 13:45;01.09.2025 14:00;1,000;5,500;10,000
01.09.2025 14:00;01.09.2025 14:15;0,000;0,000;0,000
01.09.2025 14:15;01.09.2025 14:30;0,000;0,000;0,000
01.09.2025 14:30;01.09.2025 14:45;0,000;0,000;0,000
01.09.2025 14:45;01.09.2025 15:00;0,000;0,000;0,000
01.09.2025 15:00;01.09.2025 15:15;0,000;0,000;0,000
01.09.2025 15:15;01.09.2025 15:30;0,000;0,000;0,000
01.09.2025 15:30;01.09.2025 15:45;0,000;0,000;0,000
01.09.2025 15:45;01.09.2025 16:00;0,000;0,000;0,000
01.09.2025 16:00;01.09.2025 16:15;0,750;0,750;14,500
01.09.2025 16:15;01.09.2025 16:30;0,750;0,750;14,500
01.09.2025 16:30;01.09.2025 16:45;0,750;0,750;14,500
01.09.2025 16:45;01.09.2025 17:00;0,750;0,750;14,500
01.09.2025 17:00;01.09.2025 17:15;6,750;4,750;11,000
01.09.2025 17:15;01.09.2025 17:30;6,750;4,750;11,000
01.09.2025 17:30;01.09.2025 17:45;6,750;4,750;11,000
01.09.2025 17:45;01.09.2025 18:00;6,750;4,750;11,000
01.09.2025 18:00;01.09.2025 18:15;16,750;16,750;19,750
01.09.2025 18:15;01.09.2025 18:30;16,750;16,750;19,750
01.09.2025 18:30;01.09.2025 18:45;16,750;16,750;19,750
01.09.2025 18:45;01.09.2025 19:00;16,750;16,750;19,750
01.09.2025 19:00;01.09.2025 19:15;16,500;16,500;35,750
01.09.2025 19:15;01.09.2025 19:30;16,500;16,500;35,750
01.09.2025 19:30;01.09.2025 19:45;16,500;16,500;35,750
01.09.2025 19:45;01.09.2025 20:00;16,500;16,500;35,750
01.09.2025 20:00;01.09.2025 20:15;35,250;35,250;29,750
01.09.2025 20:15;01.09.2025 20:30;35,250;35,250;29,750
01.09.2025 20:30;01.09.2025 20:45;35,250;35,250;29,750
01.09.2025 20:45;01.09.2025 21:00;35,250;35,250;29,750
01.09.2025 21:00;01.09.2025 21:15;17,000;17,000;15,750
01.09.2025 21:15;01.09.2025 21:30;17,000;17,000;15,750
01.09.2025 21:30;01.09.2025 21:45;17,000;17,000;15,750
01.09.2025 21:45;01.09.2025 22:00;17,000;17,000;15,750
01.09.2025 22:00;01.09.2025 22:15;14,000;9,750;14,000
01.09.2025 22:15;01.09.2025 22:30;14,000;9,750;14,000
01.09.2025 22:30;01.09.2025 22:45;14,000;9,750;14,000
01.09.2025 22:45;01.09.2025 23:00;14,000;9,750;14,000
01.09.2025 23:00;01.09.2025 23:15;1,000;0,500;1,250
01.09.2025 23:15;01.09.2025 23:30;1,000;0,500;1,250
01.09.2025 23:30;01.09.2025 23:45;1,000;0,500;1,250
01.09.2025 23:45;02.09.2025 00:00;1,000;0,500;1,250
02.09.2025 00:00;02.09.2025 00:15;0,500;1,250;0,000
02.09.2025 00:15;02.09.2025 00:30;0,500;1,250;0,000
02.09.2025 00:30;02.09.2025 00:45;0,500;1,250;0,000
02.09.2025 00:45;02.09.2025 01:00;0,500;1,250;0,000
02.09.2025 01:00;02.09.2025 01:15;1,000;2,000;0,000
02.09.2025 01:15;02.09.2025 01:30;1,000;2,000;0,000
02.09.2025 01:30;02.09.2025 01:45;1,000;2,000;0,000
02.09.2025 01:45;02.09.2025 02:00;1,000;2,000;0,000
02.09.2025 02:00;02.09.2025 02:15;0,000;0,000;0,000
02.09.2025 02:15;02.09.2025 02:30;0,000;0,000;0,000
02.09.2025 02:30;02.09.2025 02:45;0,000;0,000;0,000
02.09.2025 02:45;02.09.2025 03:00;0,000;0,000;0,000
02.09.2025 03:00;02.09.2025 03:15;0,000;0,000;0,000
02.09.2025 03:15;02.09.2025 03:30;0,000;0,000;0,000
02.09.2025 03:30;02.09.2025 03:45;0,000;0,000;0,000
02.09.2025 03:45;02.09.2025 04:00;0,000;0,000;0,000
02.09.2025 04:00;02.09.2025 04:15;0,000;0,000;0,000
02.09.2025 04:15;02.09.2025 04:30;0,000;0,000;0,000
02.09.2025 04:30;02.09.2025 04:45;0,000;0,000;0,000
02.09.2025 04:45;02.09.2025 05:00;0,000;0,000;0,000
02.09.2025 05:00;02.09.2025 05:15;3,250;8,250;2,750
02.09.2025 05:15;02.09.2025 05:30;3,250;8,250;2,750
02.09.2025 05:30;02.09.2025 05:45;3,250;8,250;2,750
02.09.2025 05:45;02.09.2025 06:00;3,250;8,250;2,750
02.09.2025 06:00;02.09.2025 06:15;19,000;19,000;30,250
02.09.2025 06:15;02.09.2025 06:30;19,000;19,000;30,250
02.09.2025 06:30;02.09.2025 06:45;19,000;19,000;30,250
02.09.2025 06:45;02.09.2025 07:00;19,000;19,000;30,250
02.09.2025 07:00;02.09.2025 07:15;11,500;11,500;25,250
02.09.2025 07:15;02.09.2025 07:30;11,500;11,500;25,250
02.09.2025 07:30;02.09.2025 07:45;11,500;11,500;25,250
02.09.2025 07:45;02.09.2025 08:00;11,500;11,500;25,250
02.09.2025 08:00;02.09.2025 08:15;6,500;13,000;0,000
02.09.2025 08:15;02.09.2025 08:30;6,500;13,000;0,000
02.09.2025 08:30;02.09.2025 08:45;6,500;13,000;0,000
02.09.2025 08:45;02.09.2025 09:00;6,500;13,000;0,000
02.09.2025 09:00;02.09.2025 09:15;1,000;1,000;0,000
02.09.2025 09:15;02.09.2025 09:30;1,000;1,000;0,000
02.09.2025 09:30;02.09.2025 09:45;1,000;1,000;0,000
02.09.2025 09:45;02.09.2025 10:00;1,000;1,000;0,000
02.09.2025 10:00;02.09.2025 10:15;13,500;0,000;0,000
02.09.2025 10:15;02.09.2025 10:30;13,500;0,000;0,000
02.09.2025 10:30;02.09.2025 10:45;13,500;0,000;0,000
02.09.2025 10:45;02.09.2025 11:00;13,500;0,000;0,000
02.09.2025 11:00;02.09.2025 11:15;11,000;11,750;0,000
02.09.2025 11:15;02.09.2025 11:30;11,000;11,750;0,000
02.09.2025 11:30;02.09.2025 11:45;11,000;11,750;0,000
02.09.2025 11:45;02.09.2025 12:00;11,000;11,750;0,000
02.09.2025 12:00;02.09.2025 12:15;11,000;0,250;0,000
02.09.2025 12:15;02.09.2025 12:30;11,000;0,250;0,000
02.09.2025 12:30;02.09.2025 12:45;11,000;0,250;0,000
02.09.2025 12:45;02.09.2025 13:00;11,000;0,250;0,000
02.09.2025 13:00;02.09.2025 13:15;0,000;3,000;0,000
02.09.2025 13:15;02.09.2025 13:30;0,000;3,000;0,000
02.09.2025 13:30;02.09.2025 13:45;0,000;3,000;0,000
02.09.2025 13:45;02.09.2025 14:00;0,000;3,000;0,000
02.09.2025 14:00;02.09.2025 14:15;0,500;0,000;0,000
02.09.2025 14:15;02.09.2025 14:30;0,500;0,000;0,000
02.09.2025 14:30;02.09.2025 14:45;0,500;0,000;0,000
02.09.2025 14:45;02.09.2025 15:00;0,500;0,000;0,000
02.09.2025 15:00;02.09.2025 15:15;0,000;0,000;0,000
02.09.2025 15:15;02.09.2025 15:30;0,000;0,000;0,000
02.09.2025 15:30;02.09.2025 15:45;0,000;0,000;0,000
02.09.2025 15:45;02.09.2025 16:00;0,000;0,000;0,000
02.09.2025 16:00;02.09.2025 16:15;9,500;0,000;1,250
02.09.2025 16:15;02.09.2025 16:30;9,500;0,000;1,250
02.09.2025 16:30;02.09.2025 16:45;9,500;0,000;1,250
02.09.2025 16:45;02.09.2025 17:00;9,500;0,000;1,250
02.09.2025 17:00;02.09.2025 17:15;10,750;4,000;7,000
02.09.2025 17:15;02.09.2025 17:30;10,750;4,000;7,000
02.09.2025 17:30;02.09.2025 17:45;10,750;4,000;7,000
02.09.2025 17:45;02.09.2025 18:00;10,750;4,000;7,000
02.09.2025 18:00;02.09.2025 18:15;12,500;12,000;16,000
02.09.2025 18:15;02.09.2025 18:30;12,500;12,000;16,000
02.09.2025 18:30;02.09.2025 18:45;12,500;12,000;16,000
02.09.2025 18:45;02.09.2025 19:00;12,500;12,000;16,000
02.09.2025 19:00;02.09.2025 19:15;22,500;20,750;22,500
02.09.2025 19:15;02.09.2025 19:30;22,500;20,750;22,500
02.09.2025 19:30;02.09.2025 19:45;22,500;20,750;22,500
02.09.2025 19:45;02.09.2025 20:00;22,500;20,750;22,500
02.09.2025 20:00;02.09.2025 20:15;6,750;1,500;6,750
02.09.2025 20:15;02.09.2025 20:30;6,750;1,500;6,750
02.09.2025 20:30;02.09.2025 20:45;6,750;1,500;6,750
02.09.2025 20:45;02.09.2025 21:00;6,750;1,500;6,750
02.09.2025 21:00;02.09.2025 21:15;1,000;1,000;1,000
02.09.2025 21:15;02.09.2025 21:30;1,000;1,000;1,000
02.09.2025 21:30;02.09.2025 21:45;1,000;1,000;1,000
02.09.2025 21:45;02.09.2025 22:00;1,000;1,000;1,000
02.09.2025 22:00;02.09.2025 22:15;0,750;0,500;0,750
02.09.2025 22:15;02.09.2025 22:30;0,750;0,500;0,750
02.09.2025 22:30;02.09.2025 22:45;0,750;0,500;0,750
02.09.2025 22:45;02.09.2025 23:00;0,750;0,500;0,750
02.09.2025 23:00;02.09.2025 23:15;5,250;2,500;5,250
02.09.2025 23:15;02.09.2025 23:30;5,250;2,500;5,250
02.09.2025 23:30;02.09.2025 23:45;5,250;2,500;5,250
02.09.2025 23:45;03.09.2025 00:00;5,250;2,500;5,250
03.09.2025 00:00;03.09.2025 00:15;14,250;13,750;14,250
03.09.2025 00:15;03.09.2025 00:30;14,250;13,750;14,250
03.09.2025 00:30;03.09.2025 00:45;14,250;13,750;14,250
03.09.2025 00:45;03.09.2025 01:00;14,250;13,750;14,250
03.09.2025 01:00;03.09.2025 01:15;2,500;2,250;2,500
03.09.2025 01:15;03.09.2025 01:30;2,500;2,250;2,500
03.09.2025 01:30;03.09.2025 01:45;2,500;2,250;2,500
03.09.2025 01:45;03.09.2025 02:00;2,500;2,250;2,500
03.09.2025 02:00;03.09.2025 02:15;0,000;0,000;3,750
03.09.2025 02:15;03.09.2025 02:30;0,000;0,000;3,750
03.09.2025 02:30;03.09.2025 02:45;0,000;0,000;3,750
03.09.2025 02:45;03.09.2025 03:00;0,000;0,000;3,750
03.09.2025 03:00;03.09.2025 03:15;0,000;0,750;1,750
03.09.2025 03:15;03.09.2025 03:30;0,000;0,750;1,750
03.09.2025 03:30;03.09.2025 03:45;0,000;0,750;1,750
03.09.2025 03:45;03.09.2025 04:00;0,000;0,750;1,750
03.09.2025 04:00;03.09.2025 04:15;0,000;0,000;1,750
03.09.2025 04:15;03.09.2025 04:30;0,000;0,000;1,750
03.09.2025 04:30;03.09.2025 04:45;0,000;0,000;1,750
03.09.2025 04:45;03.09.2025 05:00;0,000;0,000;1,750
03.09.2025 05:00;03.09.2025 05:15;0,000;1,250;0,500
03.09.2025 05:15;03.09.2025 05:30;0,000;1,250;0,500
03.09.2025 05:30;03.09.2025 05:45;0,000;1,250;0,500
03.09.2025 05:45;03.09.2025 06:00;0,000;1,250;0,500
03.09.2025 06:00;03.09.2025 06:15;0,000;12,750;4,250
03.09.2025 06:15;03.09.2025 06:30;0,000;12,750;4,250
03.09.2025 06:30;03.09.2025 06:45;0,000;12,750;4,250
03.09.2025 06:45;03.09.2025 07:00;0,000;12,750;4,250
03.09.2025 07:00;03.09.2025 07:15;0,000;11,250;19,500
03.09.2025 07:15;03.09.2025 07:30;0,000;11,250;19,500
03.09.2025 07:30;03.09.2025 07:45;0,000;11,250;19,500
03.09.2025 07:45;03.09.2025 08:00;0,000;11,250;19,500
03.09.2025 08:00;03.09.2025 08:15;0,000;1,500;6,250
03.09.2025 08:15;03.09.2025 08:30;0,000;1,500;6,250
03.09.2025 08:30;03.09.2025 08:45;0,000;1,500;6,250
03.09.2025 08:45;03.09.2025 09:00;0,000;1,500;6,250
03.09.2025 09:00;03.09.2025 09:15;0,500;0,250;0,500
03.09.2025 09:15;03.09.2025 09:30;0,500;0,250;0,500
03.09.2025 09:30;03.09.2025 09:45;0,500;0,250;0,500
03.09.2025 09:45;03.09.2025 10:00;0,500;0,250;0,500
03.09.2025 10:00;03.09.2025 10:15;2,250;0,000;2,250
03.09.2025 10:15;03.09.2025 10:30;2,250;0,000;2,250
03.09.2025 10:30;03.09.2025 10:45;2,250;0,000;2,250
03.09.2025 10:45;03.09.2025 11:00;2,250;0,000;2,250
03.09.2025 11:00;03.09.2025 11:15;0,500;1,250;0,500
03.09.2025 11:15;03.09.2025 11:30;0,500;1,250;0,500
03.09.2025 11:30;03.09.2025 11:45;0,500;1,250;0,500
03.09.2025 11:45;03.09.2025 12:00;0,500;1,250;0,500
03.09.2025 12:00;03.09.2025 12:15;0,500;1,250;1,750
03.09.2025 12:15;03.09.2025 12:30;0,500;1,250;1,750
03.09.2025 12:30;03.09.2025 12:45;0,500;1,250;1,750
03.09.2025 12:45;03.09.2025 13:00;0,500;1,250;1,750
03.09.2025 13:00;03.09.2025 13:15;1,250;0,250;4,250
03.09.2025 13:15;03.09.2025 13:30;1,250;0,250;4,250
03.09.2025 13:30;03.09.2025 13:45;1,250;0,250;4,250
03.09.2025 13:45;03.09.2025 14:00;1,250;0,250;4,250
03.09.2025 14:00;03.09.2025 14:15;1,000;0,750;2,250
03.09.2025 14:15;03.09.2025 14:30;1,000;0,750;2,250
03.09.2025 14:30;03.09.2025 14:45;1,000;0,750;2,250
03.09.2025 14:45;03.09.2025 15:00;1,000;0,750;2,250
03.09.2025 15:00;03.09.2025 15:15;0,500;2,500;0,750
03.09.2025 15:15;03.09.2025 15:30;0,500;2,500;0,750
03.09.2025 15:30;03.09.2025 15:45;0,500;2,500;0,750
03.09.2025 15:45;03.09.2025 16:00;0,500;2,500;0,750
03.09.2025 16:00;03.09.2025 16:15;0,750;0,500;3,750
03.09.2025 16:15;03.09.2025 16:30;0,750;0,500;3,750
03.09.2025 16:30;03.09.2025 16:45;0,750;0,500;3,750
03.09.2025 16:45;03.09.2025 17:00;0,750;0,500;3,750
03.09.2025 17:00;03.09.2025 17:15;2,750;1,500;3,750
03.09.2025 17:15;03.09.2025 17:30;2,750;1,500;3,750
03.09.2025 17:30;03.09.2025 17:45;2,750;1,500;3,750
03.09.2025 17:45;03.09.2025 18:00;2,750;1,500;3,750
03.09.2025 18:00;03.09.2025 18:15;8,750;16,000;9,000
03.09.2025 18:15;03.09.2025 18:30;8,750;16,000;9,000
03.09.2025 18:30;03.09.2025 18:45;8,750;16,000;9,000
03.09.2025 18:45;03.09.2025 19:00;8,750;16,000;9,000
03.09.2025 19:00;03.09.2025 19:15;17,250;20,750;17,250
03.09.2025 19:15;03.09.2025 19:30;17,250;20,750;17,250
03.09.2025 19:30;03.09.2025 19:45;17,250;20,750;17,250
03.09.2025 19:45;03.09.2025 20:00;17,250;20,750;17,250
03.09.2025 20:00;03.09.2025 20:15;3,250;1,500;3,250
03.09.2025 20:15;03.09.2025 20:30;3,250;1,500;3,250
03.09.2025 20:30;03.09.2025 20:45;3,250;1,500;3,250
03.09.2025 20:45;03.09.2025 21:00;3,250;1,500;3,250
03.09.2025 21:00;03.09.2025 21:15;4,500;8,250;4,500
03.09.2025 21:15;03.09.2025 21:30;4,500;8,250;4,500
03.09.2025 21:30;03.09.2025 21:45;4,500;8,250;4,500
03.09.2025 21:45;03.09.2025 22:00;4,500;8,250;4,500
03.09.2025 22:00;03.09.2025 22:15;4,000;4,750;5,750
03.09.2025 22:15;03.09.2025 22:30;4,000;4,750;5,750
03.09.2025 22:30;03.09.2025 22:45;4,000;4,750;5,750
03.09.2025 22:45;03.09.2025 23:00;4,000;4,750;5,750
03.09.2025 23:00;03.09.2025 23:15;-;-;-
03.09.2025 23:15;03.09.2025 23:30;-;-;-
03.09.2025 23:30;03.09.2025 23:45;-;-;-
03.09.2025 23:45;04.09.2025 00:00;-;-;-
04.09.2025 00:00;04.09.2025 00:15;-;-;-
04.09.2025 00:15;04.09.2025 00:30;-;-;-
04.09.2025 00:30;04.09.2025 00:45;-;-;-
04.09.2025 00:45;04.09.2025 01:00;-;-;-
04.09.2025 01:00;04.09.2025 01:15;-;-;-
04.09.2025 01:15;04.09.2025 01:30;-;-;-
04.09.2025 01:30;04.09.2025 01:45;-;-;-
04.09.2025 01:45;04.09.2025 02:00;-;-;-
04.09.2025 02:00;04.09.2025 02:15;-;-;-
04.09.2025 02:15;04.09.2025 02:30;-;-;-
04.09.2025 02:30;04.09.2025 02:45;-;-;-
04.09.2025 02:45;04.09.2025 03:00;-;-;-
04.09.2025 03:00;04.09.2025 03:15;-;-;-
04.09.2025 03:15;04.09.2025 03:30;-;-;-
04.09.2025 03:30;04.09.2025 03:45;-;-;-
04.09.2025 03:45;04.09.2025 04:00;-;-;-
04.09.2025 04:00;04.09.2025 04:15;-;-;-
04.09.2025 04:15;04.09.2025 04:30;-;-;-
04.09.2025 04:30;04.09.2025 04:45;-;-;-
04.09.2025 04:45;04.09.2025 05:00;-;-;-
04.09.2025 05:00;04.09.2025 05:15;-;-;-
04.09.2025 05:15;04.09.2025 05:30;-;-;-
04.09.2025 05:30;04.09.2025 05:45;-;-;-
04.09.2025 05:45;04.09.2025 06:00;-;-;-
04.09.2025 06:00;04.09.2025 06:15;-;-;-
04.09.2025 06:15;04.09.2025 06:30;-;-;-
04.09.2025 06:30;04.09.2025 06:45;-;-;-
04.09.2025 06:45;04.09.2025 07:00;-;-;-
04.09.2025 07:00;04.09.2025 07:15;-;-;-
04.09.2025 07:15;04.09.2025 07:30;-;-;-
04.09.2025 07:30;04.09.2025 07:45;-;-;-
04.09.2025 07:45;04.09.2025 08:00;-;-;-
04.09.2025 08:00;04.09.2025 08:15;-;-;-
04.09.2025 08:15;04.09.2025 08:30;-;-;-
04.09.2025 08:30;04.09.2025 08:45;-;-;-
04.09.2025 08:45;04.09.2025 09:00;-;-;-
04.09.2025 09:00;04.09.2025 09:15;-;-;-
04.09.2025 09:15;04.09.2025 09:30;-;-;-
04.09.2025 09:30;04.09.2025 09:45;-;-;-
04.09.2025 09:45;04.09.2025 10:00;-;-;-
04.09.2025 10:00;04.09.2025 10:15;-;-;-
04.09.2025 10:15;04.09.2025 10:30;-;-;-
04.09.2025 10:30;04.09.2025 10:45;-;-;-
04.09.2025 10:45;04.09.2025 11:00;-;-;-
04.09.2025 11:00;04.09.2025 11:15;-;-;-
04.09.2025 11:15;04.09.2025 11:30;-;-;-
04.09.2025 11:30;04.09.2025 11:45;-;-;-
04.09.2025 11:45;04.09.2025 12:00;-;-;-
04.09.2025 12:00;04.09.2025 12:15;-;-;-
04.09.2025 12:15;04.09.2025 12:30;-;-;-
04.09.2025 12:30;04.09.2025 12:45;-;-;-
04.09.2025 12:45;04.09.2025 13:00;-;-;-
04.09.2025 13:00;04.09.2025 13:15;-;-;-
04.09.2025 13:15;04.09.2025 13:30;-;-;-
04.09.2025 13:30;04.09.2025 13:45;-;-;-
04.09.2025 13:45;04.09.2025 14:00;-;-;-
04.09.2025 14:00;04.09.2025 14:15;-;-;-
04.09.2025 14:15;04.09.2025 14:30;-;-;-
04.09.2025 14:30;04.09.2025 14:45;-;-;-
04.09.2025 14:45;04.09.2025 15:00;-;-;-
04.09.2025 15:00;04.09.2025 15:15;-;-;-
04.09.2025 15:15;04.09.2025 15:30;-;-;-
04.09.2025 15:30;04.09.2025 15:45;-;-;-
04.09.2025 15:45;04.09.2025 16:00;-;-;-
04.09.2025 16:00;04.09.2025 16:15;-;-;-
04.09.2025 16:15;04.09.2025 16:30;-;-;-
04.09.2025 16:30;04.09.2025 16:45;-;-;-
04.09.2025 16:45;04.09.2025 17:00;-;-;-
04.09.2025 17:00;04.09.2025 17:15;-;-;-
04.09.2025 17:15;04.09.2025 17:30;-;-;-
04.09.2025 17:30;04.09.2025 17:45;-;-;-
04.09.2025 17:45;04.09.2025 18:00;-;-;-
04.09.2025 18:00;04.09.2025 18:15;-;-;-
04.09.2025 18:15;04.09.2025 18:30;-;-;-
04.09.2025 18:30;04.09.2025 18:45;-;-;-
04.09.2025 18:45;04.09.2025 19:00;-;-;-
04.09.2025 19:00;04.09.2025 19:15;-;-;-
04.09.2025 19:15;04.09.2025 19:30;-;-;-
04.09.2025 19:30;04.09.2025 19:45;-;-;-
04.09.2025 19:45;04.09.2025 20:00;-;-;-
04.09.2025 20:00;04.09.2025 20:15;-;-;-
04.09.2025 20:15;04.09.2025 20:30;-;-;-
04.09.2025 20:30;04.09.2025 20:45;-;-;-
04.09.2025 20:45;04.09.2025 21:00;-;-;-
04.09.2025 21:00;04.09.2025 21:15;-;-;-
04.09.2025 21:15;04.09.2025 21:30;-;-;-
04.09.2025 21:30;04.09.2025 21:45;-;-;-
04.09.2025 21:45;04.09.2025 22:00;-;-;-
04.09.2025 22:00;04.09.2025 22:15;-;-;-
04.09.2025 22:15;04.09.2025 22:30;-;-;-
04.09.2025 22:30;04.09.2025 22:45;-;-;-
04.09.2025 22:45;04.09.2025 23:00;-;-;-
04.09.2025 23:00;04.09.2025 23:15;-;-;-
04.09.2025 23:15;04.09.2025 23:30;-;-;-
04.09.2025 23:30;04.09.2025 23:45;-;-;-
04.09.2025 23:45;05.09.2025 00:00;-;-;-
05.09.2025 00:00;05.09.2025 00:15;-;-;-
05.09.2025 00:15;05.09.2025 00:30;-;-;-
05.09.2025 00:30;05.09.2025 00:45;-;-;-
05.09.2025 00:45;05.09.2025 01:00;-;-;-
05.09.2025 01:00;05.09.2025 01:15;-;-;-
05.09.2025 01:15;05.09.2025 01:30;-;-;-
05.09.2025 01:30;05.09.2025 01:45;-;-;-
05.09.2025 01:45;05.09.2025 02:00;-;-;-
05.09.2025 02:00;05.09.2025 02:15;-;-;-
05.09.2025 02:15;05.09.2025 02:30;-;-;-
05.09.2025 02:30;05.09.2025 02:45;-;-;-
05.09.2025 02:45;05.09.2025 03:00;-;-;-
05.09.2025 03:00;05.09.2025 03:15;-;-;-
05.09.2025 03:15;05.09.2025 03:30;-;-;-
05.09.2025 03:30;05.09.2025 03:45;-;-;-
05.09.2025 03:45;05.09.2025 04:00;-;-;-
05.09.2025 04:00;05.09.2025 04:15;-;-;-
05.09.2025 04:15;05.09.2025 04:30;-;-;-
05.09.2025 04:30;05.09.2025 04:45;-;-;-
05.09.2025 04:45;05.09.2025 05:00;-;-;-
05.09.2025 05:00;05.09.2025 05:15;-;-;-
05.09.2025 05:15;05.09.2025 05:30;-;-;-
05.09.2025 05:30;05.09.2025 05:45;-;-;-
05.09.2025 05:45;05.09.2025 06:00;-;-;-
05.09.2025 06:00;05.09.2025 06:15;-;-;-
05.09.2025 06:15;05.09.2025 06:30;-;-;-
05.09.2025 06:30;05.09.2025 06:45;-;-;-
05.09.2025 06:45;05.09.2025 07:00;-;-;-
05.09.2025 07:00;05.09.2025 07:15;-;-;-
05.09.2025 07:15;05.09.2025 07:30;-;-;-
05.09.2025 07:30;05.09.2025 07:45;-;-;-
05.09.2025 07:45;05.09.2025 08:00;-;-;-
05.09.2025 08:00;05.09.2025 08:15;-;-;-
05.09.2025 08:15;05.09.2025 08:30;-;-;-
05.09.2025 08:30;05.09.2025 08:45;-;-;-
05.09.2025 08:45;05.09.2025 09:00;-;-;-
05.09.2025 09:00;05.09.2025 09:15;-;-;-
05.09.2025 09:15;05.09.2025 09:30;-;-;-
05.09.2025 09:30;05.09.2025 09:45;-;-;-
05.09.2025 09:45;05.09.2025 10:00;-;-;-
05.09.2025 10:00;05.09.2025 10:15;-;-;-
05.09.2025 10:15;05.09.2025 10:30;-;-;-
05.09.2025 10:30;05.09.2025 10:45;-;-;-
05.09.2025 10:45;05.09.2025 11:00;-;-;-
05.09.2025 11:00;05.09.2025 11:15;-;-;-
05.09.2025 11:15;05.09.2025 11:30;-;-;-
05.09.2025 11:30;05.09.2025 11:45;-;-;-
05.09.2025 11:45;05.09.2025 12:00;-;-;-
05.09.2025 12:00;05.09.2025 12:15;-;-;-
05.09.2025 12:15;05.09.2025 12:30;-;-;-
05.09.2025 12:30;05.09.2025 12:45;-;-;-
05.09.2025 12:45;05.09.2025 13:00;-;-;-
05.09.2025 13:00;05.09.2025 13:15;-;-;-
05.09.2025 13:15;05.09.2025 13:30;-;-;-
05.09.2025 13:30;05.09.2025 13:45;-;-;-
05.09.2025 13:45;05.09.2025 14:00;-;-;-
05.09.2025 14:00;05.09.2025 14:15;-;-;-
05.09.2025 14:15;05.09.2025 14:30;-;-;-
05.09.2025 14:30;05.09.2025 14:45;-;-;-
05.09.2025 14:45;05.09.2025 15:00;-;-;-
05.09.2025 15:00;05.09.2025 15:15;-;-;-
05.09.2025 15:15;05.09.2025 15:30;-;-;-
05.09.2025 15:30;05.09.2025 15:45;-;-;-
05.09.2025 15:45;05.09.2025 16:00;-;-;-
05.09.2025 16:00;05.09.2025 16:15;-;-;-
05.09.2025 16:15;05.09.2025 16:30;-;-;-
05.09.2025 16:30;05.09.2025 16:45;-;-;-
05.09.2025 16:45;05.09.2025 17:00;-;-;-
05.09.2025 17:00;05.09.2025 17:15;-;-;-
05.09.2025 17:15;05.09.2025 17:30;-;-;-
05.09.2025 17:30;05.09.2025 17:45;-;-;-
05.09.2025 17:45;05.09.2025 18:00;-;-;-
05.09.2025 18:00;05.09.2025 18:15;-;-;-
05.09.2025 18:15;05.09.2025 18:30;-;-;-
05.09.2025 18:30;05.09.2025 18:45;-;-;-
05.09.2025 18:45;05.09.2025 19:00;-;-;-
05.09.2025 19:00;05.09.2025 19:15;-;-;-
05.09.2025 19:15;05.09.2025 19:30;-;-;-
05.09.2025 19:30;05.09.2025 19:45;-;-;-
05.09.2025 19:45;05.09.2025 20:00;-;-;-
05.09.2025 20:00;05.09.2025 20:15;-;-;-
05.09.2025 20:15;05.09.2025 20:30;-;-;-
05.09.2025 20:30;05.09.2025 20:45;-;-;-
05.09.2025 20:45;05.09.2025 21:00;-;-;-
05.09.2025 21:00;05.09.2025 21:15;-;-;-
05.09.2025 21:15;05.09.2025 21:30;-;-;-
05.09.2025 21:30;05.09.2025 21:45;-;-;-
05.09.2025 21:45;05.09.2025 22:00;-;-;-
05.09.2025 22:00;05.09.2025 22:15;-;-;-
05.09.2025 22:15;05.09.2025 22:30;-;-;-
05.09.2025 22:30;05.09.2025 22:45;-;-;-
05.09.2025 22:45;05.09.2025 23:00;-;-;-
05.09.2025 23:00;05.09.2025 23:15;-;-;-
05.09.2025 23:15;05.09.2025 23:30;-;-;-
05.09.2025 23:30;05.09.2025 23:45;-;-;-
05.09.2025 23:45;06.09.2025 00:00;-;-;-
