Datum von;Datum bis;Netzlast [MWh] Originalauflösungen;Netzlast inkl. Pumpspeicher [MWh] Originalauflösungen;Pumpspeicher [MWh] Originalauflösungen;Residuallast [MWh] Originalauflösungen
28.08.2025 00:00;28.08.2025 00:15;11.423,75;11.662,50;238,75;9.827,75
28.08.2025 00:15;28.08.2025 00:30;11.219,25;11.475,25;256,00;9.641,00
28.08.2025 00:30;28.08.2025 00:45;11.189,50;11.540,00;350,50;9.583,75
28.08.2025 00:45;28.08.2025 01:00;11.256,25;11.637,50;381,25;9.685,75
28.08.2025 01:00;28.08.2025 01:15;11.041,25;11.576,25;535,00;9.571,25
28.08.2025 01:15;28.08.2025 01:30;10.940,50;11.469,75;529,25;9.522,75
28.08.2025 01:30;28.08.2025 01:45;10.835,50;11.468,25;632,75;9.439,75
28.08.2025 01:45;28.08.2025 02:00;10.853,00;11.523,75;670,75;9.477,00
28.08.2025 02:00;28.08.2025 02:15;10.751,00;11.476,00;725,00;9.381,00
28.08.2025 02:15;28.08.2025 02:30;10.691,00;11.406,50;715,50;9.328,25
28.08.2025 02:30;28.08.2025 02:45;10.654,25;11.362,00;707,75;9.326,25
28.08.2025 02:45;28.08.2025 03:00;10.666,50;11.401,50;735,00;9.344,75
28.08.2025 03:00;28.08.2025 03:15;10.624,50;11.351,75;727,25;9.354,25
28.08.2025 03:15;28.08.2025 03:30;10.620,50;11.255,00;634,50;9.353,25
28.08.2025 03:30;28.08.2025 03:45;10.646,25;11.279,50;633,25;9.405,00
28.08.2025 03:45;28.08.2025 04:00;10.650,75;11.283,25;632,50;9.445,50
28.08.2025 04:00;28.08.2025 04:15;10.785,25;11.244,00;458,75;9.549,00
28.08.2025 04:15;28.08.2025 04:30;10.778,75;11.313,75;535,00;9.468,00
28.08.2025 04:30;28.08.2025 04:45;10.917,50;11.375,25;457,75;9.565,50
28.08.2025 04:45;28.08.2025 05:00;11.024,00;11.415,75;391,75;9.640,00
28.08.2025 05:00;28.08.2025 05:15;11.426,75;11.672,75;246,00;10.085,25
28.08.2025 05:15;28.08.2025 05:30;11.490,75;11.630,50;139,75;10.174,25
28.08.2025 05:30;28.08.2025 05:45;11.714,75;11.826,50;111,75;10.367,75
28.08.2025 05:45;28.08.2025 06:00;12.201,50;12.259,50;58,00;10.858,50
28.08.2025 06:00;28.08.2025 06:15;12.842,75;12.863,50;20,75;11.543,25
28.08.2025 06:15;28.08.2025 06:30;13.235,50;13.241,75;6,25;11.936,25
28.08.2025 06:30;28.08.2025 06:45;13.431,75;13.435,50;3,75;12.026,25
28.08.2025 06:45;28.08.2025 07:00;13.630,00;13.633,00;3,00;12.083,00
28.08.2025 07:00;28.08.2025 07:15;13.942,75;13.945,00;2,25;12.245,25
28.08.2025 07:15;28.08.2025 07:30;14.241,50;14.243,25;1,75;12.383,25
28.08.2025 07:30;28.08.2025 07:45;14.455,00;14.456,75;1,75;12.362,25
28.08.2025 07:45;28.08.2025 08:00;14.656,75;14.658,50;1,75;12.359,75
28.08.2025 08:00;28.08.2025 08:15;14.849,75;14.851,50;1,75;12.335,75
28.08.2025 08:15;28.08.2025 08:30;15.048,75;15.050,50;1,75;12.334,25
28.08.2025 08:30;28.08.2025 08:45;15.157,75;15.159,50;1,75;12.267,00
28.08.2025 08:45;28.08.2025 09:00;15.310,25;15.312,00;1,75;12.207,00
28.08.2025 09:00;28.08.2025 09:15;15.395,25;15.397,00;1,75;12.014,00
28.08.2025 09:15;28.08.2025 09:30;15.520,25;15.523,75;3,50;11.841,25
28.08.2025 09:30;28.08.2025 09:45;15.653,00;15.656,25;3,25;11.695,75
28.08.2025 09:45;28.08.2025 10:00;15.868,50;15.871,50;3,00;11.650,75
28.08.2025 10:00;28.08.2025 10:15;15.938,50;15.942,00;3,50;11.496,00
28.08.2025 10:15;28.08.2025 10:30;16.059,25;16.102,50;43,25;11.416,00
28.08.2025 10:30;28.08.2025 10:45;16.122,50;16.251,25;128,75;11.270,00
28.08.2025 10:45;28.08.2025 11:00;16.150,75;16.309,00;158,25;11.164,75
28.08.2025 11:00;28.08.2025 11:15;16.100,00;16.209,50;109,50;10.853,25
28.08.2025 11:15;28.08.2025 11:30;16.211,00;16.311,50;100,50;10.770,75
28.08.2025 11:30;28.08.2025 11:45;16.190,75;16.486,75;296,00;10.561,00
28.08.2025 11:45;28.08.2025 12:00;16.280,25;16.566,75;286,50;10.526,75
28.08.2025 12:00;28.08.2025 12:15;16.299,25;16.514,25;215,00;10.498,25
28.08.2025 12:15;28.08.2025 12:30;16.256,00;16.559,50;303,50;10.444,25
28.08.2025 12:30;28.08.2025 12:45;16.273,00;16.580,75;307,75;10.525,50
28.08.2025 12:45;28.08.2025 13:00;16.261,25;16.527,00;265,75;10.607,00
28.08.2025 13:00;28.08.2025 13:15;16.035,50;16.345,75;310,25;10.482,75
28.08.2025 13:15;28.08.2025 13:30;15.898,75;16.226,50;327,75;10.440,00
28.08.2025 13:30;28.08.2025 13:45;15.605,75;15.872,75;267,00;10.197,50
28.08.2025 13:45;28.08.2025 14:00;15.355,50;15.668,50;313,00;9.939,50
28.08.2025 14:00;28.08.2025 14:15;15.438,00;15.740,50;302,50;10.142,00
28.08.2025 14:15;28.08.2025 14:30;15.457,00;15.808,75;351,75;10.272,75
28.08.2025 14:30;28.08.2025 14:45;15.302,50;15.626,00;323,50;10.184,00
28.08.2025 14:45;28.08.2025 15:00;15.182,00;15.550,25;368,25;10.069,50
28.08.2025 15:00;28.08.2025 15:15;15.272,00;15.656,25;384,25;10.227,75
28.08.2025 15:15;28.08.2025 15:30;15.163,75;15.530,00;366,25;10.223,00
28.08.2025 15:30;28.08.2025 15:45;15.173,75;15.398,75;225,00;10.377,50
28.08.2025 15:45;28.08.2025 16:00;14.951,75;15.117,75;166,00;10.339,75
28.08.2025 16:00;28.08.2025 16:15;14.849,50;15.138,50;289,00;10.374,00
28.08.2025 16:15;28.08.2025 16:30;14.726,75;14.895,25;168,50;10.402,75
28.08.2025 16:30;28.08.2025 16:45;14.642,00;14.782,50;140,50;10.554,50
28.08.2025 16:45;28.08.2025 17:00;14.798,50;14.867,75;69,25;10.935,00
28.08.2025 17:00;28.08.2025 17:15;14.804,00;14.904,00;100,00;11.157,00
28.08.2025 17:15;28.08.2025 17:30;14.755,25;14.781,25;26,00;11.254,50
28.08.2025 17:30;28.08.2025 17:45;14.802,25;14.804,75;2,50;11.493,75
28.08.2025 17:45;28.08.2025 18:00;14.848,75;14.851,00;2,25;11.767,00
28.08.2025 18:00;28.08.2025 18:15;14.829,75;14.831,50;1,75;11.995,50
28.08.2025 18:15;28.08.2025 18:30;14.649,50;14.651,00;1,50;12.055,25
28.08.2025 18:30;28.08.2025 18:45;14.591,00;14.592,25;1,25;12.210,00
28.08.2025 18:45;28.08.2025 19:00;14.511,00;14.511,50;0,50;12.359,50
28.08.2025 19:00;28.08.2025 19:15;14.555,00;14.555,50;0,50;12.642,25
28.08.2025 19:15;28.08.2025 19:30;14.408,75;14.410,00;1,25;12.703,75
28.08.2025 19:30;28.08.2025 19:45;14.316,75;14.317,50;0,75;12.867,00
28.08.2025 19:45;28.08.2025 20:00;14.139,75;14.140,00;0,25;12.803,00
28.08.2025 20:00;28.08.2025 20:15;14.180,50;14.180,75;0,25;12.829,75
28.08.2025 20:15;28.08.2025 20:30;14.122,50;14.123,50;1,00;12.881,25
28.08.2025 20:30;28.08.2025 20:45;14.150,50;14.151,75;1,25;13.024,00
28.08.2025 20:45;28.08.2025 21:00;14.134,25;14.136,50;2,25;12.923,75
28.08.2025 21:00;28.08.2025 21:15;13.776,50;13.779,00;2,50;12.418,75
28.08.2025 21:15;28.08.2025 21:30;13.603,50;13.606,50;3,00;12.239,00
28.08.2025 21:30;28.08.2025 21:45;13.522,50;13.527,75;5,25;12.128,75
28.08.2025 21:45;28.08.2025 22:00;13.327,50;13.349,00;21,50;12.009,25
28.08.2025 22:00;28.08.2025 22:15;12.841,25;12.881,25;40,00;11.634,00
28.08.2025 22:15;28.08.2025 22:30;12.631,75;12.639,50;7,75;11.434,25
28.08.2025 22:30;28.08.2025 22:45;12.412,25;12.418,75;6,50;11.194,25
28.08.2025 22:45;28.08.2025 23:00;12.223,75;12.243,75;20,00;11.007,00
28.08.2025 23:00;28.08.2025 23:15;11.978,00;11.986,50;8,50;10.752,50
28.08.2025 23:15;28.08.2025 23:30;11.828,50;11.832,25;3,75;10.564,00
28.08.2025 23:30;28.08.2025 23:45;11.680,50;11.686,75;6,25;10.346,00
28.08.2025 23:45;29.08.2025 00:00;11.567,75;11.617,75;50,00;10.256,00
29.08.2025 00:00;29.08.2025 00:15;11.450,75;11.458,25;7,50;10.152,75
29.08.2025 00:15;29.08.2025 00:30;11.281,75;11.294,00;12,25;9.946,00
29.08.2025 00:30;29.08.2025 00:45;11.047,25;11.122,75;75,50;9.664,50
29.08.2025 00:45;29.08.2025 01:00;10.946,25;11.021,00;74,75;9.564,50
29.08.2025 01:00;29.08.2025 01:15;10.909,25;11.005,00;95,75;9.580,00
29.08.2025 01:15;29.08.2025 01:30;10.865,50;10.962,75;97,25;9.538,00
29.08.2025 01:30;29.08.2025 01:45;10.846,25;10.957,00;110,75;9.558,50
29.08.2025 01:45;29.08.2025 02:00;10.816,25;10.930,75;114,50;9.519,00
29.08.2025 02:00;29.08.2025 02:15;10.735,00;10.975,00;240,00;9.400,75
29.08.2025 02:15;29.08.2025 02:30;10.645,50;10.893,25;247,75;9.245,25
29.08.2025 02:30;29.08.2025 02:45;10.627,75;10.899,00;271,25;9.167,50
29.08.2025 02:45;29.08.2025 03:00;10.654,00;10.971,25;317,25;9.229,25
29.08.2025 03:00;29.08.2025 03:15;10.721,25;10.980,50;259,25;9.288,75
29.08.2025 03:15;29.08.2025 03:30;10.752,00;11.018,00;266,00;9.266,50
29.08.2025 03:30;29.08.2025 03:45;10.790,50;11.079,25;288,75;9.268,50
29.08.2025 03:45;29.08.2025 04:00;10.775,50;11.072,50;297,00;9.185,50
29.08.2025 04:00;29.08.2025 04:15;10.804,25;11.086,00;281,75;9.174,75
29.08.2025 04:15;29.08.2025 04:30;10.904,50;11.201,75;297,25;9.208,00
29.08.2025 04:30;29.08.2025 04:45;11.045,75;11.305,00;259,25;9.291,75
29.08.2025 04:45;29.08.2025 05:00;11.097,75;11.368,75;271,00;9.304,75
29.08.2025 05:00;29.08.2025 05:15;11.404,50;11.540,25;135,75;9.600,00
29.08.2025 05:15;29.08.2025 05:30;11.445,00;11.505,75;60,75;9.571,25
29.08.2025 05:30;29.08.2025 05:45;11.737,75;11.762,50;24,75;9.808,50
29.08.2025 05:45;29.08.2025 06:00;12.064,25;12.070,75;6,50;10.095,00
29.08.2025 06:00;29.08.2025 06:15;12.636,50;12.641,75;5,25;10.667,00
29.08.2025 06:15;29.08.2025 06:30;13.086,50;13.090,25;3,75;11.068,00
29.08.2025 06:30;29.08.2025 06:45;13.372,50;13.375,50;3,00;11.214,50
29.08.2025 06:45;29.08.2025 07:00;13.424,50;13.426,00;1,50;11.166,75
29.08.2025 07:00;29.08.2025 07:15;13.723,00;13.724,25;1,25;11.341,75
29.08.2025 07:15;29.08.2025 07:30;14.018,50;14.018,75;0,25;11.508,00
29.08.2025 07:30;29.08.2025 07:45;14.191,75;14.192,50;0,75;11.430,00
29.08.2025 07:45;29.08.2025 08:00;14.448,50;14.449,75;1,25;11.380,75
29.08.2025 08:00;29.08.2025 08:15;14.651,00;14.653,25;2,25;11.259,00
29.08.2025 08:15;29.08.2025 08:30;14.912,25;14.913,75;1,50;11.190,00
29.08.2025 08:30;29.08.2025 08:45;15.114,00;15.117,25;3,25;11.004,25
29.08.2025 08:45;29.08.2025 09:00;15.135,50;15.189,50;54,00;10.613,50
29.08.2025 09:00;29.08.2025 09:15;15.360,00;15.436,25;76,25;10.441,75
29.08.2025 09:15;29.08.2025 09:30;15.442,75;15.559,75;117,00;10.091,25
29.08.2025 09:30;29.08.2025 09:45;15.515,25;15.633,25;118,00;9.680,25
29.08.2025 09:45;29.08.2025 10:00;15.476,00;15.656,50;180,50;9.131,75
29.08.2025 10:00;29.08.2025 10:15;15.367,25;15.502,50;135,25;8.548,50
29.08.2025 10:15;29.08.2025 10:30;15.399,75;15.525,50;125,75;7.903,25
29.08.2025 10:30;29.08.2025 10:45;15.457,50;15.600,50;143,00;7.347,25
29.08.2025 10:45;29.08.2025 11:00;15.337,75;15.658,00;320,25;6.651,75
29.08.2025 11:00;29.08.2025 11:15;15.305,25;15.775,25;470,00;6.127,50
29.08.2025 11:15;29.08.2025 11:30;15.162,00;15.730,00;568,00;5.679,75
29.08.2025 11:30;29.08.2025 11:45;15.154,50;15.748,75;594,25;5.324,25
29.08.2025 11:45;29.08.2025 12:00;15.189,75;15.813,00;623,25;5.149,75
29.08.2025 12:00;29.08.2025 12:15;14.975,75;15.625,75;650,00;4.584,75
29.08.2025 12:15;29.08.2025 12:30;14.830,50;15.656,00;825,50;4.245,75
29.08.2025 12:30;29.08.2025 12:45;14.906,00;15.760,50;854,50;4.257,25
29.08.2025 12:45;29.08.2025 13:00;14.802,25;15.598,75;796,50;4.065,50
29.08.2025 13:00;29.08.2025 13:15;14.702,25;15.543,00;840,75;3.841,50
29.08.2025 13:15;29.08.2025 13:30;14.475,75;15.225,75;750,00;3.593,00
29.08.2025 13:30;29.08.2025 13:45;14.315,75;15.072,50;756,75;3.410,50
29.08.2025 13:45;29.08.2025 14:00;14.199,75;14.984,75;785,00;3.317,75
29.08.2025 14:00;29.08.2025 14:15;14.127,50;15.019,00;891,50;3.340,50
29.08.2025 14:15;29.08.2025 14:30;13.893,25;14.821,50;928,25;3.236,00
29.08.2025 14:30;29.08.2025 14:45;13.760,75;14.680,00;919,25;3.261,75
29.08.2025 14:45;29.08.2025 15:00;13.692,75;14.578,50;885,75;3.394,75
29.08.2025 15:00;29.08.2025 15:15;13.511,75;14.393,75;882,00;3.476,75
29.08.2025 15:15;29.08.2025 15:30;13.478,75;14.365,75;887,00;3.797,25
29.08.2025 15:30;29.08.2025 15:45;13.309,50;14.130,50;821,00;4.012,50
29.08.2025 15:45;29.08.2025 16:00;13.228,25;13.895,75;667,50;4.363,75
29.08.2025 16:00;29.08.2025 16:15;13.436,50;13.998,75;562,25;4.959,75
29.08.2025 16:15;29.08.2025 16:30;13.572,50;13.954,75;382,25;5.518,50
29.08.2025 16:30;29.08.2025 16:45;13.570,75;13.743,00;172,25;5.974,25
29.08.2025 16:45;29.08.2025 17:00;13.538,00;13.656,00;118,00;6.441,00
29.08.2025 17:00;29.08.2025 17:15;13.664,50;13.718,75;54,25;7.058,25
29.08.2025 17:15;29.08.2025 17:30;13.606,25;13.627,50;21,25;7.395,00
29.08.2025 17:30;29.08.2025 17:45;13.786,75;13.794,25;7,50;8.074,50
29.08.2025 17:45;29.08.2025 18:00;13.731,25;13.732,50;1,25;8.460,50
29.08.2025 18:00;29.08.2025 18:15;13.709,75;13.711,00;1,25;8.891,25
29.08.2025 18:15;29.08.2025 18:30;13.776,50;13.777,25;0,75;9.466,25
29.08.2025 18:30;29.08.2025 18:45;13.682,25;13.682,75;0,50;9.881,00
29.08.2025 18:45;29.08.2025 19:00;13.688,25;13.688,75;0,50;10.296,75
29.08.2025 19:00;29.08.2025 19:15;13.764,00;13.764,50;0,50;10.663,50
29.08.2025 19:15;29.08.2025 19:30;13.623,25;13.623,75;0,50;10.788,75
29.08.2025 19:30;29.08.2025 19:45;13.478,00;13.478,25;0,25;10.739,00
29.08.2025 19:45;29.08.2025 20:00;13.339,00;13.339,25;0,25;10.447,75
29.08.2025 20:00;29.08.2025 20:15;13.287,50;13.287,75;0,25;10.183,00
29.08.2025 20:15;29.08.2025 20:30;13.156,00;13.156,25;0,25;10.097,75
29.08.2025 20:30;29.08.2025 20:45;13.178,00;13.178,25;0,25;10.157,50
29.08.2025 20:45;29.08.2025 21:00;13.084,25;13.089,75;5,50;9.771,50
29.08.2025 21:00;29.08.2025 21:15;12.876,75;12.878,00;1,25;9.329,00
29.08.2025 21:15;29.08.2025 21:30;12.638,00;12.639,25;1,25;9.208,00
29.08.2025 21:30;29.08.2025 21:45;12.383,00;12.390,00;7,00;8.913,00
29.08.2025 21:45;29.08.2025 22:00;12.244,00;12.292,75;48,75;8.742,75
29.08.2025 22:00;29.08.2025 22:15;12.170,00;12.173,00;3,00;8.713,50
29.08.2025 22:15;29.08.2025 22:30;12.047,75;12.050,75;3,00;8.583,75
29.08.2025 22:30;29.08.2025 22:45;11.835,75;11.865,50;29,75;8.397,75
29.08.2025 22:45;29.08.2025 23:00;11.594,75;11.600,00;5,25;8.166,75
29.08.2025 23:00;29.08.2025 23:15;11.473,75;11.477,00;3,25;8.123,75
29.08.2025 23:15;29.08.2025 23:30;11.320,50;11.324,25;3,75;8.120,00
29.08.2025 23:30;29.08.2025 23:45;11.093,50;11.098,00;4,50;7.977,75
29.08.2025 23:45;30.08.2025 00:00;10.856,25;10.859,75;3,50;7.732,25
30.08.2025 00:00;30.08.2025 00:15;10.639,25;10.646,25;7,00;7.508,50
30.08.2025 00:15;30.08.2025 00:30;10.503,00;10.512,00;9,00;7.360,25
30.08.2025 00:30;30.08.2025 00:45;10.396,75;10.405,25;8,50;7.279,75
30.08.2025 00:45;30.08.2025 01:00;10.335,50;10.344,25;8,75;7.229,50
30.08.2025 01:00;30.08.2025 01:15;10.209,00;10.217,50;8,50;7.121,75
30.08.2025 01:15;30.08.2025 01:30;10.037,00;10.046,25;9,25;6.958,75
30.08.2025 01:30;30.08.2025 01:45;9.946,50;9.956,50;10,00;6.811,50
30.08.2025 01:45;30.08.2025 02:00;9.868,00;9.881,00;13,00;6.731,00
30.08.2025 02:00;30.08.2025 02:15;9.771,25;9.791,75;20,50;6.656,75
30.08.2025 02:15;30.08.2025 02:30;9.729,25;9.750,00;20,75;6.602,25
30.08.2025 02:30;30.08.2025 02:45;9.736,50;9.761,75;25,25;6.627,75
30.08.2025 02:45;30.08.2025 03:00;9.748,50;9.813,50;65,00;6.695,75
30.08.2025 03:00;30.08.2025 03:15;9.726,75;9.801,75;75,00;6.706,25
30.08.2025 03:15;30.08.2025 03:30;9.685,25;9.829,00;143,75;6.692,00
30.08.2025 03:30;30.08.2025 03:45;9.624,50;9.771,00;146,50;6.674,00
30.08.2025 03:45;30.08.2025 04:00;9.700,25;9.732,00;31,75;6.757,00
30.08.2025 04:00;30.08.2025 04:15;9.699,75;9.710,50;10,75;6.797,25
30.08.2025 04:15;30.08.2025 04:30;9.693,25;9.704,00;10,75;6.871,00
30.08.2025 04:30;30.08.2025 04:45;9.680,00;9.690,75;10,75;6.926,00
30.08.2025 04:45;30.08.2025 05:00;9.696,50;9.707,25;10,75;6.963,00
30.08.2025 05:00;30.08.2025 05:15;9.808,50;9.828,00;19,50;7.077,50
30.08.2025 05:15;30.08.2025 05:30;9.793,75;9.811,25;17,50;7.051,75
30.08.2025 05:30;30.08.2025 05:45;9.873,25;9.883,50;10,25;7.093,50
30.08.2025 05:45;30.08.2025 06:00;9.865,25;9.874,50;9,25;7.043,50
30.08.2025 06:00;30.08.2025 06:15;10.164,25;10.170,50;6,25;7.312,75
30.08.2025 06:15;30.08.2025 06:30;10.314,00;10.320,25;6,25;7.512,75
30.08.2025 06:30;30.08.2025 06:45;10.303,25;10.327,00;23,75;7.445,00
30.08.2025 06:45;30.08.2025 07:00;10.383,25;10.389,50;6,25;7.428,25
30.08.2025 07:00;30.08.2025 07:15;10.459,50;10.464,25;4,75;7.445,75
30.08.2025 07:15;30.08.2025 07:30;10.681,75;10.685,50;3,75;7.555,00
30.08.2025 07:30;30.08.2025 07:45;10.924,25;10.928,25;4,00;7.576,50
30.08.2025 07:45;30.08.2025 08:00;11.124,50;11.173,75;49,25;7.476,00
30.08.2025 08:00;30.08.2025 08:15;11.317,25;11.327,25;10,00;7.353,00
30.08.2025 08:15;30.08.2025 08:30;11.533,00;11.588,75;55,75;7.259,50
30.08.2025 08:30;30.08.2025 08:45;11.783,75;11.842,00;58,25;7.128,00
30.08.2025 08:45;30.08.2025 09:00;11.934,00;12.011,75;77,75;6.820,50
30.08.2025 09:00;30.08.2025 09:15;11.989,25;12.133,75;144,50;6.351,50
30.08.2025 09:15;30.08.2025 09:30;12.126,75;12.279,25;152,50;5.918,50
30.08.2025 09:30;30.08.2025 09:45;12.286,00;12.522,75;236,75;5.572,75
30.08.2025 09:45;30.08.2025 10:00;12.423,00;12.897,00;474,00;5.215,25
30.08.2025 10:00;30.08.2025 10:15;12.482,25;12.729,25;247,00;4.753,75
30.08.2025 10:15;30.08.2025 10:30;12.486,75;12.850,50;363,75;4.202,00
30.08.2025 10:30;30.08.2025 10:45;12.506,25;13.056,50;550,25;3.596,00
30.08.2025 10:45;30.08.2025 11:00;12.456,50;13.299,50;843,00;2.965,25
30.08.2025 11:00;30.08.2025 11:15;12.470,00;13.136,50;666,50;2.348,00
30.08.2025 11:15;30.08.2025 11:30;12.574,00;13.550,50;976,50;2.001,25
30.08.2025 11:30;30.08.2025 11:45;12.583,75;13.738,50;1.154,75;1.610,50
30.08.2025 11:45;30.08.2025 12:00;12.555,50;13.806,75;1.251,25;1.201,00
30.08.2025 12:00;30.08.2025 12:15;12.207,50;13.486,75;1.279,25;554,00
30.08.2025 12:15;30.08.2025 12:30;12.162,50;13.469,00;1.306,50;371,50
30.08.2025 12:30;30.08.2025 12:45;12.079,50;13.361,50;1.282,00;74,25
30.08.2025 12:45;30.08.2025 13:00;12.099,75;13.345,50;1.245,75;-17,00
30.08.2025 13:00;30.08.2025 13:15;11.870,00;13.116,00;1.246,00;-342,75
30.08.2025 13:15;30.08.2025 13:30;11.760,00;13.027,75;1.267,75;-340,75
30.08.2025 13:30;30.08.2025 13:45;11.654,00;12.928,75;1.274,75;-494,25
30.08.2025 13:45;30.08.2025 14:00;11.643,50;12.905,50;1.262,00;-267,25
30.08.2025 14:00;30.08.2025 14:15;11.598,75;12.871,75;1.273,00;-84,00
30.08.2025 14:15;30.08.2025 14:30;11.462,50;12.695,25;1.232,75;-101,00
30.08.2025 14:30;30.08.2025 14:45;11.365,75;12.579,00;1.213,25;-10,75
30.08.2025 14:45;30.08.2025 15:00;11.172,75;12.419,50;1.246,75;-125,00
30.08.2025 15:00;30.08.2025 15:15;11.396,00;12.656,00;1.260,00;789,75
30.08.2025 15:15;30.08.2025 15:30;11.343,00;12.600,25;1.257,25;1.187,25
30.08.2025 15:30;30.08.2025 15:45;11.217,50;12.485,75;1.268,25;1.169,00
30.08.2025 15:45;30.08.2025 16:00;11.192,75;12.402,50;1.209,75;1.443,00
30.08.2025 16:00;30.08.2025 16:15;11.279,25;12.463,00;1.183,75;1.789,00
30.08.2025 16:15;30.08.2025 16:30;11.212,25;12.364,25;1.152,00;2.073,50
30.08.2025 16:30;30.08.2025 16:45;11.068,25;12.037,75;969,50;2.288,00
30.08.2025 16:45;30.08.2025 17:00;11.110,00;11.940,25;830,25;2.788,25
30.08.2025 17:00;30.08.2025 17:15;11.301,00;12.045,75;744,75;3.518,00
30.08.2025 17:15;30.08.2025 17:30;11.335,25;12.008,00;672,75;4.213,25
30.08.2025 17:30;30.08.2025 17:45;11.501,25;11.741,50;240,25;5.112,25
30.08.2025 17:45;30.08.2025 18:00;11.522,50;11.607,00;84,50;5.836,75
30.08.2025 18:00;30.08.2025 18:15;11.702,50;11.716,75;14,25;6.768,00
30.08.2025 18:15;30.08.2025 18:30;11.740,75;11.745,50;4,75;7.495,00
30.08.2025 18:30;30.08.2025 18:45;11.800,75;11.801,75;1,00;8.286,25
30.08.2025 18:45;30.08.2025 19:00;11.851,75;11.852,75;1,00;9.054,75
30.08.2025 19:00;30.08.2025 19:15;11.910,25;11.911,25;1,00;9.736,00
30.08.2025 19:15;30.08.2025 19:30;11.889,00;11.889,75;0,75;10.241,75
30.08.2025 19:30;30.08.2025 19:45;11.841,00;11.841,00;0,00;10.527,25
30.08.2025 19:45;30.08.2025 20:00;11.604,50;11.604,75;0,25;10.476,50
30.08.2025 20:00;30.08.2025 20:15;11.570,50;11.570,75;0,25;10.509,00
30.08.2025 20:15;30.08.2025 20:30;11.615,75;11.616,50;0,75;10.650,00
30.08.2025 20:30;30.08.2025 20:45;11.742,50;11.743,75;1,25;10.761,25
30.08.2025 20:45;30.08.2025 21:00;11.678,75;11.680,00;1,25;10.616,25
30.08.2025 21:00;30.08.2025 21:15;11.421,00;11.422,25;1,25;10.277,25
30.08.2025 21:15;30.08.2025 21:30;11.320,25;11.321,50;1,25;10.063,25
30.08.2025 21:30;30.08.2025 21:45;11.113,00;11.114,50;1,50;9.749,25
30.08.2025 21:45;30.08.2025 22:00;10.956,00;10.957,50;1,50;9.462,50
30.08.2025 22:00;30.08.2025 22:15;10.947,75;10.949,25;1,50;9.344,50
30.08.2025 22:15;30.08.2025 22:30;10.763,25;10.764,75;1,50;8.993,75
30.08.2025 22:30;30.08.2025 22:45;10.608,00;10.610,00;2,00;8.668,00
30.08.2025 22:45;30.08.2025 23:00;10.455,25;10.457,25;2,00;8.330,50
30.08.2025 23:00;30.08.2025 23:15;10.395,75;10.398,50;2,75;8.129,25
30.08.2025 23:15;30.08.2025 23:30;10.206,50;10.216,75;10,25;7.818,00
30.08.2025 23:30;30.08.2025 23:45;10.064,00;10.076,50;12,50;7.543,00
30.08.2025 23:45;31.08.2025 00:00;9.902,75;9.915,25;12,50;7.247,00
31.08.2025 00:00;31.08.2025 00:15;9.640,50;9.644,25;3,75;6.866,50
31.08.2025 00:15;31.08.2025 00:30;9.514,75;9.518,50;3,75;6.615,25
31.08.2025 00:30;31.08.2025 00:45;9.472,75;9.480,50;7,75;6.494,00
31.08.2025 00:45;31.08.2025 01:00;9.289,25;9.380,00;90,75;6.257,25
31.08.2025 01:00;31.08.2025 01:15;9.160,25;9.373,50;213,25;6.035,75
31.08.2025 01:15;31.08.2025 01:30;9.092,50;9.282,75;190,25;5.881,50
31.08.2025 01:30;31.08.2025 01:45;9.014,25;9.190,50;176,25;5.724,75
31.08.2025 01:45;31.08.2025 02:00;8.994,00;9.273,25;279,25;5.583,00
31.08.2025 02:00;31.08.2025 02:15;8.866,25;9.033,50;167,25;5.365,25
31.08.2025 02:15;31.08.2025 02:30;8.938,25;9.124,00;185,75;5.341,25
31.08.2025 02:30;31.08.2025 02:45;8.970,75;9.201,00;230,25;5.292,75
31.08.2025 02:45;31.08.2025 03:00;8.947,75;9.216,75;269,00;5.194,25
31.08.2025 03:00;31.08.2025 03:15;8.835,75;9.039,25;203,50;5.040,75
31.08.2025 03:15;31.08.2025 03:30;8.916,25;9.128,25;212,00;5.043,25
31.08.2025 03:30;31.08.2025 03:45;8.900,25;9.112,25;212,00;4.985,00
31.08.2025 03:45;31.08.2025 04:00;8.889,00;9.120,25;231,25;4.945,00
31.08.2025 04:00;31.08.2025 04:15;8.811,50;9.107,00;295,50;4.888,00
31.08.2025 04:15;31.08.2025 04:30;8.846,50;9.147,00;300,50;4.903,75
31.08.2025 04:30;31.08.2025 04:45;8.870,75;9.164,50;293,75;4.915,25
31.08.2025 04:45;31.08.2025 05:00;8.928,75;9.234,00;305,25;4.974,25
31.08.2025 05:00;31.08.2025 05:15;8.936,00;9.214,50;278,50;4.980,25
31.08.2025 05:15;31.08.2025 05:30;8.978,25;9.245,00;266,75;5.008,00
31.08.2025 05:30;31.08.2025 05:45;9.033,75;9.247,00;213,25;5.076,00
31.08.2025 05:45;31.08.2025 06:00;9.044,25;9.223,50;179,25;5.173,75
31.08.2025 06:00;31.08.2025 06:15;9.140,75;9.312,25;171,50;5.353,50
31.08.2025 06:15;31.08.2025 06:30;9.179,50;9.335,25;155,75;5.382,50
31.08.2025 06:30;31.08.2025 06:45;9.200,75;9.358,50;157,75;5.275,75
31.08.2025 06:45;31.08.2025 07:00;9.205,50;9.382,00;176,50;5.052,50
31.08.2025 07:00;31.08.2025 07:15;9.350,50;9.548,00;197,50;4.850,75
31.08.2025 07:15;31.08.2025 07:30;9.525,25;9.819,00;293,75;4.639,25
31.08.2025 07:30;31.08.2025 07:45;9.662,00;10.040,25;378,25;4.390,00
31.08.2025 07:45;31.08.2025 08:00;9.885,50;10.381,25;495,75;4.087,50
31.08.2025 08:00;31.08.2025 08:15;10.120,25;10.631,75;511,50;3.798,25
31.08.2025 08:15;31.08.2025 08:30;10.372,25;10.979,25;607,00;3.662,50
31.08.2025 08:30;31.08.2025 08:45;10.543,25;11.181,50;638,25;3.312,75
31.08.2025 08:45;31.08.2025 09:00;10.709,75;11.477,00;767,25;2.964,50
31.08.2025 09:00;31.08.2025 09:15;10.974,75;11.736,00;761,25;2.704,75
31.08.2025 09:15;31.08.2025 09:30;11.143,75;11.949,50;805,75;2.270,75
31.08.2025 09:30;31.08.2025 09:45;11.228,25;12.092,25;864,00;1.847,00
31.08.2025 09:45;31.08.2025 10:00;11.360,25;12.273,25;913,00;1.644,50
31.08.2025 10:00;31.08.2025 10:15;11.453,75;12.413,75;960,00;1.570,75
31.08.2025 10:15;31.08.2025 10:30;11.616,00;12.607,00;991,00;1.472,25
31.08.2025 10:30;31.08.2025 10:45;11.737,25;12.854,75;1.117,50;1.275,25
31.08.2025 10:45;31.08.2025 11:00;11.662,75;12.787,25;1.124,50;816,00
31.08.2025 11:00;31.08.2025 11:15;11.541,00;12.666,75;1.125,75;44,00
31.08.2025 11:15;31.08.2025 11:30;11.680,50;12.877,25;1.196,75;8,75
31.08.2025 11:30;31.08.2025 11:45;11.736,75;12.955,00;1.218,25;-68,25
31.08.2025 11:45;31.08.2025 12:00;11.683,25;12.905,00;1.221,75;-143,50
31.08.2025 12:00;31.08.2025 12:15;11.622,25;12.853,00;1.230,75;-204,75
31.08.2025 12:15;31.08.2025 12:30;11.477,50;12.720,75;1.243,25;-348,00
31.08.2025 12:30;31.08.2025 12:45;11.392,25;12.638,50;1.246,25;-414,00
31.08.2025 12:45;31.08.2025 13:00;11.320,25;12.552,00;1.231,75;-429,00
31.08.2025 13:00;31.08.2025 13:15;11.182,25;12.436,25;1.254,00;-404,25
31.08.2025 13:15;31.08.2025 13:30;11.094,75;12.366,75;1.272,00;-334,25
31.08.2025 13:30;31.08.2025 13:45;10.909,25;12.166,75;1.257,50;-359,75
31.08.2025 13:45;31.08.2025 14:00;10.836,50;12.089,00;1.252,50;-263,25
31.08.2025 14:00;31.08.2025 14:15;10.875,00;12.132,00;1.257,00;-137,25
31.08.2025 14:15;31.08.2025 14:30;10.768,25;11.993,75;1.225,50;-94,75
31.08.2025 14:30;31.08.2025 14:45;10.603,00;11.823,00;1.220,00;-30,25
31.08.2025 14:45;31.08.2025 15:00;10.595,25;11.824,00;1.228,75;149,75
31.08.2025 15:00;31.08.2025 15:15;10.611,00;11.881,50;1.270,50;366,25
31.08.2025 15:15;31.08.2025 15:30;10.425,75;11.609,75;1.184,00;441,50
31.08.2025 15:30;31.08.2025 15:45;10.425,75;11.390,00;964,25;904,75
31.08.2025 15:45;31.08.2025 16:00;10.453,75;11.235,25;781,50;1.299,00
31.08.2025 16:00;31.08.2025 16:15;10.651,50;11.525,00;873,50;2.051,50
31.08.2025 16:15;31.08.2025 16:30;10.522,25;11.350,00;827,75;2.344,75
31.08.2025 16:30;31.08.2025 16:45;10.501,00;11.171,75;670,75;2.691,25
31.08.2025 16:45;31.08.2025 17:00;10.493,50;11.097,75;604,25;2.997,75
31.08.2025 17:00;31.08.2025 17:15;10.705,75;11.191,75;486,00;3.752,50
31.08.2025 17:15;31.08.2025 17:30;10.835,50;11.173,50;338,00;4.439,75
31.08.2025 17:30;31.08.2025 17:45;10.994,50;11.153,50;159,00;5.260,50
31.08.2025 17:45;31.08.2025 18:00;11.156,75;11.265,25;108,50;6.060,00
31.08.2025 18:00;31.08.2025 18:15;11.374,75;11.506,00;131,25;6.902,25
31.08.2025 18:15;31.08.2025 18:30;11.557,75;11.562,50;4,75;7.733,50
31.08.2025 18:30;31.08.2025 18:45;11.676,75;11.678,00;1,25;8.465,75
31.08.2025 18:45;31.08.2025 19:00;11.738,75;11.739,50;0,75;9.092,25
31.08.2025 19:00;31.08.2025 19:15;11.914,75;11.915,50;0,75;9.745,50
31.08.2025 19:15;31.08.2025 19:30;11.906,75;11.907,25;0,50;10.129,00
31.08.2025 19:30;31.08.2025 19:45;11.781,25;11.781,50;0,25;10.209,50
31.08.2025 19:45;31.08.2025 20:00;11.689,50;11.689,75;0,25;10.167,25
31.08.2025 20:00;31.08.2025 20:15;11.656,75;11.657,00;0,25;10.094,75
31.08.2025 20:15;31.08.2025 20:30;11.853,50;11.853,75;0,25;10.303,00
31.08.2025 20:30;31.08.2025 20:45;11.987,75;11.987,75;0,00;10.233,75
31.08.2025 20:45;31.08.2025 21:00;11.864,75;11.864,75;0,00;9.888,50
31.08.2025 21:00;31.08.2025 21:15;11.666,25;11.666,75;0,50;9.529,75
31.08.2025 21:15;31.08.2025 21:30;11.540,00;11.540,50;0,50;9.237,50
31.08.2025 21:30;31.08.2025 21:45;11.429,25;11.432,00;2,75;8.885,75
31.08.2025 21:45;31.08.2025 22:00;11.272,25;11.311,25;39,00;8.433,75
31.08.2025 22:00;31.08.2025 22:15;11.264,75;11.334,75;70,00;8.248,25
31.08.2025 22:15;31.08.2025 22:30;11.052,25;11.125,50;73,25;7.870,75
31.08.2025 22:30;31.08.2025 22:45;11.043,00;11.095,00;52,00;7.672,50
31.08.2025 22:45;31.08.2025 23:00;10.964,50;11.038,50;74,00;7.387,50
31.08.2025 23:00;31.08.2025 23:15;10.963,00;11.279,00;316,00;7.185,50
31.08.2025 23:15;31.08.2025 23:30;10.694,50;10.818,25;123,75;6.738,25
31.08.2025 23:30;31.08.2025 23:45;10.577,25;10.809,00;231,75;6.497,50
31.08.2025 23:45;01.09.2025 00:00;10.520,50;10.891,75;371,25;6.374,50
01.09.2025 00:00;01.09.2025 00:15;10.331,75;10.473,75;142,00;6.036,75
01.09.2025 00:15;01.09.2025 00:30;10.319,00;10.460,00;141,00;5.924,25
01.09.2025 00:30;01.09.2025 00:45;10.197,25;10.459,50;262,25;5.778,25
01.09.2025 00:45;01.09.2025 01:00;10.060,00;10.391,50;331,50;5.629,50
01.09.2025 01:00;01.09.2025 01:15;9.948,25;10.496,25;548,00;5.543,75
01.09.2025 01:15;01.09.2025 01:30;9.927,75;10.594,25;666,50;5.613,50
01.09.2025 01:30;01.09.2025 01:45;9.833,25;10.517,00;683,75;5.705,25
01.09.2025 01:45;01.09.2025 02:00;9.761,50;10.401,50;640,00;5.788,25
01.09.2025 02:00;01.09.2025 02:15;9.657,50;10.232,75;575,25;5.806,75
01.09.2025 02:15;01.09.2025 02:30;9.698,00;10.268,50;570,50;5.943,00
01.09.2025 02:30;01.09.2025 02:45;9.694,25;10.280,50;586,25;6.030,50
01.09.2025 02:45;01.09.2025 03:00;9.721,50;10.314,00;592,50;6.095,50
01.09.2025 03:00;01.09.2025 03:15;9.702,25;10.051,25;349,00;6.067,25
01.09.2025 03:15;01.09.2025 03:30;9.659,25;10.061,00;401,75;6.129,00
01.09.2025 03:30;01.09.2025 03:45;9.762,00;10.078,75;316,75;6.319,00
01.09.2025 03:45;01.09.2025 04:00;9.769,50;10.114,50;345,00;6.351,00
01.09.2025 04:00;01.09.2025 04:15;9.901,50;10.096,00;194,50;6.463,75
01.09.2025 04:15;01.09.2025 04:30;9.797,75;9.912,00;114,25;6.388,00
01.09.2025 04:30;01.09.2025 04:45;9.986,00;10.113,25;127,25;6.621,25
01.09.2025 04:45;01.09.2025 05:00;10.154,00;10.286,25;132,25;6.802,25
01.09.2025 05:00;01.09.2025 05:15;10.433,00;10.443,00;10,00;7.072,25
01.09.2025 05:15;01.09.2025 05:30;10.649,50;10.678,25;28,75;7.283,00
01.09.2025 05:30;01.09.2025 05:45;10.877,25;10.887,50;10,25;7.536,75
01.09.2025 05:45;01.09.2025 06:00;11.224,50;11.230,00;5,50;7.832,00
01.09.2025 06:00;01.09.2025 06:15;12.079,75;12.115,00;35,25;8.665,75
01.09.2025 06:15;01.09.2025 06:30;12.442,00;12.466,25;24,25;9.060,75
01.09.2025 06:30;01.09.2025 06:45;12.768,50;12.769,25;0,75;9.312,50
01.09.2025 06:45;01.09.2025 07:00;12.936,00;12.936,75;0,75;9.227,75
01.09.2025 07:00;01.09.2025 07:15;13.381,25;13.382,75;1,50;9.480,00
01.09.2025 07:15;01.09.2025 07:30;13.718,75;13.720,50;1,75;9.614,75
01.09.2025 07:30;01.09.2025 07:45;13.953,50;13.955,00;1,50;9.524,75
01.09.2025 07:45;01.09.2025 08:00;14.243,75;14.245,50;1,75;9.472,00
01.09.2025 08:00;01.09.2025 08:15;14.391,75;14.393,25;1,50;9.350,00
01.09.2025 08:15;01.09.2025 08:30;14.696,25;14.697,75;1,50;9.411,00
01.09.2025 08:30;01.09.2025 08:45;15.008,25;15.032,75;24,50;9.444,00
01.09.2025 08:45;01.09.2025 09:00;15.080,00;15.082,25;2,25;9.301,50
01.09.2025 09:00;01.09.2025 09:15;15.214,75;15.216,50;1,75;9.466,50
01.09.2025 09:15;01.09.2025 09:30;15.290,75;15.293,50;2,75;9.364,50
01.09.2025 09:30;01.09.2025 09:45;15.466,25;15.467,00;0,75;9.388,25
01.09.2025 09:45;01.09.2025 10:00;15.560,75;15.562,75;2,00;9.210,50
01.09.2025 10:00;01.09.2025 10:15;15.540,25;15.602,75;62,50;8.996,50
01.09.2025 10:15;01.09.2025 10:30;15.615,25;15.683,50;68,25;8.893,75
01.09.2025 10:30;01.09.2025 10:45;15.731,25;15.796,75;65,50;8.737,25
01.09.2025 10:45;01.09.2025 11:00;15.875,25;15.940,00;64,75;8.745,25
01.09.2025 11:00;01.09.2025 11:15;15.807,25;15.878,25;71,00;8.535,75
01.09.2025 11:15;01.09.2025 11:30;15.784,00;16.018,75;234,75;8.304,00
01.09.2025 11:30;01.09.2025 11:45;15.826,25;16.114,75;288,50;8.145,25
01.09.2025 11:45;01.09.2025 12:00;15.830,25;16.225,50;395,25;8.014,00
01.09.2025 12:00;01.09.2025 12:15;15.621,00;16.015,50;394,50;7.571,50
01.09.2025 12:15;01.09.2025 12:30;15.445,00;15.902,00;457,00;7.071,50
01.09.2025 12:30;01.09.2025 12:45;15.328,25;15.872,75;544,50;6.792,00
01.09.2025 12:45;01.09.2025 13:00;15.334,25;15.906,50;572,25;6.669,75
01.09.2025 13:00;01.09.2025 13:15;15.171,00;15.756,25;585,25;6.483,00
01.09.2025 13:15;01.09.2025 13:30;14.913,00;15.521,75;608,75;6.157,50
01.09.2025 13:30;01.09.2025 13:45;14.855,00;15.533,25;678,25;6.113,00
01.09.2025 13:45;01.09.2025 14:00;14.918,00;15.579,00;661,00;6.195,50
01.09.2025 14:00;01.09.2025 14:15;15.175,75;15.874,25;698,50;6.561,00
01.09.2025 14:15;01.09.2025 14:30;15.038,50;15.749,50;711,00;6.451,50
01.09.2025 14:30;01.09.2025 14:45;14.902,50;15.677,00;774,50;6.490,25
01.09.2025 14:45;01.09.2025 15:00;14.834,50;15.570,25;735,75;6.678,75
01.09.2025 15:00;01.09.2025 15:15;14.844,25;15.667,00;822,75;6.676,00
01.09.2025 15:15;01.09.2025 15:30;14.801,75;15.598,25;796,50;6.918,00
01.09.2025 15:30;01.09.2025 15:45;14.760,75;15.564,00;803,25;7.149,50
01.09.2025 15:45;01.09.2025 16:00;14.591,75;15.270,25;678,50;7.352,50
01.09.2025 16:00;01.09.2025 16:15;14.492,25;15.075,00;582,75;7.679,00
01.09.2025 16:15;01.09.2025 16:30;14.193,50;14.797,75;604,25;7.782,00
01.09.2025 16:30;01.09.2025 16:45;14.208,00;14.535,00;327,00;8.203,75
01.09.2025 16:45;01.09.2025 17:00;14.118,25;14.360,00;241,75;8.520,50
01.09.2025 17:00;01.09.2025 17:15;14.236,00;14.509,25;273,25;9.068,50
01.09.2025 17:15;01.09.2025 17:30;14.240,75;14.464,25;223,50;9.516,25
01.09.2025 17:30;01.09.2025 17:45;14.231,75;14.305,00;73,25;10.033,25
01.09.2025 17:45;01.09.2025 18:00;14.238,50;14.290,00;51,50;10.522,50
01.09.2025 18:00;01.09.2025 18:15;14.155,25;14.194,00;38,75;10.871,00
01.09.2025 18:15;01.09.2025 18:30;14.052,50;14.072,25;19,75;11.210,75
01.09.2025 18:30;01.09.2025 18:45;14.062,00;14.063,00;1,00;11.581,75
01.09.2025 18:45;01.09.2025 19:00;14.037,00;14.037,25;0,25;11.909,75
01.09.2025 19:00;01.09.2025 19:15;14.094,75;14.095,75;1,00;12.319,25
01.09.2025 19:15;01.09.2025 19:30;14.013,50;14.014,50;1,00;12.533,75
01.09.2025 19:30;01.09.2025 19:45;13.935,25;13.935,50;0,25;12.631,75
01.09.2025 19:45;01.09.2025 20:00;13.800,25;13.800,25;0,00;12.531,50
01.09.2025 20:00;01.09.2025 20:15;13.743,75;13.743,75;0,00;12.489,00
01.09.2025 20:15;01.09.2025 20:30;13.731,50;13.731,50;0,00;12.524,75
01.09.2025 20:30;01.09.2025 20:45;13.747,25;13.747,25;0,00;12.511,50
01.09.2025 20:45;01.09.2025 21:00;13.561,00;13.561,00;0,00;12.248,00
01.09.2025 21:00;01.09.2025 21:15;13.415,50;13.415,50;0,00;12.014,50
01.09.2025 21:15;01.09.2025 21:30;13.111,25;13.111,25;0,00;11.602,00
01.09.2025 21:30;01.09.2025 21:45;12.906,75;12.907,25;0,50;11.287,50
01.09.2025 21:45;01.09.2025 22:00;12.766,50;12.789,00;22,50;11.052,00
01.09.2025 22:00;01.09.2025 22:15;12.488,50;12.503,50;15,00;10.730,75
01.09.2025 22:15;01.09.2025 22:30;12.254,00;12.320,00;66,00;10.389,00
01.09.2025 22:30;01.09.2025 22:45;12.077,50;12.261,00;183,50;10.162,25
01.09.2025 22:45;01.09.2025 23:00;11.943,00;12.142,25;199,25;10.023,25
01.09.2025 23:00;01.09.2025 23:15;11.703,50;11.890,25;186,75;9.767,75
01.09.2025 23:15;01.09.2025 23:30;11.537,50;11.734,50;197,00;9.581,75
01.09.2025 23:30;01.09.2025 23:45;11.373,25;11.608,00;234,75;9.375,25
01.09.2025 23:45;02.09.2025 00:00;11.211,75;11.514,00;302,25;9.188,00
02.09.2025 00:00;02.09.2025 00:15;11.136,50;11.333,25;196,75;9.088,75
02.09.2025 00:15;02.09.2025 00:30;11.092,50;11.282,00;189,50;9.051,25
02.09.2025 00:30;02.09.2025 00:45;11.067,25;11.362,25;295,00;9.024,00
02.09.2025 00:45;02.09.2025 01:00;10.960,00;11.268,75;308,75;8.924,50
02.09.2025 01:00;02.09.2025 01:15;10.858,25;11.284,50;426,25;8.861,75
02.09.2025 01:15;02.09.2025 01:30;10.757,25;11.134,25;377,00;8.831,25
02.09.2025 01:30;02.09.2025 01:45;10.689,50;11.133,50;444,00;8.786,25
02.09.2025 01:45;02.09.2025 02:00;10.681,75;11.172,00;490,25;8.814,75
02.09.2025 02:00;02.09.2025 02:15;10.561,75;11.181,75;620,00;8.759,00
02.09.2025 02:15;02.09.2025 02:30;10.519,50;11.117,25;597,75;8.773,50
02.09.2025 02:30;02.09.2025 02:45;10.419,50;11.056,50;637,00;8.731,00
02.09.2025 02:45;02.09.2025 03:00;10.440,25;11.006,25;566,00;8.733,25
02.09.2025 03:00;02.09.2025 03:15;10.502,75;11.111,00;608,25;8.823,75
02.09.2025 03:15;02.09.2025 03:30;10.496,25;11.062,50;566,25;8.860,75
02.09.2025 03:30;02.09.2025 03:45;10.514,00;11.094,25;580,25;8.878,50
02.09.2025 03:45;02.09.2025 04:00;10.544,00;11.110,00;566,00;8.939,00
02.09.2025 04:00;02.09.2025 04:15;10.622,50;11.116,50;494,00;9.012,25
02.09.2025 04:15;02.09.2025 04:30;10.745,00;11.235,25;490,25;9.151,75
02.09.2025 04:30;02.09.2025 04:45;10.840,25;11.240,00;399,75;9.245,25
02.09.2025 04:45;02.09.2025 05:00;10.958,50;11.295,75;337,25;9.369,25
02.09.2025 05:00;02.09.2025 05:15;11.228,00;11.336,25;108,25;9.615,00
02.09.2025 05:15;02.09.2025 05:30;11.379,25;11.425,75;46,50;9.756,00
02.09.2025 05:30;02.09.2025 05:45;11.725,00;11.775,75;50,75;10.113,75
02.09.2025 05:45;02.09.2025 06:00;12.086,75;12.097,75;11,00;10.454,25
02.09.2025 06:00;02.09.2025 06:15;12.750,25;12.755,00;4,75;11.115,75
02.09.2025 06:15;02.09.2025 06:30;13.154,00;13.155,75;1,75;11.503,25
02.09.2025 06:30;02.09.2025 06:45;13.344,50;13.345,50;1,00;11.647,00
02.09.2025 06:45;02.09.2025 07:00;13.553,00;13.553,50;0,50;11.696,25
02.09.2025 07:00;02.09.2025 07:15;13.817,50;13.818,00;0,50;11.819,50
02.09.2025 07:15;02.09.2025 07:30;14.045,00;14.045,50;0,50;11.916,25
02.09.2025 07:30;02.09.2025 07:45;14.250,00;14.250,50;0,50;11.898,75
02.09.2025 07:45;02.09.2025 08:00;14.456,25;14.456,75;0,50;11.856,00
02.09.2025 08:00;02.09.2025 08:15;14.703,50;14.704,25;0,75;11.862,25
02.09.2025 08:15;02.09.2025 08:30;14.975,75;14.977,75;2,00;11.858,00
02.09.2025 08:30;02.09.2025 08:45;15.218,00;15.221,00;3,00;11.821,25
02.09.2025 08:45;02.09.2025 09:00;15.343,50;15.346,50;3,00;11.577,00
02.09.2025 09:00;02.09.2025 09:15;15.267,75;15.271,75;4,00;11.132,50
02.09.2025 09:15;02.09.2025 09:30;15.394,75;15.450,25;55,50;10.861,25
02.09.2025 09:30;02.09.2025 09:45;15.474,25;15.656,00;181,75;10.554,00
02.09.2025 09:45;02.09.2025 10:00;15.543,75;15.823,25;279,50;10.197,00
02.09.2025 10:00;02.09.2025 10:15;15.448,25;15.524,00;75,75;9.617,00
02.09.2025 10:15;02.09.2025 10:30;15.505,50;15.631,25;125,75;9.199,25
02.09.2025 10:30;02.09.2025 10:45;15.612,25;15.844,75;232,50;8.816,25
02.09.2025 10:45;02.09.2025 11:00;15.701,00;16.003,75;302,75;8.504,25
02.09.2025 11:00;02.09.2025 11:15;15.801,50;16.199,75;398,25;8.192,75
02.09.2025 11:15;02.09.2025 11:30;15.690,50;16.077,50;387,00;7.654,75
02.09.2025 11:30;02.09.2025 11:45;15.752,00;16.281,75;529,75;7.397,50
02.09.2025 11:45;02.09.2025 12:00;15.721,75;16.165,75;444,00;6.971,25
02.09.2025 12:00;02.09.2025 12:15;15.526,75;16.024,25;497,50;6.478,75
02.09.2025 12:15;02.09.2025 12:30;15.309,25;16.027,50;718,25;6.030,50
02.09.2025 12:30;02.09.2025 12:45;15.421,75;16.180,50;758,75;6.004,00
02.09.2025 12:45;02.09.2025 13:00;15.355,75;16.120,00;764,25;5.861,75
02.09.2025 13:00;02.09.2025 13:15;15.204,25;15.969,50;765,25;5.566,25
02.09.2025 13:15;02.09.2025 13:30;15.171,50;15.918,25;746,75;5.470,75
02.09.2025 13:30;02.09.2025 13:45;14.960,25;15.752,25;792,00;5.157,00
02.09.2025 13:45;02.09.2025 14:00;14.950,50;15.737,75;787,25;5.123,00
02.09.2025 14:00;02.09.2025 14:15;14.786,50;15.572,25;785,75;4.855,50
02.09.2025 14:15;02.09.2025 14:30;14.627,25;15.473,00;845,75;4.702,25
02.09.2025 14:30;02.09.2025 14:45;14.530,25;15.429,75;899,50;4.547,75
02.09.2025 14:45;02.09.2025 15:00;14.547,00;15.348,75;801,75;4.633,25
02.09.2025 15:00;02.09.2025 15:15;14.612,75;15.491,75;879,00;4.832,75
02.09.2025 15:15;02.09.2025 15:30;14.580,50;15.458,50;878,00;4.958,25
02.09.2025 15:30;02.09.2025 15:45;14.586,75;15.354,00;767,25;5.192,00
02.09.2025 15:45;02.09.2025 16:00;14.532,25;15.236,00;703,75;5.446,25
02.09.2025 16:00;02.09.2025 16:15;14.353,25;15.083,75;730,50;5.576,50
02.09.2025 16:15;02.09.2025 16:30;14.236,75;14.903,75;667,00;5.770,00
02.09.2025 16:30;02.09.2025 16:45;14.185,25;14.695,50;510,25;6.109,75
02.09.2025 16:45;02.09.2025 17:00;14.341,50;14.734,00;392,50;6.688,50
02.09.2025 17:00;02.09.2025 17:15;14.439,00;14.849,50;410,50;7.352,25
02.09.2025 17:15;02.09.2025 17:30;14.433,75;14.628,00;194,25;7.938,75
02.09.2025 17:30;02.09.2025 17:45;14.564,25;14.678,00;113,75;8.691,00
02.09.2025 17:45;02.09.2025 18:00;14.451,00;14.456,75;5,75;9.178,25
02.09.2025 18:00;02.09.2025 18:15;14.407,50;14.419,25;11,75;9.703,75
02.09.2025 18:15;02.09.2025 18:30;14.398,50;14.441,25;42,75;10.288,25
02.09.2025 18:30;02.09.2025 18:45;14.458,75;14.462,50;3,75;10.974,25
02.09.2025 18:45;02.09.2025 19:00;14.387,25;14.388,25;1,00;11.459,50
02.09.2025 19:00;02.09.2025 19:15;14.357,75;14.358,75;1,00;11.988,50
02.09.2025 19:15;02.09.2025 19:30;14.289,75;14.290,75;1,00;12.386,00
02.09.2025 19:30;02.09.2025 19:45;14.253,25;14.254,00;0,75;12.604,00
02.09.2025 19:45;02.09.2025 20:00;14.155,50;14.155,50;0,00;12.529,00
02.09.2025 20:00;02.09.2025 20:15;14.085,50;14.085,50;0,00;12.490,00
02.09.2025 20:15;02.09.2025 20:30;14.206,50;14.206,50;0,00;12.667,25
02.09.2025 20:30;02.09.2025 20:45;14.062,50;14.062,50;0,00;12.440,75
02.09.2025 20:45;02.09.2025 21:00;13.769,75;13.769,75;0,00;11.988,00
02.09.2025 21:00;02.09.2025 21:15;13.763,50;13.763,50;0,00;11.808,00
02.09.2025 21:15;02.09.2025 21:30;13.692,50;13.692,50;0,00;11.590,00
02.09.2025 21:30;02.09.2025 21:45;13.363,00;13.363,00;0,00;11.136,25
02.09.2025 21:45;02.09.2025 22:00;13.062,25;13.062,25;0,00;10.683,00
02.09.2025 22:00;02.09.2025 22:15;12.987,00;12.987,00;0,00;10.469,50
02.09.2025 22:15;02.09.2025 22:30;12.881,75;12.885,25;3,50;10.243,25
02.09.2025 22:30;02.09.2025 22:45;12.691,50;12.706,25;14,75;9.944,25
02.09.2025 22:45;02.09.2025 23:00;12.425,75;12.459,75;34,00;9.543,00
02.09.2025 23:00;02.09.2025 23:15;12.249,00;12.273,50;24,50;9.285,50
02.09.2025 23:15;02.09.2025 23:30;12.113,25;12.119,50;6,25;8.919,75
02.09.2025 23:30;02.09.2025 23:45;11.942,00;11.965,75;23,75;8.613,25
02.09.2025 23:45;03.09.2025 00:00;11.861,25;11.890,25;29,00;8.551,50
03.09.2025 00:00;03.09.2025 00:15;11.565,50;11.571,00;5,50;8.271,75
03.09.2025 00:15;03.09.2025 00:30;11.438,25;11.445,50;7,25;8.016,00
03.09.2025 00:30;03.09.2025 00:45;11.185,75;11.193,00;7,25;7.617,50
03.09.2025 00:45;03.09.2025 01:00;11.123,00;11.130,25;7,25;7.442,75
03.09.2025 01:00;03.09.2025 01:15;11.021,50;11.024,50;3,00;7.223,25
03.09.2025 01:15;03.09.2025 01:30;10.949,50;10.957,50;8,00;6.931,25
03.09.2025 01:30;03.09.2025 01:45;10.870,75;10.945,00;74,25;6.706,50
03.09.2025 01:45;03.09.2025 02:00;10.811,25;10.938,75;127,50;6.637,50
03.09.2025 02:00;03.09.2025 02:15;10.724,25;10.846,00;121,75;6.594,50
03.09.2025 02:15;03.09.2025 02:30;10.703,50;10.818,50;115,00;6.480,75
03.09.2025 02:30;03.09.2025 02:45;10.691,25;10.795,75;104,50;6.323,00
03.09.2025 02:45;03.09.2025 03:00;10.760,00;10.885,50;125,50;6.274,50
03.09.2025 03:00;03.09.2025 03:15;10.786,75;10.929,50;142,75;6.169,75
03.09.2025 03:15;03.09.2025 03:30;10.783,75;11.006,00;222,25;5.987,75
03.09.2025 03:30;03.09.2025 03:45;10.853,75;11.135,75;282,00;5.958,00
03.09.2025 03:45;03.09.2025 04:00;10.947,25;11.242,75;295,50;5.959,50
03.09.2025 04:00;03.09.2025 04:15;10.966,75;11.265,50;298,75;5.892,25
03.09.2025 04:15;03.09.2025 04:30;10.907,00;11.196,00;289,00;5.757,25
03.09.2025 04:30;03.09.2025 04:45;11.034,00;11.285,25;251,25;5.788,75
03.09.2025 04:45;03.09.2025 05:00;11.138,75;11.366,25;227,50;5.797,75
03.09.2025 05:00;03.09.2025 05:15;11.485,00;11.702,25;217,25;6.007,75
03.09.2025 05:15;03.09.2025 05:30;11.655,75;11.803,25;147,50;6.098,25
03.09.2025 05:30;03.09.2025 05:45;11.926,50;11.942,00;15,50;6.357,25
03.09.2025 05:45;03.09.2025 06:00;12.351,00;12.359,50;8,50;6.742,25
03.09.2025 06:00;03.09.2025 06:15;13.074,25;13.106,50;32,25;7.319,50
03.09.2025 06:15;03.09.2025 06:30;13.385,00;13.391,25;6,25;7.540,75
03.09.2025 06:30;03.09.2025 06:45;13.575,25;13.618,75;43,50;7.635,00
03.09.2025 06:45;03.09.2025 07:00;13.799,75;13.843,00;43,25;7.635,25
03.09.2025 07:00;03.09.2025 07:15;14.016,75;14.082,50;65,75;7.625,50
03.09.2025 07:15;03.09.2025 07:30;14.363,75;14.406,25;42,50;7.685,75
03.09.2025 07:30;03.09.2025 07:45;14.570,25;14.573,25;3,00;7.493,75
03.09.2025 07:45;03.09.2025 08:00;14.830,50;14.835,00;4,50;7.315,75
03.09.2025 08:00;03.09.2025 08:15;14.948,75;14.952,25;3,50;7.007,50
03.09.2025 08:15;03.09.2025 08:30;15.242,75;15.252,00;9,25;6.831,25
03.09.2025 08:30;03.09.2025 08:45;15.396,75;15.485,25;88,50;6.420,50
03.09.2025 08:45;03.09.2025 09:00;15.481,75;15.651,25;169,50;5.882,50
03.09.2025 09:00;03.09.2025 09:15;15.110,25;15.285,75;175,50;4.853,75
03.09.2025 09:15;03.09.2025 09:30;15.340,75;15.613,50;272,75;4.443,00
03.09.2025 09:30;03.09.2025 09:45;15.639,50;16.102,25;462,75;4.054,75
03.09.2025 09:45;03.09.2025 10:00;15.680,50;16.447,50;767,00;3.440,25
03.09.2025 10:00;03.09.2025 10:15;15.729,25;16.441,75;712,50;3.045,25
03.09.2025 10:15;03.09.2025 10:30;15.724,25;16.581,50;857,25;2.587,50
03.09.2025 10:30;03.09.2025 10:45;15.892,00;16.718,25;826,25;2.481,00
03.09.2025 10:45;03.09.2025 11:00;16.161,25;17.016,75;855,50;2.572,00
03.09.2025 11:00;03.09.2025 11:15;16.102,75;17.064,75;962,00;2.130,00
03.09.2025 11:15;03.09.2025 11:30;15.991,75;16.954,75;963,00;1.617,50
03.09.2025 11:30;03.09.2025 11:45;15.972,75;16.930,50;957,75;1.393,00
03.09.2025 11:45;03.09.2025 12:00;15.979,25;16.939,25;960,00;1.522,75
03.09.2025 12:00;03.09.2025 12:15;15.931,50;16.788,75;857,25;1.525,00
03.09.2025 12:15;03.09.2025 12:30;15.967,50;16.802,50;835,00;1.404,25
03.09.2025 12:30;03.09.2025 12:45;15.905,25;16.747,25;842,00;1.386,25
03.09.2025 12:45;03.09.2025 13:00;15.788,50;16.644,25;855,75;1.295,50
03.09.2025 13:00;03.09.2025 13:15;15.629,25;16.491,50;862,25;1.073,75
03.09.2025 13:15;03.09.2025 13:30;15.547,25;16.430,00;882,75;1.083,75
03.09.2025 13:30;03.09.2025 13:45;15.469,50;16.364,00;894,50;1.194,75
03.09.2025 13:45;03.09.2025 14:00;15.354,00;16.204,00;850,00;1.279,75
03.09.2025 14:00;03.09.2025 14:15;15.265,50;16.129,75;864,25;1.470,50
03.09.2025 14:15;03.09.2025 14:30;15.102,50;15.946,50;844,00;1.382,50
03.09.2025 14:30;03.09.2025 14:45;14.963,00;15.846,50;883,50;1.218,00
03.09.2025 14:45;03.09.2025 15:00;14.919,00;15.830,00;911,00;1.415,75
03.09.2025 15:00;03.09.2025 15:15;15.024,25;15.902,50;878,25;1.625,00
03.09.2025 15:15;03.09.2025 15:30;15.106,50;15.975,00;868,50;1.803,75
03.09.2025 15:30;03.09.2025 15:45;14.901,75;15.718,50;816,75;1.976,75
03.09.2025 15:45;03.09.2025 16:00;14.854,75;15.578,25;723,50;2.170,25
03.09.2025 16:00;03.09.2025 16:15;15.135,50;15.814,50;679,00;2.620,75
03.09.2025 16:15;03.09.2025 16:30;14.866,50;15.547,75;681,25;2.533,00
03.09.2025 16:30;03.09.2025 16:45;14.823,25;15.476,50;653,25;2.830,75
03.09.2025 16:45;03.09.2025 17:00;14.672,75;15.276,25;603,50;2.901,50
03.09.2025 17:00;03.09.2025 17:15;14.796,00;15.381,25;585,25;2.992,50
03.09.2025 17:15;03.09.2025 17:30;14.732,75;15.273,50;540,75;3.053,50
03.09.2025 17:30;03.09.2025 17:45;14.893,00;15.271,50;378,50;3.509,50
03.09.2025 17:45;03.09.2025 18:00;14.945,00;15.205,00;260,00;4.197,25
03.09.2025 18:00;03.09.2025 18:15;14.935,50;15.234,75;299,25;4.625,25
03.09.2025 18:15;03.09.2025 18:30;14.834,00;14.990,00;156,00;5.233,50
03.09.2025 18:30;03.09.2025 18:45;14.867,50;14.892,50;25,00;5.902,75
03.09.2025 18:45;03.09.2025 19:00;14.841,00;14.857,00;16,00;6.477,50
03.09.2025 19:00;03.09.2025 19:15;14.735,25;14.750,75;15,50;7.083,25
03.09.2025 19:15;03.09.2025 19:30;14.618,50;14.634,00;15,50;7.406,25
03.09.2025 19:30;03.09.2025 19:45;14.551,00;14.566,50;15,50;7.483,50
03.09.2025 19:45;03.09.2025 20:00;14.516,50;14.532,00;15,50;7.450,50
03.09.2025 20:00;03.09.2025 20:15;14.535,00;14.550,50;15,50;7.444,50
03.09.2025 20:15;03.09.2025 20:30;14.554,50;14.570,00;15,50;7.335,50
03.09.2025 20:30;03.09.2025 20:45;14.462,25;14.478,00;15,75;7.068,50
03.09.2025 20:45;03.09.2025 21:00;14.304,50;14.320,25;15,75;6.671,00
03.09.2025 21:00;03.09.2025 21:15;14.230,00;14.245,75;15,75;6.293,00
03.09.2025 21:15;03.09.2025 21:30;13.993,50;14.064,25;70,75;5.890,75
03.09.2025 21:30;03.09.2025 21:45;13.694,00;13.782,25;88,25;5.448,00
03.09.2025 21:45;03.09.2025 22:00;13.448,25;13.587,75;139,50;5.188,75
03.09.2025 22:00;03.09.2025 22:15;13.059,75;13.209,75;150,00;5.143,00
03.09.2025 22:15;03.09.2025 22:30;12.899,75;13.185,75;286,00;4.897,25
03.09.2025 22:30;03.09.2025 22:45;12.666,00;13.002,00;336,00;4.583,50
03.09.2025 22:45;03.09.2025 23:00;12.572,25;13.026,75;454,50;4.395,25
03.09.2025 23:00;03.09.2025 23:15;12.281,25;12.842,50;561,25;4.160,50
03.09.2025 23:15;03.09.2025 23:30;12.070,50;12.784,00;713,50;3.873,75
03.09.2025 23:30;03.09.2025 23:45;11.874,75;12.576,25;701,50;3.624,00
03.09.2025 23:45;04.09.2025 00:00;11.786,50;12.497,25;710,75;3.546,75
04.09.2025 00:00;04.09.2025 00:15;11.560,25;12.289,50;729,25;3.504,75
04.09.2025 00:15;04.09.2025 00:30;11.504,00;12.232,75;728,75;3.442,50
04.09.2025 00:30;04.09.2025 00:45;11.442,25;12.223,25;781,00;3.448,00
04.09.2025 00:45;04.09.2025 01:00;11.346,50;12.224,75;878,25;3.535,50
04.09.2025 01:00;04.09.2025 01:15;11.183,75;12.185,50;1.001,75;3.461,75
04.09.2025 01:15;04.09.2025 01:30;11.110,50;12.168,50;1.058,00;3.482,25
04.09.2025 01:30;04.09.2025 01:45;11.023,00;12.049,25;1.026,25;3.531,25
04.09.2025 01:45;04.09.2025 02:00;11.022,75;12.006,25;983,50;3.627,25
04.09.2025 02:00;04.09.2025 02:15;10.940,25;11.967,75;1.027,50;3.643,75
04.09.2025 02:15;04.09.2025 02:30;10.920,75;11.881,25;960,50;3.663,00
04.09.2025 02:30;04.09.2025 02:45;10.901,00;11.895,50;994,50;3.664,25
04.09.2025 02:45;04.09.2025 03:00;10.963,50;11.928,75;965,25;3.789,00
04.09.2025 03:00;04.09.2025 03:15;10.908,00;11.894,75;986,75;3.819,25
04.09.2025 03:15;04.09.2025 03:30;11.027,25;11.999,00;971,75;4.079,75
04.09.2025 03:30;04.09.2025 03:45;10.857,50;11.802,00;944,50;3.995,75
04.09.2025 03:45;04.09.2025 04:00;10.745,50;11.540,75;795,25;3.963,00
04.09.2025 04:00;04.09.2025 04:15;10.886,75;11.622,50;735,75;4.205,50
04.09.2025 04:15;04.09.2025 04:30;10.958,25;11.602,50;644,25;4.359,25
04.09.2025 04:30;04.09.2025 04:45;11.175,25;11.769,25;594,00;4.666,75
04.09.2025 04:45;04.09.2025 05:00;11.306,50;11.762,75;456,25;4.944,50
04.09.2025 05:00;04.09.2025 05:15;11.497,50;11.687,75;190,25;5.184,25
04.09.2025 05:15;04.09.2025 05:30;11.672,50;11.710,25;37,75;5.436,00
04.09.2025 05:30;04.09.2025 05:45;11.900,75;11.920,25;19,50;5.748,75
04.09.2025 05:45;04.09.2025 06:00;12.295,00;12.313,00;18,00;6.196,25
04.09.2025 06:00;04.09.2025 06:15;13.037,00;13.110,25;73,25;6.929,25
04.09.2025 06:15;04.09.2025 06:30;13.459,25;13.531,50;72,25;7.410,75
04.09.2025 06:30;04.09.2025 06:45;13.708,50;13.725,25;16,75;7.752,75
04.09.2025 06:45;04.09.2025 07:00;13.868,25;13.884,75;16,50;7.976,75
04.09.2025 07:00;04.09.2025 07:15;14.151,50;14.167,75;16,25;8.292,25
04.09.2025 07:15;04.09.2025 07:30;14.399,50;14.415,75;16,25;8.378,00
04.09.2025 07:30;04.09.2025 07:45;14.596,50;14.612,75;16,25;8.320,25
04.09.2025 07:45;04.09.2025 08:00;14.881,00;14.897,25;16,25;8.271,25
04.09.2025 08:00;04.09.2025 08:15;14.955,25;14.971,50;16,25;8.005,25
04.09.2025 08:15;04.09.2025 08:30;15.220,25;15.236,50;16,25;7.886,75
04.09.2025 08:30;04.09.2025 08:45;15.523,25;15.539,50;16,25;7.779,25
04.09.2025 08:45;04.09.2025 09:00;15.655,75;15.667,50;11,75;7.393,25
04.09.2025 09:00;04.09.2025 09:15;15.671,00;15.672,50;1,50;6.816,25
04.09.2025 09:15;04.09.2025 09:30;15.683,25;15.688,50;5,25;6.188,25
04.09.2025 09:30;04.09.2025 09:45;15.813,00;15.879,00;66,00;5.752,25
04.09.2025 09:45;04.09.2025 10:00;15.743,00;15.970,50;227,50;5.070,50
04.09.2025 10:00;04.09.2025 10:15;15.668,25;16.012,50;344,25;4.389,50
04.09.2025 10:15;04.09.2025 10:30;15.627,00;16.291,00;664,00;3.806,75
04.09.2025 10:30;04.09.2025 10:45;15.544,75;16.317,00;772,25;3.475,00
04.09.2025 10:45;04.09.2025 11:00;15.593,75;16.411,75;818,00;3.236,50
04.09.2025 11:00;04.09.2025 11:15;15.535,25;16.475,00;939,75;2.764,00
04.09.2025 11:15;04.09.2025 11:30;15.620,75;16.548,75;928,00;2.764,50
04.09.2025 11:30;04.09.2025 11:45;15.683,50;16.596,75;913,25;2.656,50
04.09.2025 11:45;04.09.2025 12:00;15.879,50;16.791,00;911,50;2.896,75
04.09.2025 12:00;04.09.2025 12:15;15.629,00;16.393,00;764,00;2.720,25
04.09.2025 12:15;04.09.2025 12:30;15.597,75;16.320,50;722,75;2.629,50
04.09.2025 12:30;04.09.2025 12:45;15.629,50;16.329,00;699,50;2.684,00
04.09.2025 12:45;04.09.2025 13:00;15.528,75;16.266,25;737,50;2.582,25
04.09.2025 13:00;04.09.2025 13:15;15.458,50;16.216,00;757,50;2.588,75
04.09.2025 13:15;04.09.2025 13:30;15.289,25;16.037,50;748,25;2.557,25
04.09.2025 13:30;04.09.2025 13:45;15.084,75;15.833,25;748,50;2.548,50
04.09.2025 13:45;04.09.2025 14:00;14.783,00;15.572,00;789,00;2.385,00
04.09.2025 14:00;04.09.2025 14:15;14.800,25;15.608,00;807,75;2.915,00
04.09.2025 14:15;04.09.2025 14:30;14.791,50;15.586,75;795,25;3.141,75
04.09.2025 14:30;04.09.2025 14:45;14.775,00;15.552,75;777,75;3.462,25
04.09.2025 14:45;04.09.2025 15:00;14.858,25;15.521,00;662,75;3.840,75
04.09.2025 15:00;04.09.2025 15:15;14.840,75;15.520,25;679,50;4.062,50
04.09.2025 15:15;04.09.2025 15:30;14.826,75;15.444,50;617,75;4.532,75
04.09.2025 15:30;04.09.2025 15:45;14.755,75;15.246,75;491,00;4.985,25
04.09.2025 15:45;04.09.2025 16:00;14.735,25;15.129,75;394,50;5.561,75
04.09.2025 16:00;04.09.2025 16:15;14.635,50;15.087,50;452,00;6.133,00
04.09.2025 16:15;04.09.2025 16:30;14.583,25;15.017,25;434,00;6.695,75
04.09.2025 16:30;04.09.2025 16:45;14.536,00;14.683,75;147,75;7.319,00
04.09.2025 16:45;04.09.2025 17:00;14.601,75;14.684,75;83,00;8.043,00
04.09.2025 17:00;04.09.2025 17:15;14.909,75;14.993,50;83,75;9.109,25
04.09.2025 17:15;04.09.2025 17:30;14.883,00;14.901,25;18,25;9.811,25
04.09.2025 17:30;04.09.2025 17:45;14.951,75;14.953,50;1,75;10.605,25
04.09.2025 17:45;04.09.2025 18:00;14.885,00;14.885,50;0,50;11.159,00
04.09.2025 18:00;04.09.2025 18:15;14.759,50;14.760,25;0,75;11.587,00
04.09.2025 18:15;04.09.2025 18:30;14.673,75;14.674,75;1,00;11.968,75
04.09.2025 18:30;04.09.2025 18:45;14.561,00;14.562,25;1,25;12.256,75
04.09.2025 18:45;04.09.2025 19:00;14.462,50;14.463,75;1,25;12.521,25
04.09.2025 19:00;04.09.2025 19:15;14.451,25;14.452,50;1,25;12.863,00
04.09.2025 19:15;04.09.2025 19:30;14.310,00;14.310,25;0,25;12.924,25
04.09.2025 19:30;04.09.2025 19:45;14.296,75;14.296,75;0,00;12.986,50
04.09.2025 19:45;04.09.2025 20:00;14.311,00;14.311,00;0,00;12.973,25
04.09.2025 20:00;04.09.2025 20:15;14.295,50;14.295,50;0,00;12.892,75
04.09.2025 20:15;04.09.2025 20:30;14.340,00;14.340,00;0,00;12.861,75
04.09.2025 20:30;04.09.2025 20:45;14.240,25;14.240,25;0,00;12.655,75
04.09.2025 20:45;04.09.2025 21:00;14.103,75;14.103,75;0,00;12.419,50
04.09.2025 21:00;04.09.2025 21:15;14.006,75;14.006,75;0,00;12.214,50
04.09.2025 21:15;04.09.2025 21:30;13.777,25;13.778,00;0,75;11.849,00
04.09.2025 21:30;04.09.2025 21:45;13.486,50;13.487,50;1,00;11.403,00
04.09.2025 21:45;04.09.2025 22:00;13.252,00;13.265,75;13,75;10.910,00
04.09.2025 22:00;04.09.2025 22:15;13.062,00;13.119,75;57,75;10.605,25
04.09.2025 22:15;04.09.2025 22:30;12.999,00;13.040,00;41,00;10.404,25
04.09.2025 22:30;04.09.2025 22:45;12.802,00;12.883,50;81,50;10.150,50
04.09.2025 22:45;04.09.2025 23:00;12.637,75;12.822,00;184,25;10.032,75
04.09.2025 23:00;04.09.2025 23:15;12.355,25;12.565,00;209,75;9.888,50
04.09.2025 23:15;04.09.2025 23:30;12.136,25;12.296,50;160,25;9.719,75
04.09.2025 23:30;04.09.2025 23:45;11.866,50;12.041,75;175,25;9.494,25
04.09.2025 23:45;05.09.2025 00:00;11.605,00;11.832,75;227,75;9.215,50
05.09.2025 00:00;05.09.2025 00:15;11.516,75;11.535,25;18,50;9.052,50
05.09.2025 00:15;05.09.2025 00:30;11.383,50;11.396,00;12,50;8.836,00
05.09.2025 00:30;05.09.2025 00:45;11.402,25;11.471,25;69,00;8.846,50
05.09.2025 00:45;05.09.2025 01:00;11.291,50;11.447,50;156,00;8.709,25
05.09.2025 01:00;05.09.2025 01:15;11.130,50;11.230,75;100,25;8.499,00
05.09.2025 01:15;05.09.2025 01:30;11.047,00;11.125,75;78,75;8.322,25
05.09.2025 01:30;05.09.2025 01:45;10.994,25;11.298,50;304,25;8.142,50
05.09.2025 01:45;05.09.2025 02:00;10.955,50;11.284,00;328,50;7.988,00
05.09.2025 02:00;05.09.2025 02:15;10.864,75;11.324,00;459,25;7.931,50
05.09.2025 02:15;05.09.2025 02:30;10.796,50;11.334,25;537,75;7.893,00
05.09.2025 02:30;05.09.2025 02:45;10.863,75;11.414,75;551,00;7.989,50
05.09.2025 02:45;05.09.2025 03:00;10.880,00;11.445,50;565,50;7.945,75
05.09.2025 03:00;05.09.2025 03:15;10.899,00;11.398,75;499,75;7.894,25
05.09.2025 03:15;05.09.2025 03:30;10.887,00;11.484,25;597,25;7.876,00
05.09.2025 03:30;05.09.2025 03:45;10.936,25;11.538,00;601,75;7.857,00
05.09.2025 03:45;05.09.2025 04:00;11.017,50;11.638,75;621,25;7.875,75
05.09.2025 04:00;05.09.2025 04:15;11.056,00;11.636,50;580,50;7.956,00
05.09.2025 04:15;05.09.2025 04:30;11.034,75;11.606,00;571,25;8.033,00
05.09.2025 04:30;05.09.2025 04:45;11.118,00;11.556,25;438,25;8.124,00
05.09.2025 04:45;05.09.2025 05:00;11.142,75;11.584,00;441,25;8.150,25
05.09.2025 05:00;05.09.2025 05:15;11.390,75;11.652,00;261,25;8.446,25
05.09.2025 05:15;05.09.2025 05:30;11.582,75;11.754,50;171,75;8.699,50
05.09.2025 05:30;05.09.2025 05:45;11.906,25;11.921,50;15,25;9.112,00
05.09.2025 05:45;05.09.2025 06:00;12.117,25;12.122,50;5,25;9.368,75
05.09.2025 06:00;05.09.2025 06:15;12.718,75;12.792,25;73,50;9.910,50
05.09.2025 06:15;05.09.2025 06:30;13.165,50;13.229,50;64,00;10.350,50
05.09.2025 06:30;05.09.2025 06:45;13.357,50;13.362,50;5,00;10.568,50
05.09.2025 06:45;05.09.2025 07:00;13.488,00;13.491,00;3,00;10.576,75
05.09.2025 07:00;05.09.2025 07:15;13.925,50;13.928,50;3,00;10.936,00
05.09.2025 07:15;05.09.2025 07:30;14.143,00;14.145,75;2,75;11.072,00
05.09.2025 07:30;05.09.2025 07:45;14.366,25;14.369,00;2,75;11.131,25
05.09.2025 07:45;05.09.2025 08:00;14.556,25;14.558,75;2,50;11.018,75
05.09.2025 08:00;05.09.2025 08:15;14.775,50;14.777,00;1,50;11.033,00
05.09.2025 08:15;05.09.2025 08:30;15.035,50;15.038,25;2,75;11.010,25
05.09.2025 08:30;05.09.2025 08:45;15.351,25;15.373,00;21,75;10.974,75
05.09.2025 08:45;05.09.2025 09:00;15.434,75;15.500,25;65,50;10.747,25
05.09.2025 09:00;05.09.2025 09:15;15.398,50;15.407,00;8,50;10.473,50
05.09.2025 09:15;05.09.2025 09:30;15.463,00;15.466,25;3,25;10.197,25
05.09.2025 09:30;05.09.2025 09:45;15.590,00;15.596,25;6,25;9.872,75
05.09.2025 09:45;05.09.2025 10:00;15.630,75;15.708,50;77,75;9.454,25
05.09.2025 10:00;05.09.2025 10:15;15.746,50;15.822,25;75,75;9.083,50
05.09.2025 10:15;05.09.2025 10:30;15.866,00;15.966,25;100,25;8.817,25
05.09.2025 10:30;05.09.2025 10:45;15.780,75;16.095,25;314,50;8.263,50
05.09.2025 10:45;05.09.2025 11:00;15.791,75;16.119,50;327,75;7.789,25
05.09.2025 11:00;05.09.2025 11:15;15.635,50;15.921,75;286,25;7.137,50
05.09.2025 11:15;05.09.2025 11:30;15.683,00;16.035,00;352,00;6.815,50
05.09.2025 11:30;05.09.2025 11:45;15.732,75;16.263,00;530,25;6.530,50
05.09.2025 11:45;05.09.2025 12:00;15.722,75;16.430,00;707,25;6.377,75
05.09.2025 12:00;05.09.2025 12:15;15.528,50;16.192,75;664,25;6.025,75
05.09.2025 12:15;05.09.2025 12:30;15.450,25;16.139,50;689,25;5.912,25
05.09.2025 12:30;05.09.2025 12:45;15.323,00;15.996,75;673,75;5.835,00
05.09.2025 12:45;05.09.2025 13:00;15.192,00;15.845,50;653,50;5.688,50
05.09.2025 13:00;05.09.2025 13:15;14.882,00;15.499,25;617,25;5.356,50
05.09.2025 13:15;05.09.2025 13:30;14.789,00;15.397,75;608,75;5.329,25
05.09.2025 13:30;05.09.2025 13:45;14.512,25;15.165,25;653,00;5.019,00
05.09.2025 13:45;05.09.2025 14:00;14.337,25;14.980,00;642,75;4.819,50
05.09.2025 14:00;05.09.2025 14:15;14.292,75;14.919,00;626,25;4.848,50
05.09.2025 14:15;05.09.2025 14:30;14.230,75;14.883,00;652,25;4.920,25
05.09.2025 14:30;05.09.2025 14:45;14.092,75;14.759,50;666,75;4.839,75
05.09.2025 14:45;05.09.2025 15:00;13.933,50;14.604,50;671,00;4.827,25
05.09.2025 15:00;05.09.2025 15:15;13.986,75;14.689,75;703,00;4.957,00
05.09.2025 15:15;05.09.2025 15:30;13.878,75;14.602,00;723,25;4.996,50
05.09.2025 15:30;05.09.2025 15:45;13.695,25;14.281,00;585,75;4.948,50
05.09.2025 15:45;05.09.2025 16:00;13.574,25;14.126,25;552,00;5.039,75
05.09.2025 16:00;05.09.2025 16:15;13.799,00;14.372,50;573,50;5.606,25
05.09.2025 16:15;05.09.2025 16:30;13.638,50;14.156,75;518,25;5.728,00
05.09.2025 16:30;05.09.2025 16:45;13.613,00;13.982,00;369,00;6.105,75
05.09.2025 16:45;05.09.2025 17:00;13.677,75;13.955,25;277,50;6.625,00
05.09.2025 17:00;05.09.2025 17:15;13.842,75;14.256,00;413,25;7.261,50
05.09.2025 17:15;05.09.2025 17:30;13.791,25;13.989,50;198,25;7.773,75
05.09.2025 17:30;05.09.2025 17:45;13.786,00;13.802,75;16,75;8.312,50
05.09.2025 17:45;05.09.2025 18:00;13.821,25;13.847,50;26,25;8.932,00
05.09.2025 18:00;05.09.2025 18:15;13.778,75;13.782,50;3,75;9.445,00
05.09.2025 18:15;05.09.2025 18:30;13.749,50;13.752,50;3,00;10.041,75
05.09.2025 18:30;05.09.2025 18:45;13.734,50;13.735,75;1,25;10.620,25
05.09.2025 18:45;05.09.2025 19:00;13.685,50;13.686,25;0,75;11.095,50
05.09.2025 19:00;05.09.2025 19:15;13.710,00;13.710,75;0,75;11.621,50
05.09.2025 19:15;05.09.2025 19:30;13.524,25;13.524,75;0,50;11.797,75
05.09.2025 19:30;05.09.2025 19:45;13.435,75;13.436,25;0,50;11.949,25
05.09.2025 19:45;05.09.2025 20:00;13.384,75;13.385,25;0,50;12.044,75
05.09.2025 20:00;05.09.2025 20:15;13.479,75;13.480,25;0,50;12.287,75
05.09.2025 20:15;05.09.2025 20:30;13.530,25;13.530,75;0,50;12.365,50
05.09.2025 20:30;05.09.2025 20:45;13.378,75;13.379,25;0,50;12.195,25
05.09.2025 20:45;05.09.2025 21:00;13.178,50;13.179,00;0,50;11.984,00
05.09.2025 21:00;05.09.2025 21:15;12.834,75;12.835,25;0,50;11.643,75
05.09.2025 21:15;05.09.2025 21:30;12.691,00;12.691,50;0,50;11.488,25
05.09.2025 21:30;05.09.2025 21:45;12.490,50;12.490,75;0,25;11.270,50
05.09.2025 21:45;05.09.2025 22:00;12.330,00;12.330,50;0,50;11.061,50
05.09.2025 22:00;05.09.2025 22:15;12.075,75;12.079,25;3,50;10.803,00
05.09.2025 22:15;05.09.2025 22:30;11.897,50;11.901,50;4,00;10.623,75
05.09.2025 22:30;05.09.2025 22:45;11.718,75;11.722,75;4,00;10.472,50
05.09.2025 22:45;05.09.2025 23:00;11.539,50;11.543,50;4,00;10.326,00
05.09.2025 23:00;05.09.2025 23:15;11.305,25;11.309,75;4,50;10.109,75
05.09.2025 23:15;05.09.2025 23:30;11.086,75;11.112,75;26,00;9.909,00
05.09.2025 23:30;05.09.2025 23:45;10.890,50;10.919,00;28,50;9.752,75
05.09.2025 23:45;06.09.2025 00:00;10.769,00;10.797,50;28,50;9.677,00
06.09.2025 00:00;06.09.2025 00:15;10.537,25;10.621,25;84,00;9.461,25
06.09.2025 00:15;06.09.2025 00:30;10.503,00;10.589,75;86,75;9.462,00
06.09.2025 00:30;06.09.2025 00:45;10.452,25;10.536,75;84,50;9.444,25
06.09.2025 00:45;06.09.2025 01:00;10.373,25;10.475,50;102,25;9.399,25
06.09.2025 01:00;06.09.2025 01:15;10.229,75;10.245,50;15,75;9.295,75
06.09.2025 01:15;06.09.2025 01:30;10.084,00;10.120,50;36,50;9.214,50
06.09.2025 01:30;06.09.2025 01:45;10.069,00;10.107,75;38,75;9.254,00
06.09.2025 01:45;06.09.2025 02:00;9.973,50;10.012,25;38,75;9.199,25
06.09.2025 02:00;06.09.2025 02:15;9.896,00;9.917,25;21,25;9.162,75
06.09.2025 02:15;06.09.2025 02:30;9.841,75;9.856,00;14,25;9.159,50
06.09.2025 02:30;06.09.2025 02:45;9.759,00;9.775,00;16,00;9.127,00
06.09.2025 02:45;06.09.2025 03:00;9.668,25;9.687,00;18,75;9.096,75
06.09.2025 03:00;06.09.2025 03:15;9.637,00;9.651,75;14,75;9.110,00
06.09.2025 03:15;06.09.2025 03:30;9.613,00;9.644,50;31,50;9.107,00
06.09.2025 03:30;06.09.2025 03:45;9.589,50;9.610,25;20,75;9.089,75
06.09.2025 03:45;06.09.2025 04:00;9.616,50;9.649,75;33,25;9.124,50
06.09.2025 04:00;06.09.2025 04:15;9.599,25;9.617,00;17,75;9.114,25
06.09.2025 04:15;06.09.2025 04:30;9.602,00;9.624,75;22,75;9.134,25
06.09.2025 04:30;06.09.2025 04:45;9.584,25;9.618,25;34,00;9.118,75
06.09.2025 04:45;06.09.2025 05:00;9.613,00;9.627,50;14,50;9.152,50
06.09.2025 05:00;06.09.2025 05:15;9.694,25;9.720,00;25,75;9.242,00
06.09.2025 05:15;06.09.2025 05:30;9.673,75;9.697,50;23,75;9.230,00
06.09.2025 05:30;06.09.2025 05:45;9.767,25;9.791,25;24,00;9.311,50
06.09.2025 05:45;06.09.2025 06:00;9.867,00;9.903,50;36,50;9.383,50
06.09.2025 06:00;06.09.2025 06:15;10.143,25;10.211,75;68,50;9.654,25
06.09.2025 06:15;06.09.2025 06:30;10.214,25;10.263,00;48,75;9.728,75
06.09.2025 06:30;06.09.2025 06:45;10.230,25;10.235,25;5,00;9.737,50
06.09.2025 06:45;06.09.2025 07:00;10.359,75;10.379,25;19,50;9.795,75
06.09.2025 07:00;06.09.2025 07:15;10.535,25;10.538,75;3,50;9.745,75
06.09.2025 07:15;06.09.2025 07:30;10.681,25;10.700,50;19,25;9.576,25
06.09.2025 07:30;06.09.2025 07:45;10.873,50;10.892,75;19,25;9.323,00
06.09.2025 07:45;06.09.2025 08:00;11.118,75;11.157,25;38,50;9.013,25
06.09.2025 08:00;06.09.2025 08:15;11.293,00;11.320,00;27,00;8.566,50
06.09.2025 08:15;06.09.2025 08:30;11.595,50;11.655,50;60,00;8.207,75
06.09.2025 08:30;06.09.2025 08:45;11.824,25;11.993,25;169,00;7.713,25
06.09.2025 08:45;06.09.2025 09:00;12.110,25;12.386,00;275,75;7.232,25
06.09.2025 09:00;06.09.2025 09:15;12.165,00;12.416,50;251,50;6.529,25
06.09.2025 09:15;06.09.2025 09:30;12.322,25;12.587,50;265,25;5.918,00
06.09.2025 09:30;06.09.2025 09:45;12.420,75;12.747,75;327,00;5.338,50
06.09.2025 09:45;06.09.2025 10:00;12.566,25;13.174,25;608,00;4.880,75
06.09.2025 10:00;06.09.2025 10:15;12.490,50;13.573,75;1.083,25;4.008,00
06.09.2025 10:15;06.09.2025 10:30;12.557,25;13.757,75;1.200,50;3.373,25
06.09.2025 10:30;06.09.2025 10:45;12.518,25;13.728,75;1.210,50;2.860,75
06.09.2025 10:45;06.09.2025 11:00;12.618,25;13.889,25;1.271,00;2.645,00
06.09.2025 11:00;06.09.2025 11:15;12.418,50;13.702,00;1.283,50;1.868,25
06.09.2025 11:15;06.09.2025 11:30;12.398,50;13.652,00;1.253,50;1.441,75
06.09.2025 11:30;06.09.2025 11:45;12.315,00;13.596,50;1.281,50;966,25
06.09.2025 11:45;06.09.2025 12:00;12.275,50;13.486,25;1.210,75;649,25
06.09.2025 12:00;06.09.2025 12:15;12.148,25;13.409,00;1.260,75;467,00
06.09.2025 12:15;06.09.2025 12:30;12.023,00;13.275,50;1.252,50;175,00
06.09.2025 12:30;06.09.2025 12:45;11.907,50;13.185,25;1.277,75;-35,00
06.09.2025 12:45;06.09.2025 13:00;11.829,50;13.136,75;1.307,25;-134,25
06.09.2025 13:00;06.09.2025 13:15;11.681,25;13.002,50;1.321,25;-349,25
06.09.2025 13:15;06.09.2025 13:30;11.546,00;12.843,25;1.297,25;-455,75
06.09.2025 13:30;06.09.2025 13:45;11.456,25;12.769,00;1.312,75;-534,00
06.09.2025 13:45;06.09.2025 14:00;11.514,75;12.840,75;1.326,00;-418,50
06.09.2025 14:00;06.09.2025 14:15;11.491,25;12.839,50;1.348,25;-259,50
06.09.2025 14:15;06.09.2025 14:30;11.399,50;12.775,25;1.375,75;-151,25
06.09.2025 14:30;06.09.2025 14:45;11.255,25;12.592,75;1.337,50;-142,50
06.09.2025 14:45;06.09.2025 15:00;11.011,00;12.321,00;1.310,00;-198,25
06.09.2025 15:00;06.09.2025 15:15;11.150,50;12.460,25;1.309,75;353,75
06.09.2025 15:15;06.09.2025 15:30;11.109,50;12.321,75;1.212,25;584,50
06.09.2025 15:30;06.09.2025 15:45;10.954,50;12.060,00;1.105,50;815,75
06.09.2025 15:45;06.09.2025 16:00;11.020,00;12.009,75;989,75;1.355,00
06.09.2025 16:00;06.09.2025 16:15;11.172,50;12.132,00;959,50;2.010,50
06.09.2025 16:15;06.09.2025 16:30;11.110,00;12.088,50;978,50;2.414,75
06.09.2025 16:30;06.09.2025 16:45;11.086,75;11.978,00;891,25;2.902,00
06.09.2025 16:45;06.09.2025 17:00;11.118,00;11.767,75;649,75;3.616,00
06.09.2025 17:00;06.09.2025 17:15;11.427,25;11.893,25;466,00;4.721,25
06.09.2025 17:15;06.09.2025 17:30;11.474,00;11.863,75;389,75;5.504,50
06.09.2025 17:30;06.09.2025 17:45;11.503,75;11.640,50;136,75;6.323,25
06.09.2025 17:45;06.09.2025 18:00;11.629,50;11.680,00;50,50;7.233,25
06.09.2025 18:00;06.09.2025 18:15;11.880,75;12.027,50;146,75;8.223,00
06.09.2025 18:15;06.09.2025 18:30;11.806,00;11.846,25;40,25;8.856,25
06.09.2025 18:30;06.09.2025 18:45;11.818,50;11.820,00;1,50;9.518,50
06.09.2025 18:45;06.09.2025 19:00;11.681,25;11.682,50;1,25;9.924,25
06.09.2025 19:00;06.09.2025 19:15;11.821,25;11.822,50;1,25;10.466,00
06.09.2025 19:15;06.09.2025 19:30;11.781,50;11.783,00;1,50;10.650,25
06.09.2025 19:30;06.09.2025 19:45;11.785,25;11.786,75;1,50;10.722,75
06.09.2025 19:45;06.09.2025 20:00;11.680,75;11.682,25;1,50;10.569,50
06.09.2025 20:00;06.09.2025 20:15;11.720,50;11.721,75;1,25;10.583,75
06.09.2025 20:15;06.09.2025 20:30;11.791,50;11.792,75;1,25;10.468,25
06.09.2025 20:30;06.09.2025 20:45;11.714,00;11.715,25;1,25;10.134,75
06.09.2025 20:45;06.09.2025 21:00;11.488,50;11.519,75;31,25;9.631,75
06.09.2025 21:00;06.09.2025 21:15;11.311,50;11.356,50;45,00;9.182,25
06.09.2025 21:15;06.09.2025 21:30;11.191,25;11.245,75;54,50;8.792,00
06.09.2025 21:30;06.09.2025 21:45;10.990,00;11.087,00;97,00;8.337,00
06.09.2025 21:45;06.09.2025 22:00;10.962,50;11.050,50;88,00;8.082,75
06.09.2025 22:00;06.09.2025 22:15;10.848,50;10.903,75;55,25;7.811,25
06.09.2025 22:15;06.09.2025 22:30;10.696,00;10.750,75;54,75;7.469,25
06.09.2025 22:30;06.09.2025 22:45;10.482,50;10.537,25;54,75;7.102,75
06.09.2025 22:45;06.09.2025 23:00;10.383,25;10.438,00;54,75;6.863,75
06.09.2025 23:00;06.09.2025 23:15;10.261,00;10.347,00;86,00;6.624,50
06.09.2025 23:15;06.09.2025 23:30;9.973,75;10.070,50;96,75;6.225,75
06.09.2025 23:30;06.09.2025 23:45;9.897,25;10.012,00;114,75;6.099,75
06.09.2025 23:45;07.09.2025 00:00;9.754,00;9.891,75;137,75;5.892,00
07.09.2025 00:00;07.09.2025 00:15;9.478,25;9.578,00;99,75;5.552,50
07.09.2025 00:15;07.09.2025 00:30;9.333,25;9.431,75;98,50;5.346,00
07.09.2025 00:30;07.09.2025 00:45;9.326,00;9.419,50;93,50;5.374,00
07.09.2025 00:45;07.09.2025 01:00;9.269,25;9.337,50;68,25;5.357,00
07.09.2025 01:00;07.09.2025 01:15;9.187,75;9.238,25;50,50;5.267,00
07.09.2025 01:15;07.09.2025 01:30;9.175,75;9.207,50;31,75;5.153,75
07.09.2025 01:30;07.09.2025 01:45;9.138,00;9.202,75;64,75;5.102,50
07.09.2025 01:45;07.09.2025 02:00;9.055,50;9.191,75;136,25;5.041,25
07.09.2025 02:00;07.09.2025 02:15;8.937,25;9.044,25;107,00;4.949,50
07.09.2025 02:15;07.09.2025 02:30;8.925,75;9.044,25;118,50;4.924,25
07.09.2025 02:30;07.09.2025 02:45;8.861,00;8.991,75;130,75;4.858,50
07.09.2025 02:45;07.09.2025 03:00;8.784,00;8.952,25;168,25;4.800,00
07.09.2025 03:00;07.09.2025 03:15;8.815,75;8.997,75;182,00;4.855,75
07.09.2025 03:15;07.09.2025 03:30;8.768,75;8.972,00;203,25;4.763,75
07.09.2025 03:30;07.09.2025 03:45;8.806,50;8.990,50;184,00;4.785,75
07.09.2025 03:45;07.09.2025 04:00;8.765,00;8.977,75;212,75;4.737,00
07.09.2025 04:00;07.09.2025 04:15;8.788,00;8.952,00;164,00;4.830,50
07.09.2025 04:15;07.09.2025 04:30;8.790,25;8.958,50;168,25;4.864,50
07.09.2025 04:30;07.09.2025 04:45;8.732,75;8.901,25;168,50;4.792,25
07.09.2025 04:45;07.09.2025 05:00;8.777,00;8.933,50;156,50;4.769,50
07.09.2025 05:00;07.09.2025 05:15;8.819,00;8.950,75;131,75;4.782,00
07.09.2025 05:15;07.09.2025 05:30;8.808,25;8.944,75;136,50;4.738,75
07.09.2025 05:30;07.09.2025 05:45;8.884,25;9.012,75;128,50;4.778,00
07.09.2025 05:45;07.09.2025 06:00;8.835,75;8.956,75;121,00;4.655,25
07.09.2025 06:00;07.09.2025 06:15;8.970,00;9.066,50;96,50;4.693,25
07.09.2025 06:15;07.09.2025 06:30;8.966,50;9.029,25;62,75;4.710,25
07.09.2025 06:30;07.09.2025 06:45;8.992,00;9.096,75;104,75;4.718,25
07.09.2025 06:45;07.09.2025 07:00;9.003,75;9.098,25;94,50;4.546,00
07.09.2025 07:00;07.09.2025 07:15;9.171,25;9.359,50;188,25;4.415,00
07.09.2025 07:15;07.09.2025 07:30;9.364,75;9.563,75;199,00;4.327,00
07.09.2025 07:30;07.09.2025 07:45;9.573,50;9.931,75;358,25;4.109,50
07.09.2025 07:45;07.09.2025 08:00;9.841,00;10.384,00;543,00;3.828,00
07.09.2025 08:00;07.09.2025 08:15;9.993,75;10.511,75;518,00;3.355,25
07.09.2025 08:15;07.09.2025 08:30;10.394,75;11.121,50;726,75;3.224,75
07.09.2025 08:30;07.09.2025 08:45;10.703,50;11.590,75;887,25;3.081,75
07.09.2025 08:45;07.09.2025 09:00;10.850,25;11.781,50;931,25;2.864,50
07.09.2025 09:00;07.09.2025 09:15;11.154,00;11.802,50;648,50;2.610,50
07.09.2025 09:15;07.09.2025 09:30;11.326,50;12.154,75;828,25;2.385,50
07.09.2025 09:30;07.09.2025 09:45;11.536,75;12.490,50;953,75;2.202,00
07.09.2025 09:45;07.09.2025 10:00;11.628,50;12.653,50;1.025,00;2.040,50
07.09.2025 10:00;07.09.2025 10:15;11.521,75;12.309,50;787,75;1.093,75
07.09.2025 10:15;07.09.2025 10:30;11.580,00;12.510,25;930,25;646,75
07.09.2025 10:30;07.09.2025 10:45;11.720,25;12.764,25;1.044,00;547,00
07.09.2025 10:45;07.09.2025 11:00;11.799,00;12.879,25;1.080,25;474,75
07.09.2025 11:00;07.09.2025 11:15;11.659,25;12.780,25;1.121,00;-153,25
07.09.2025 11:15;07.09.2025 11:30;11.681,50;12.817,25;1.135,75;-248,25
07.09.2025 11:30;07.09.2025 11:45;11.671,75;12.868,75;1.197,00;-163,50
07.09.2025 11:45;07.09.2025 12:00;11.706,25;12.958,00;1.251,75;-416,00
07.09.2025 12:00;07.09.2025 12:15;11.537,00;12.742,75;1.205,75;-604,25
07.09.2025 12:15;07.09.2025 12:30;11.435,75;12.738,75;1.303,00;-659,00
07.09.2025 12:30;07.09.2025 12:45;11.320,75;12.594,75;1.274,00;-677,00
07.09.2025 12:45;07.09.2025 13:00;11.325,50;12.603,75;1.278,25;-650,25
07.09.2025 13:00;07.09.2025 13:15;10.996,75;12.275,25;1.278,50;-819,50
07.09.2025 13:15;07.09.2025 13:30;10.901,50;12.200,50;1.299,00;-752,25
07.09.2025 13:30;07.09.2025 13:45;10.871,00;12.156,75;1.285,75;-640,75
07.09.2025 13:45;07.09.2025 14:00;10.758,25;12.044,50;1.286,25;-646,00
07.09.2025 14:00;07.09.2025 14:15;10.689,25;11.994,25;1.305,00;-627,00
07.09.2025 14:15;07.09.2025 14:30;10.610,50;11.911,50;1.301,00;-551,50
07.09.2025 14:30;07.09.2025 14:45;10.534,75;11.824,50;1.289,75;-605,75
07.09.2025 14:45;07.09.2025 15:00;10.373,75;11.711,25;1.337,50;-635,00
07.09.2025 15:00;07.09.2025 15:15;10.554,50;11.859,75;1.305,25;-497,75
07.09.2025 15:15;07.09.2025 15:30;10.427,50;11.718,25;1.290,75;-626,00
07.09.2025 15:30;07.09.2025 15:45;10.417,75;11.693,25;1.275,50;-665,25
07.09.2025 15:45;07.09.2025 16:00;10.402,00;11.630,75;1.228,75;-529,50
07.09.2025 16:00;07.09.2025 16:15;10.583,00;11.863,00;1.280,00;-15,50
07.09.2025 16:15;07.09.2025 16:30;10.623,50;11.863,25;1.239,75;-131,25
07.09.2025 16:30;07.09.2025 16:45;10.597,00;11.627,75;1.030,75;14,50
07.09.2025 16:45;07.09.2025 17:00;10.562,00;11.480,75;918,75;425,75
07.09.2025 17:00;07.09.2025 17:15;10.961,25;11.950,25;989,00;869,25
07.09.2025 17:15;07.09.2025 17:30;10.869,25;11.841,25;972,00;1.103,75
07.09.2025 17:30;07.09.2025 17:45;10.872,25;11.618,75;746,50;1.680,75
07.09.2025 17:45;07.09.2025 18:00;11.004,00;11.448,25;444,25;2.580,75
07.09.2025 18:00;07.09.2025 18:15;11.311,00;11.712,75;401,75;3.499,00
07.09.2025 18:15;07.09.2025 18:30;11.413,00;11.602,00;189,00;4.305,75
07.09.2025 18:30;07.09.2025 18:45;11.514,50;11.616,00;101,50;5.018,50
07.09.2025 18:45;07.09.2025 19:00;11.543,50;11.550,25;6,75;5.666,50
07.09.2025 19:00;07.09.2025 19:15;11.660,00;11.663,75;3,75;6.261,00
07.09.2025 19:15;07.09.2025 19:30;11.611,75;11.613,00;1,25;6.395,25
07.09.2025 19:30;07.09.2025 19:45;11.561,25;11.562,50;1,25;6.289,25
07.09.2025 19:45;07.09.2025 20:00;11.578,00;11.578,75;0,75;6.035,25
07.09.2025 20:00;07.09.2025 20:15;11.718,25;11.719,00;0,75;5.945,75
07.09.2025 20:15;07.09.2025 20:30;11.815,75;11.845,00;29,25;5.744,50
07.09.2025 20:30;07.09.2025 20:45;11.835,25;11.860,50;25,25;5.501,75
07.09.2025 20:45;07.09.2025 21:00;11.812,25;11.873,25;61,00;5.293,75
07.09.2025 21:00;07.09.2025 21:15;11.533,00;11.571,00;38,00;4.983,00
07.09.2025 21:15;07.09.2025 21:30;11.422,50;11.469,25;46,75;4.745,25
07.09.2025 21:30;07.09.2025 21:45;11.368,25;11.493,75;125,50;4.593,25
07.09.2025 21:45;07.09.2025 22:00;11.410,25;11.541,25;131,00;4.554,50
07.09.2025 22:00;07.09.2025 22:15;11.352,00;11.467,25;115,25;4.662,50
07.09.2025 22:15;07.09.2025 22:30;11.243,00;11.444,25;201,25;4.605,50
07.09.2025 22:30;07.09.2025 22:45;11.047,75;11.245,00;197,25;4.510,25
07.09.2025 22:45;07.09.2025 23:00;10.893,75;11.199,50;305,75;4.462,50
07.09.2025 23:00;07.09.2025 23:15;10.572,75;10.801,00;228,25;4.179,25
07.09.2025 23:15;07.09.2025 23:30;10.545,50;10.820,00;274,50;4.255,75
07.09.2025 23:30;07.09.2025 23:45;10.440,50;10.722,00;281,50;4.249,75
07.09.2025 23:45;08.09.2025 00:00;10.342,50;10.720,50;378,00;4.236,75
